Fitter report for BP
Mon Jan 12 12:04:51 2026
Quartus Prime Version 17.1.0 Build 590 10/25/2017 SJ Lite Edition


---------------------
; Table of Contents ;
---------------------
  1. Legal Notice
  2. Fitter Summary
  3. Fitter Settings
  4. Parallel Compilation
  5. Ignored Assignments
  6. Incremental Compilation Preservation Summary
  7. Incremental Compilation Partition Settings
  8. Incremental Compilation Placement Preservation
  9. Pin-Out File
 10. Fitter Resource Usage Summary
 11. Fitter Partition Statistics
 12. Input Pins
 13. Output Pins
 14. Bidir Pins
 15. Dual Purpose and Dedicated Pins
 16. I/O Bank Usage
 17. All Package Pins
 18. PLL Summary
 19. PLL Usage
 20. I/O Assignment Warnings
 21. Fitter Resource Utilization by Entity
 22. Delay Chain Summary
 23. Pad To Core Delay Chain Fanout
 24. Control Signals
 25. Global & Other Fast Signals
 26. Non-Global High Fan-Out Signals
 27. Routing Usage Summary
 28. LAB Logic Elements
 29. LAB-wide Signals
 30. LAB Signals Sourced
 31. LAB Signals Sourced Out
 32. LAB Distinct Inputs
 33. I/O Rules Summary
 34. I/O Rules Details
 35. I/O Rules Matrix
 36. Fitter Device Options
 37. Operating Settings and Conditions
 38. Estimated Delay Added for Hold Timing Summary
 39. Estimated Delay Added for Hold Timing Details
 40. Fitter Messages
 41. Fitter Suppressed Messages



----------------
; Legal Notice ;
----------------
Copyright (C) 2017  Intel Corporation. All rights reserved.
Your use of Intel Corporation's design tools, logic functions 
and other software and tools, and its AMPP partner logic 
functions, and any output files from any of the foregoing 
(including device programming or simulation files), and any 
associated documentation or information are expressly subject 
to the terms and conditions of the Intel Program License 
Subscription Agreement, the Intel Quartus Prime License Agreement,
the Intel FPGA IP License Agreement, or other applicable license
agreement, including, without limitation, that your use is for
the sole purpose of programming logic devices manufactured by
Intel and sold by Intel or its authorized distributors.  Please
refer to the applicable agreement for further details.



+----------------------------------------------------------------------------------+
; Fitter Summary                                                                   ;
+------------------------------------+---------------------------------------------+
; Fitter Status                      ; Successful - Mon Jan 12 12:04:51 2026       ;
; Quartus Prime Version              ; 17.1.0 Build 590 10/25/2017 SJ Lite Edition ;
; Revision Name                      ; BP                                          ;
; Top-level Entity Name              ; BP                                          ;
; Family                             ; MAX 10                                      ;
; Device                             ; 10M50DAF484C6GES                            ;
; Timing Models                      ; Preliminary                                 ;
; Total logic elements               ; 5,058 / 49,760 ( 10 % )                     ;
;     Total combinational functions  ; 4,271 / 49,760 ( 9 % )                      ;
;     Dedicated logic registers      ; 3,420 / 49,760 ( 7 % )                      ;
; Total registers                    ; 3420                                        ;
; Total pins                         ; 18 / 360 ( 5 % )                            ;
; Total virtual pins                 ; 0                                           ;
; Total memory bits                  ; 0 / 1,677,312 ( 0 % )                       ;
; Embedded Multiplier 9-bit elements ; 0 / 288 ( 0 % )                             ;
; Total PLLs                         ; 2 / 4 ( 50 % )                              ;
; UFM blocks                         ; 0 / 1 ( 0 % )                               ;
; ADC blocks                         ; 0 / 2 ( 0 % )                               ;
+------------------------------------+---------------------------------------------+


+------------------------------------------------------------------------------------------------------------------------------------------------------------+
; Fitter Settings                                                                                                                                            ;
+----------------------------------------------------------------------------+---------------------------------------+---------------------------------------+
; Option                                                                     ; Setting                               ; Default Value                         ;
+----------------------------------------------------------------------------+---------------------------------------+---------------------------------------+
; Device                                                                     ; 10M50DAF484C6GES                      ;                                       ;
; Minimum Core Junction Temperature                                          ; 0                                     ;                                       ;
; Maximum Core Junction Temperature                                          ; 85                                    ;                                       ;
; Fit Attempts to Skip                                                       ; 0                                     ; 0.0                                   ;
; Use smart compilation                                                      ; Off                                   ; Off                                   ;
; Enable parallel Assembler and TimeQuest Timing Analyzer during compilation ; On                                    ; On                                    ;
; Enable compact report table                                                ; Off                                   ; Off                                   ;
; Auto Merge PLLs                                                            ; On                                    ; On                                    ;
; Router Timing Optimization Level                                           ; Normal                                ; Normal                                ;
; Perform Clocking Topology Analysis During Routing                          ; Off                                   ; Off                                   ;
; Placement Effort Multiplier                                                ; 1.0                                   ; 1.0                                   ;
; Router Effort Multiplier                                                   ; 1.0                                   ; 1.0                                   ;
; Optimize Hold Timing                                                       ; All Paths                             ; All Paths                             ;
; Optimize Multi-Corner Timing                                               ; On                                    ; On                                    ;
; Power Optimization During Fitting                                          ; Normal compilation                    ; Normal compilation                    ;
; SSN Optimization                                                           ; Off                                   ; Off                                   ;
; Optimize Timing                                                            ; Normal compilation                    ; Normal compilation                    ;
; Optimize Timing for ECOs                                                   ; Off                                   ; Off                                   ;
; Regenerate Full Fit Report During ECO Compiles                             ; Off                                   ; Off                                   ;
; Optimize IOC Register Placement for Timing                                 ; Normal                                ; Normal                                ;
; Final Placement Optimizations                                              ; Automatically                         ; Automatically                         ;
; Fitter Initial Placement Seed                                              ; 1                                     ; 1                                     ;
; Periphery to Core Placement and Routing Optimization                       ; Off                                   ; Off                                   ;
; PCI I/O                                                                    ; Off                                   ; Off                                   ;
; Weak Pull-Up Resistor                                                      ; Off                                   ; Off                                   ;
; Enable Bus-Hold Circuitry                                                  ; Off                                   ; Off                                   ;
; Auto Packed Registers                                                      ; Auto                                  ; Auto                                  ;
; Auto Delay Chains                                                          ; On                                    ; On                                    ;
; Auto Delay Chains for High Fanout Input Pins                               ; Off                                   ; Off                                   ;
; Allow Single-ended Buffer for Differential-XSTL Input                      ; Off                                   ; Off                                   ;
; Treat Bidirectional Pin as Output Pin                                      ; Off                                   ; Off                                   ;
; Perform Physical Synthesis for Combinational Logic for Fitting             ; Off                                   ; Off                                   ;
; Perform Physical Synthesis for Combinational Logic for Performance         ; Off                                   ; Off                                   ;
; Perform Register Duplication for Performance                               ; Off                                   ; Off                                   ;
; Perform Logic to Memory Mapping for Fitting                                ; Off                                   ; Off                                   ;
; Perform Register Retiming for Performance                                  ; Off                                   ; Off                                   ;
; Perform Asynchronous Signal Pipelining                                     ; Off                                   ; Off                                   ;
; Fitter Effort                                                              ; Auto Fit                              ; Auto Fit                              ;
; Physical Synthesis Effort Level                                            ; Normal                                ; Normal                                ;
; Logic Cell Insertion - Logic Duplication                                   ; Auto                                  ; Auto                                  ;
; Auto Register Duplication                                                  ; Auto                                  ; Auto                                  ;
; Auto Global Clock                                                          ; On                                    ; On                                    ;
; Auto Global Register Control Signals                                       ; On                                    ; On                                    ;
; Reserve all unused pins                                                    ; As input tri-stated with weak pull-up ; As input tri-stated with weak pull-up ;
; Synchronizer Identification                                                ; Auto                                  ; Auto                                  ;
; Enable Beneficial Skew Optimization                                        ; On                                    ; On                                    ;
; Optimize Design for Metastability                                          ; On                                    ; On                                    ;
; Force Fitter to Avoid Periphery Placement Warnings                         ; Off                                   ; Off                                   ;
; Enable input tri-state on active configuration pins in user mode           ; Off                                   ; Off                                   ;
+----------------------------------------------------------------------------+---------------------------------------+---------------------------------------+


+------------------------------------------+
; Parallel Compilation                     ;
+----------------------------+-------------+
; Processors                 ; Number      ;
+----------------------------+-------------+
; Number detected on machine ; 16          ;
; Maximum allowed            ; 16          ;
;                            ;             ;
; Average used               ; 1.74        ;
; Maximum used               ; 16          ;
;                            ;             ;
; Usage by Processor         ; % Time Used ;
;     Processor 1            ; 100.0%      ;
;     Processor 2            ;   5.7%      ;
;     Processor 3            ;   5.5%      ;
;     Processor 4            ;   5.4%      ;
;     Processor 5            ;   5.3%      ;
;     Processor 6            ;   5.2%      ;
;     Processor 7            ;   5.1%      ;
;     Processor 8            ;   5.0%      ;
;     Processors 9-16        ;   4.6%      ;
+----------------------------+-------------+


+--------------------------------------------------------------------------------------------+
; Ignored Assignments                                                                        ;
+--------------+----------------+--------------+------------+---------------+----------------+
; Name         ; Ignored Entity ; Ignored From ; Ignored To ; Ignored Value ; Ignored Source ;
+--------------+----------------+--------------+------------+---------------+----------------+
; I/O Standard ; BP             ;              ; B          ; 3.3-V LVTTL   ; QSF Assignment ;
; I/O Standard ; BP             ;              ; G          ; 3.3-V LVTTL   ; QSF Assignment ;
; I/O Standard ; BP             ;              ; R          ; 3.3-V LVTTL   ; QSF Assignment ;
+--------------+----------------+--------------+------------+---------------+----------------+


+---------------------------------------------------------------------------------------------------+
; Incremental Compilation Preservation Summary                                                      ;
+---------------------+---------------------+----------------------------+--------------------------+
; Type                ; Total [A + B]       ; From Design Partitions [A] ; From Rapid Recompile [B] ;
+---------------------+---------------------+----------------------------+--------------------------+
; Placement (by node) ;                     ;                            ;                          ;
;     -- Requested    ; 0.00 % ( 0 / 7753 ) ; 0.00 % ( 0 / 7753 )        ; 0.00 % ( 0 / 7753 )      ;
;     -- Achieved     ; 0.00 % ( 0 / 7753 ) ; 0.00 % ( 0 / 7753 )        ; 0.00 % ( 0 / 7753 )      ;
;                     ;                     ;                            ;                          ;
; Routing (by net)    ;                     ;                            ;                          ;
;     -- Requested    ; 0.00 % ( 0 / 0 )    ; 0.00 % ( 0 / 0 )           ; 0.00 % ( 0 / 0 )         ;
;     -- Achieved     ; 0.00 % ( 0 / 0 )    ; 0.00 % ( 0 / 0 )           ; 0.00 % ( 0 / 0 )         ;
+---------------------+---------------------+----------------------------+--------------------------+


+----------------------------------------------------------------------------------------------------------------------------------------------------------------------------------------+
; Incremental Compilation Partition Settings                                                                                                                                             ;
+--------------------------------+----------------+-------------------+-------------------------+------------------------+------------------------------+--------------------------------+
; Partition Name                 ; Partition Type ; Netlist Type Used ; Preservation Level Used ; Netlist Type Requested ; Preservation Level Requested ; Contents                       ;
+--------------------------------+----------------+-------------------+-------------------------+------------------------+------------------------------+--------------------------------+
; Top                            ; User-created   ; Source File       ; N/A                     ; Source File            ; N/A                          ;                                ;
; hard_block:auto_generated_inst ; Auto-generated ; Source File       ; N/A                     ; Source File            ; N/A                          ; hard_block:auto_generated_inst ;
+--------------------------------+----------------+-------------------+-------------------------+------------------------+------------------------------+--------------------------------+


+------------------------------------------------------------------------------------------------------------------------------------+
; Incremental Compilation Placement Preservation                                                                                     ;
+--------------------------------+-----------------------+-------------------------+-------------------+---------------------+-------+
; Partition Name                 ; Preservation Achieved ; Preservation Level Used ; Netlist Type Used ; Preservation Method ; Notes ;
+--------------------------------+-----------------------+-------------------------+-------------------+---------------------+-------+
; Top                            ; 0.00 % ( 0 / 7733 )   ; N/A                     ; Source File       ; N/A                 ;       ;
; hard_block:auto_generated_inst ; 0.00 % ( 0 / 20 )     ; N/A                     ; Source File       ; N/A                 ;       ;
+--------------------------------+-----------------------+-------------------------+-------------------+---------------------+-------+


+--------------+
; Pin-Out File ;
+--------------+
The pin-out file can be found in C:/cvut/Bakalarka/Quartus_Projekt_BP/output_files/BP.pin.


+-----------------------------------------------------------------------+
; Fitter Resource Usage Summary                                         ;
+---------------------------------------------+-------------------------+
; Resource                                    ; Usage                   ;
+---------------------------------------------+-------------------------+
; Total logic elements                        ; 5,058 / 49,760 ( 10 % ) ;
;     -- Combinational with no register       ; 1638                    ;
;     -- Register only                        ; 787                     ;
;     -- Combinational with a register        ; 2633                    ;
;                                             ;                         ;
; Logic element usage by number of LUT inputs ;                         ;
;     -- 4 input functions                    ; 2858                    ;
;     -- 3 input functions                    ; 355                     ;
;     -- <=2 input functions                  ; 1058                    ;
;     -- Register only                        ; 787                     ;
;                                             ;                         ;
; Logic elements by mode                      ;                         ;
;     -- normal mode                          ; 3878                    ;
;     -- arithmetic mode                      ; 393                     ;
;                                             ;                         ;
; Total registers*                            ; 3,420 / 51,509 ( 7 % )  ;
;     -- Dedicated logic registers            ; 3,420 / 49,760 ( 7 % )  ;
;     -- I/O registers                        ; 0 / 1,749 ( 0 % )       ;
;                                             ;                         ;
; Total LABs:  partially or completely used   ; 397 / 3,110 ( 13 % )    ;
; Virtual pins                                ; 0                       ;
; I/O pins                                    ; 18 / 360 ( 5 % )        ;
;     -- Clock pins                           ; 2 / 8 ( 25 % )          ;
;     -- Dedicated input pins                 ; 1 / 1 ( 100 % )         ;
;                                             ;                         ;
; M9Ks                                        ; 0 / 182 ( 0 % )         ;
; UFM blocks                                  ; 0 / 1 ( 0 % )           ;
; ADC blocks                                  ; 0 / 2 ( 0 % )           ;
; Total block memory bits                     ; 0 / 1,677,312 ( 0 % )   ;
; Total block memory implementation bits      ; 0 / 1,677,312 ( 0 % )   ;
; Embedded Multiplier 9-bit elements          ; 0 / 288 ( 0 % )         ;
; PLLs                                        ; 2 / 4 ( 50 % )          ;
; Global signals                              ; 3                       ;
;     -- Global clocks                        ; 3 / 20 ( 15 % )         ;
; JTAGs                                       ; 0 / 1 ( 0 % )           ;
; CRC blocks                                  ; 0 / 1 ( 0 % )           ;
; Remote update blocks                        ; 0 / 1 ( 0 % )           ;
; Oscillator blocks                           ; 0 / 1 ( 0 % )           ;
; Impedance control blocks                    ; 0 / 1 ( 0 % )           ;
; Average interconnect usage (total/H/V)      ; 2.6% / 2.3% / 3.1%      ;
; Peak interconnect usage (total/H/V)         ; 24.7% / 21.6% / 29.1%   ;
; Maximum fan-out                             ; 3183                    ;
; Highest non-global fan-out                  ; 527                     ;
; Total fan-out                               ; 25514                   ;
; Average fan-out                             ; 2.99                    ;
+---------------------------------------------+-------------------------+
*  Register count does not include registers inside RAM blocks or DSP blocks.



+------------------------------------------------------------------------------------------------------+
; Fitter Partition Statistics                                                                          ;
+---------------------------------------------+-----------------------+--------------------------------+
; Statistic                                   ; Top                   ; hard_block:auto_generated_inst ;
+---------------------------------------------+-----------------------+--------------------------------+
; Difficulty Clustering Region                ; Low                   ; Low                            ;
;                                             ;                       ;                                ;
; Total logic elements                        ; 5058 / 49760 ( 10 % ) ; 0 / 49760 ( 0 % )              ;
;     -- Combinational with no register       ; 1638                  ; 0                              ;
;     -- Register only                        ; 787                   ; 0                              ;
;     -- Combinational with a register        ; 2633                  ; 0                              ;
;                                             ;                       ;                                ;
; Logic element usage by number of LUT inputs ;                       ;                                ;
;     -- 4 input functions                    ; 2858                  ; 0                              ;
;     -- 3 input functions                    ; 355                   ; 0                              ;
;     -- <=2 input functions                  ; 1058                  ; 0                              ;
;     -- Register only                        ; 787                   ; 0                              ;
;                                             ;                       ;                                ;
; Logic elements by mode                      ;                       ;                                ;
;     -- normal mode                          ; 3878                  ; 0                              ;
;     -- arithmetic mode                      ; 393                   ; 0                              ;
;                                             ;                       ;                                ;
; Total registers                             ; 3420                  ; 0                              ;
;     -- Dedicated logic registers            ; 3420 / 49760 ( 7 % )  ; 0 / 49760 ( 0 % )              ;
;     -- I/O registers                        ; 0                     ; 0                              ;
;                                             ;                       ;                                ;
; Total LABs:  partially or completely used   ; 397 / 3110 ( 13 % )   ; 0 / 3110 ( 0 % )               ;
;                                             ;                       ;                                ;
; Virtual pins                                ; 0                     ; 0                              ;
; I/O pins                                    ; 18                    ; 0                              ;
; Embedded Multiplier 9-bit elements          ; 0 / 288 ( 0 % )       ; 0 / 288 ( 0 % )                ;
; Total memory bits                           ; 0                     ; 0                              ;
; Total RAM block bits                        ; 0                     ; 0                              ;
; PLL                                         ; 0 / 4 ( 0 % )         ; 2 / 4 ( 50 % )                 ;
; Clock control block                         ; 1 / 24 ( 4 % )        ; 2 / 24 ( 8 % )                 ;
; User Flash Memory                           ; 1 / 1 ( 100 % )       ; 0 / 1 ( 0 % )                  ;
; Analog-to-Digital Converter                 ; 2 / 2 ( 100 % )       ; 0 / 2 ( 0 % )                  ;
;                                             ;                       ;                                ;
; Connections                                 ;                       ;                                ;
;     -- Input Connections                    ; 3390                  ; 2                              ;
;     -- Registered Input Connections         ; 3388                  ; 0                              ;
;     -- Output Connections                   ; 4                     ; 3388                           ;
;     -- Registered Output Connections        ; 0                     ; 0                              ;
;                                             ;                       ;                                ;
; Internal Connections                        ;                       ;                                ;
;     -- Total Connections                    ; 25516                 ; 3402                           ;
;     -- Registered Connections               ; 9095                  ; 0                              ;
;                                             ;                       ;                                ;
; External Connections                        ;                       ;                                ;
;     -- Top                                  ; 4                     ; 3390                           ;
;     -- hard_block:auto_generated_inst       ; 3390                  ; 0                              ;
;                                             ;                       ;                                ;
; Partition Interface                         ;                       ;                                ;
;     -- Input Ports                          ; 2                     ; 2                              ;
;     -- Output Ports                         ; 14                    ; 2                              ;
;     -- Bidir Ports                          ; 2                     ; 0                              ;
;                                             ;                       ;                                ;
; Registered Ports                            ;                       ;                                ;
;     -- Registered Input Ports               ; 0                     ; 0                              ;
;     -- Registered Output Ports              ; 0                     ; 0                              ;
;                                             ;                       ;                                ;
; Port Connectivity                           ;                       ;                                ;
;     -- Input Ports driven by GND            ; 0                     ; 0                              ;
;     -- Output Ports driven by GND           ; 0                     ; 0                              ;
;     -- Input Ports driven by VCC            ; 0                     ; 0                              ;
;     -- Output Ports driven by VCC           ; 0                     ; 0                              ;
;     -- Input Ports with no Source           ; 0                     ; 0                              ;
;     -- Output Ports with no Source          ; 0                     ; 0                              ;
;     -- Input Ports with no Fanout           ; 0                     ; 1                              ;
;     -- Output Ports with no Fanout          ; 0                     ; 0                              ;
+---------------------------------------------+-----------------------+--------------------------------+


+----------------------------------------------------------------------------------------------------------------------------------------------------------------------------------------------------------------------------------------------------------------------------------------+
; Input Pins                                                                                                                                                                                                                                                                             ;
+-------+-------+----------+--------------+--------------+--------------+-----------------------+--------------------+--------+----------------+---------------+-----------------+----------+--------------+--------------+---------------------------+----------------------+-----------+
; Name  ; Pin # ; I/O Bank ; X coordinate ; Y coordinate ; Z coordinate ; Combinational Fan-Out ; Registered Fan-Out ; Global ; Input Register ; Power Up High ; PCI I/O Enabled ; Bus Hold ; Weak Pull Up ; I/O Standard ; Termination Control Block ; Location assigned by ; Slew Rate ;
+-------+-------+----------+--------------+--------------+--------------+-----------------------+--------------------+--------+----------------+---------------+-----------------+----------+--------------+--------------+---------------------------+----------------------+-----------+
; clock ; P11   ; 3        ; 34           ; 0            ; 28           ; 2                     ; 0                  ; no     ; no             ; no            ; yes             ; no       ; Off          ; 3.3-V LVTTL  ; --                        ; User                 ; 0         ;
; reset ; B8    ; 7        ; 46           ; 54           ; 28           ; 358                   ; 0                  ; no     ; no             ; no            ; yes             ; no       ; Off          ; 3.3-V LVTTL  ; --                        ; User                 ; 0         ;
+-------+-------+----------+--------------+--------------+--------------+-----------------------+--------------------+--------+----------------+---------------+-----------------+----------+--------------+--------------+---------------------------+----------------------+-----------+


+----------------------------------------------------------------------------------------------------------------------------------------------------------------------------------------------------------------------------------------------------------------------------------------------------------------------------------------------------------------------------------------------------------------------------------+
; Output Pins                                                                                                                                                                                                                                                                                                                                                                                                                      ;
+-------+-------+----------+--------------+--------------+--------------+-----------------+------------------------+---------------+-----------+-----------------+------------+---------------+----------+--------------+--------------+------------------+-------------+---------------------------+----------------------------+-----------------------------+----------------------+----------------------+---------------------+
; Name  ; Pin # ; I/O Bank ; X coordinate ; Y coordinate ; Z coordinate ; Output Register ; Output Enable Register ; Power Up High ; Slew Rate ; PCI I/O Enabled ; Open Drain ; TRI Primitive ; Bus Hold ; Weak Pull Up ; I/O Standard ; Current Strength ; Termination ; Termination Control Block ; Output Buffer Pre-emphasis ; Voltage Output Differential ; Location assigned by ; Output Enable Source ; Output Enable Group ;
+-------+-------+----------+--------------+--------------+--------------+-----------------+------------------------+---------------+-----------+-----------------+------------+---------------+----------+--------------+--------------+------------------+-------------+---------------------------+----------------------------+-----------------------------+----------------------+----------------------+---------------------+
; B[0]  ; P1    ; 2        ; 0            ; 13           ; 0            ; no              ; no                     ; no            ; 2         ; no              ; no         ; no            ; no       ; Off          ; 3.3-V LVTTL  ; 8mA              ; Off         ; --                        ; no                         ; no                          ; User                 ; -                    ; -                   ;
; B[1]  ; T1    ; 2        ; 0            ; 15           ; 0            ; no              ; no                     ; no            ; 2         ; no              ; no         ; no            ; no       ; Off          ; 3.3-V LVTTL  ; 8mA              ; Off         ; --                        ; no                         ; no                          ; User                 ; -                    ; -                   ;
; B[2]  ; P4    ; 2        ; 0            ; 23           ; 0            ; no              ; no                     ; no            ; 2         ; no              ; no         ; no            ; no       ; Off          ; 3.3-V LVTTL  ; 8mA              ; Off         ; --                        ; no                         ; no                          ; User                 ; -                    ; -                   ;
; B[3]  ; N2    ; 2        ; 0            ; 18           ; 7            ; no              ; no                     ; no            ; 2         ; no              ; no         ; no            ; no       ; Off          ; 3.3-V LVTTL  ; 8mA              ; Off         ; --                        ; no                         ; no                          ; User                 ; -                    ; -                   ;
; G[0]  ; W1    ; 2        ; 0            ; 9            ; 0            ; no              ; no                     ; no            ; 2         ; no              ; no         ; no            ; no       ; Off          ; 3.3-V LVTTL  ; 8mA              ; Off         ; --                        ; no                         ; no                          ; User                 ; -                    ; -                   ;
; G[1]  ; T2    ; 2        ; 0            ; 15           ; 7            ; no              ; no                     ; no            ; 2         ; no              ; no         ; no            ; no       ; Off          ; 3.3-V LVTTL  ; 8mA              ; Off         ; --                        ; no                         ; no                          ; User                 ; -                    ; -                   ;
; G[2]  ; R2    ; 2        ; 0            ; 3            ; 7            ; no              ; no                     ; no            ; 2         ; no              ; no         ; no            ; no       ; Off          ; 3.3-V LVTTL  ; 8mA              ; Off         ; --                        ; no                         ; no                          ; User                 ; -                    ; -                   ;
; G[3]  ; R1    ; 2        ; 0            ; 3            ; 0            ; no              ; no                     ; no            ; 2         ; no              ; no         ; no            ; no       ; Off          ; 3.3-V LVTTL  ; 8mA              ; Off         ; --                        ; no                         ; no                          ; User                 ; -                    ; -                   ;
; R[0]  ; AA1   ; 3        ; 18           ; 0            ; 28           ; no              ; no                     ; no            ; 2         ; no              ; no         ; no            ; no       ; Off          ; 3.3-V LVTTL  ; 8mA              ; Off         ; --                        ; no                         ; no                          ; User                 ; -                    ; -                   ;
; R[1]  ; V1    ; 2        ; 0            ; 12           ; 7            ; no              ; no                     ; no            ; 2         ; no              ; no         ; no            ; no       ; Off          ; 3.3-V LVTTL  ; 8mA              ; Off         ; --                        ; no                         ; no                          ; User                 ; -                    ; -                   ;
; R[2]  ; Y2    ; 3        ; 16           ; 0            ; 14           ; no              ; no                     ; no            ; 2         ; no              ; no         ; no            ; no       ; Off          ; 3.3-V LVTTL  ; 8mA              ; Off         ; --                        ; no                         ; no                          ; User                 ; -                    ; -                   ;
; R[3]  ; Y1    ; 3        ; 16           ; 0            ; 21           ; no              ; no                     ; no            ; 2         ; no              ; no         ; no            ; no       ; Off          ; 3.3-V LVTTL  ; 8mA              ; Off         ; --                        ; no                         ; no                          ; User                 ; -                    ; -                   ;
; hsync ; N3    ; 2        ; 0            ; 18           ; 0            ; no              ; no                     ; no            ; 2         ; no              ; no         ; no            ; no       ; Off          ; 3.3-V LVTTL  ; 8mA              ; Off         ; --                        ; no                         ; no                          ; User                 ; -                    ; -                   ;
; vsync ; N1    ; 2        ; 0            ; 13           ; 7            ; no              ; no                     ; no            ; 2         ; no              ; no         ; no            ; no       ; Off          ; 3.3-V LVTTL  ; 8mA              ; Off         ; --                        ; no                         ; no                          ; User                 ; -                    ; -                   ;
+-------+-------+----------+--------------+--------------+--------------+-----------------+------------------------+---------------+-----------+-----------------+------------+---------------+----------+--------------+--------------+------------------+-------------+---------------------------+----------------------------+-----------------------------+----------------------+----------------------+---------------------+


+-------------------------------------------------------------------------------------------------------------------------------------------------------------------------------------------------------------------------------------------------------------------------------------------------------------------------------------------------------------------------------------------------------------------------------------------------------------------------------------------+
; Bidir Pins                                                                                                                                                                                                                                                                                                                                                                                                                                                                                ;
+------------+-------+----------+--------------+--------------+--------------+-----------------------+--------------------+--------+----------------+-----------------+------------------------+---------------+-----------+-----------------+------------+----------+--------------+--------------+------------------+--------------------+---------------------------+----------------------------+----------------------+----------------------+-----------------------------------------+
; Name       ; Pin # ; I/O Bank ; X coordinate ; Y coordinate ; Z coordinate ; Combinational Fan-Out ; Registered Fan-Out ; Global ; Input Register ; Output Register ; Output Enable Register ; Power Up High ; Slew Rate ; PCI I/O Enabled ; Open Drain ; Bus Hold ; Weak Pull Up ; I/O Standard ; Current Strength ; Output Termination ; Termination Control Block ; Output Buffer Pre-emphasis ; Location assigned by ; Output Enable Source ; Output Enable Group                     ;
+------------+-------+----------+--------------+--------------+--------------+-----------------------+--------------------+--------+----------------+-----------------+------------------------+---------------+-----------+-----------------+------------+----------+--------------+--------------+------------------+--------------------+---------------------------+----------------------------+----------------------+----------------------+-----------------------------------------+
; dht11_data ; V10   ; 3        ; 31           ; 0            ; 21           ; 4                     ; 0                  ; no     ; no             ; no              ; no                     ; no            ; 2         ; yes             ; yes        ; no       ; Off          ; 3.3-V LVTTL  ; 8mA              ; Off                ; --                        ; no                         ; User                 ; 0 pF                 ; dht11_controller:dht11_inst|data~en     ;
; ds18_data  ; W10   ; 3        ; 24           ; 0            ; 28           ; 13                    ; 0                  ; no     ; no             ; no              ; no                     ; no            ; 2         ; yes             ; yes        ; no       ; Off          ; 3.3-V LVTTL  ; 8mA              ; Off                ; --                        ; no                         ; User                 ; 0 pF                 ; ds18b20_controller:ds18b20_inst|data~en ;
+------------+-------+----------+--------------+--------------+--------------+-----------------------+--------------------+--------+----------------+-----------------+------------------------+---------------+-----------+-----------------+------------+----------+--------------+--------------+------------------+--------------------+---------------------------+----------------------------+----------------------+----------------------+-----------------------------------------+


+-----------------------------------------------------------------------------------------------------------------------------------------+
; Dual Purpose and Dedicated Pins                                                                                                         ;
+----------+----------------------------------------------------+--------------------------------+---------------------+------------------+
; Location ; Pin Name                                           ; Reserved As                    ; User Signal Name    ; Pin Type         ;
+----------+----------------------------------------------------+--------------------------------+---------------------+------------------+
; H2       ; DIFFIO_RX_L17n, DIFFOUT_L17n, TMS, Low_Speed       ; Reserved as secondary function ; ~ALTERA_TMS~        ; Dual Purpose Pin ;
; G2       ; DIFFIO_RX_L17p, DIFFOUT_L17p, TCK, Low_Speed       ; Reserved as secondary function ; ~ALTERA_TCK~        ; Dual Purpose Pin ;
; L4       ; DIFFIO_RX_L18n, DIFFOUT_L18n, TDI, Low_Speed       ; Reserved as secondary function ; ~ALTERA_TDI~        ; Dual Purpose Pin ;
; M5       ; DIFFIO_RX_L18p, DIFFOUT_L18p, TDO, Low_Speed       ; Reserved as secondary function ; ~ALTERA_TDO~        ; Dual Purpose Pin ;
; H10      ; CONFIG_SEL, Low_Speed                              ; Reserved as secondary function ; ~ALTERA_CONFIG_SEL~ ; Dual Purpose Pin ;
; H9       ; nCONFIG, Low_Speed                                 ; Reserved as secondary function ; ~ALTERA_nCONFIG~    ; Dual Purpose Pin ;
; G9       ; DIFFIO_RX_T50p, DIFFOUT_T50p, nSTATUS, Low_Speed   ; Reserved as secondary function ; ~ALTERA_nSTATUS~    ; Dual Purpose Pin ;
; F8       ; DIFFIO_RX_T50n, DIFFOUT_T50n, CONF_DONE, Low_Speed ; Reserved as secondary function ; ~ALTERA_CONF_DONE~  ; Dual Purpose Pin ;
+----------+----------------------------------------------------+--------------------------------+---------------------+------------------+


+------------------------------------------------------------+
; I/O Bank Usage                                             ;
+----------+------------------+---------------+--------------+
; I/O Bank ; Usage            ; VCCIO Voltage ; VREF Voltage ;
+----------+------------------+---------------+--------------+
; 1A       ; 0 / 16 ( 0 % )   ; 2.5V          ; --           ;
; 1B       ; 4 / 24 ( 17 % )  ; 2.5V          ; --           ;
; 2        ; 11 / 36 ( 31 % ) ; 3.3V          ; --           ;
; 3        ; 6 / 48 ( 13 % )  ; 3.3V          ; --           ;
; 4        ; 0 / 48 ( 0 % )   ; 2.5V          ; --           ;
; 5        ; 0 / 40 ( 0 % )   ; 2.5V          ; --           ;
; 6        ; 0 / 60 ( 0 % )   ; 2.5V          ; --           ;
; 7        ; 1 / 52 ( 2 % )   ; 3.3V          ; --           ;
; 8        ; 4 / 36 ( 11 % )  ; 2.5V          ; --           ;
+----------+------------------+---------------+--------------+


+---------------------------------------------------------------------------------------------------------------------------------------------------------------------------------------+
; All Package Pins                                                                                                                                                                      ;
+----------+------------+----------+------------------------------------------------+--------+-----------------------+---------+------------+-----------------+----------+--------------+
; Location ; Pad Number ; I/O Bank ; Pin Name/Usage                                 ; Dir.   ; I/O Standard          ; Voltage ; I/O Type   ; User Assignment ; Bus Hold ; Weak Pull Up ;
+----------+------------+----------+------------------------------------------------+--------+-----------------------+---------+------------+-----------------+----------+--------------+
; A1       ;            ;          ; GND                                            ; gnd    ;                       ;         ; --         ;                 ; --       ; --           ;
; A2       ; 481        ; 8        ; RESERVED_INPUT_WITH_WEAK_PULLUP                ;        ;                       ;         ; Column I/O ;                 ; no       ; On           ;
; A3       ; 483        ; 8        ; RESERVED_INPUT_WITH_WEAK_PULLUP                ;        ;                       ;         ; Column I/O ;                 ; no       ; On           ;
; A4       ; 475        ; 8        ; RESERVED_INPUT_WITH_WEAK_PULLUP                ;        ;                       ;         ; Column I/O ;                 ; no       ; On           ;
; A5       ; 473        ; 8        ; RESERVED_INPUT_WITH_WEAK_PULLUP                ;        ;                       ;         ; Column I/O ;                 ; no       ; On           ;
; A6       ; 471        ; 8        ; RESERVED_INPUT_WITH_WEAK_PULLUP                ;        ;                       ;         ; Column I/O ;                 ; no       ; On           ;
; A7       ; 445        ; 7        ; RESERVED_INPUT_WITH_WEAK_PULLUP                ;        ;                       ;         ; Column I/O ;                 ; no       ; On           ;
; A8       ; 447        ; 7        ; RESERVED_INPUT_WITH_WEAK_PULLUP                ;        ;                       ;         ; Column I/O ;                 ; no       ; On           ;
; A9       ; 449        ; 7        ; RESERVED_INPUT_WITH_WEAK_PULLUP                ;        ;                       ;         ; Column I/O ;                 ; no       ; On           ;
; A10      ; 439        ; 7        ; RESERVED_INPUT_WITH_WEAK_PULLUP                ;        ;                       ;         ; Column I/O ;                 ; no       ; On           ;
; A11      ; 437        ; 7        ; RESERVED_INPUT_WITH_WEAK_PULLUP                ;        ;                       ;         ; Column I/O ;                 ; no       ; On           ;
; A12      ; 435        ; 7        ; RESERVED_INPUT_WITH_WEAK_PULLUP                ;        ;                       ;         ; Column I/O ;                 ; no       ; On           ;
; A13      ; 433        ; 7        ; RESERVED_INPUT_WITH_WEAK_PULLUP                ;        ;                       ;         ; Column I/O ;                 ; no       ; On           ;
; A14      ; 425        ; 7        ; RESERVED_INPUT_WITH_WEAK_PULLUP                ;        ;                       ;         ; Column I/O ;                 ; no       ; On           ;
; A15      ; 421        ; 7        ; RESERVED_INPUT_WITH_WEAK_PULLUP                ;        ;                       ;         ; Column I/O ;                 ; no       ; On           ;
; A16      ; 419        ; 7        ; RESERVED_INPUT_WITH_WEAK_PULLUP                ;        ;                       ;         ; Column I/O ;                 ; no       ; On           ;
; A17      ; 407        ; 7        ; RESERVED_INPUT_WITH_WEAK_PULLUP                ;        ;                       ;         ; Column I/O ;                 ; no       ; On           ;
; A18      ; 405        ; 7        ; RESERVED_INPUT_WITH_WEAK_PULLUP                ;        ;                       ;         ; Column I/O ;                 ; no       ; On           ;
; A19      ; 403        ; 7        ; RESERVED_INPUT_WITH_WEAK_PULLUP                ;        ;                       ;         ; Column I/O ;                 ; no       ; On           ;
; A20      ; 401        ; 7        ; RESERVED_INPUT_WITH_WEAK_PULLUP                ;        ;                       ;         ; Column I/O ;                 ; no       ; On           ;
; A21      ; 371        ; 6        ; RESERVED_INPUT_WITH_WEAK_PULLUP                ;        ;                       ;         ; Row I/O    ;                 ; no       ; On           ;
; A22      ;            ;          ; GND                                            ; gnd    ;                       ;         ; --         ;                 ; --       ; --           ;
; AA1      ; 133        ; 3        ; R[0]                                           ; output ; 3.3-V LVTTL           ;         ; Column I/O ; Y               ; no       ; Off          ;
; AA2      ; 135        ; 3        ; RESERVED_INPUT_WITH_WEAK_PULLUP                ;        ;                       ;         ; Column I/O ;                 ; no       ; On           ;
; AA3      ; 153        ; 3        ; RESERVED_INPUT_WITH_WEAK_PULLUP                ;        ;                       ;         ; Column I/O ;                 ; --       ; --           ;
; AA4      ;            ;          ; GND                                            ; gnd    ;                       ;         ; --         ;                 ; --       ; --           ;
; AA5      ; 157        ; 3        ; RESERVED_INPUT_WITH_WEAK_PULLUP                ;        ;                       ;         ; Column I/O ;                 ; no       ; On           ;
; AA6      ; 156        ; 3        ; RESERVED_INPUT_WITH_WEAK_PULLUP                ;        ;                       ;         ; Column I/O ;                 ; no       ; On           ;
; AA7      ; 158        ; 3        ; RESERVED_INPUT_WITH_WEAK_PULLUP                ;        ;                       ;         ; Column I/O ;                 ; no       ; On           ;
; AA8      ; 165        ; 3        ; RESERVED_INPUT_WITH_WEAK_PULLUP                ;        ;                       ;         ; Column I/O ;                 ; no       ; On           ;
; AA9      ; 169        ; 3        ; RESERVED_INPUT_WITH_WEAK_PULLUP                ;        ;                       ;         ; Column I/O ;                 ; no       ; On           ;
; AA10     ; 170        ; 3        ; RESERVED_INPUT_WITH_WEAK_PULLUP                ;        ;                       ;         ; Column I/O ;                 ; no       ; On           ;
; AA11     ; 180        ; 4        ; RESERVED_INPUT_WITH_WEAK_PULLUP                ;        ;                       ;         ; Column I/O ;                 ; no       ; On           ;
; AA12     ; 182        ; 4        ; RESERVED_INPUT_WITH_WEAK_PULLUP                ;        ;                       ;         ; Column I/O ;                 ; no       ; On           ;
; AA13     ; 197        ; 4        ; RESERVED_INPUT_WITH_WEAK_PULLUP                ;        ;                       ;         ; Column I/O ;                 ; --       ; --           ;
; AA14     ; 201        ; 4        ; RESERVED_INPUT_WITH_WEAK_PULLUP                ;        ;                       ;         ; Column I/O ;                 ; no       ; On           ;
; AA15     ; 205        ; 4        ; RESERVED_INPUT_WITH_WEAK_PULLUP                ;        ;                       ;         ; Column I/O ;                 ; no       ; On           ;
; AA16     ; 211        ; 4        ; RESERVED_INPUT_WITH_WEAK_PULLUP                ;        ;                       ;         ; Column I/O ;                 ; no       ; On           ;
; AA17     ; 212        ; 4        ; RESERVED_INPUT_WITH_WEAK_PULLUP                ;        ;                       ;         ; Column I/O ;                 ; no       ; On           ;
; AA18     ;            ;          ; GND                                            ; gnd    ;                       ;         ; --         ;                 ; --       ; --           ;
; AA19     ; 217        ; 4        ; RESERVED_INPUT_WITH_WEAK_PULLUP                ;        ;                       ;         ; Column I/O ;                 ; no       ; On           ;
; AA20     ; 227        ; 4        ; RESERVED_INPUT_WITH_WEAK_PULLUP                ;        ;                       ;         ; Column I/O ;                 ; no       ; On           ;
; AA21     ; 245        ; 5        ; RESERVED_INPUT_WITH_WEAK_PULLUP                ;        ;                       ;         ; Row I/O    ;                 ; no       ; On           ;
; AA22     ; 247        ; 5        ; RESERVED_INPUT_WITH_WEAK_PULLUP                ;        ;                       ;         ; Row I/O    ;                 ; no       ; On           ;
; AB1      ;            ;          ; GND                                            ; gnd    ;                       ;         ; --         ;                 ; --       ; --           ;
; AB2      ; 145        ; 3        ; RESERVED_INPUT_WITH_WEAK_PULLUP                ;        ;                       ;         ; Column I/O ;                 ; no       ; On           ;
; AB3      ; 147        ; 3        ; RESERVED_INPUT_WITH_WEAK_PULLUP                ;        ;                       ;         ; Column I/O ;                 ; no       ; On           ;
; AB4      ; 155        ; 3        ; RESERVED_INPUT_WITH_WEAK_PULLUP                ;        ;                       ;         ; Column I/O ;                 ; no       ; On           ;
; AB5      ; 159        ; 3        ; RESERVED_INPUT_WITH_WEAK_PULLUP                ;        ;                       ;         ; Column I/O ;                 ; no       ; On           ;
; AB6      ; 161        ; 3        ; RESERVED_INPUT_WITH_WEAK_PULLUP                ;        ;                       ;         ; Column I/O ;                 ; no       ; On           ;
; AB7      ; 163        ; 3        ; RESERVED_INPUT_WITH_WEAK_PULLUP                ;        ;                       ;         ; Column I/O ;                 ; no       ; On           ;
; AB8      ; 167        ; 3        ; RESERVED_INPUT_WITH_WEAK_PULLUP                ;        ;                       ;         ; Column I/O ;                 ; no       ; On           ;
; AB9      ; 171        ; 3        ; RESERVED_INPUT_WITH_WEAK_PULLUP                ;        ;                       ;         ; Column I/O ;                 ; no       ; On           ;
; AB10     ; 177        ; 4        ; RESERVED_INPUT_WITH_WEAK_PULLUP                ;        ;                       ;         ; Column I/O ;                 ; no       ; On           ;
; AB11     ; 179        ; 4        ; RESERVED_INPUT_WITH_WEAK_PULLUP                ;        ;                       ;         ; Column I/O ;                 ; no       ; On           ;
; AB12     ; 181        ; 4        ; RESERVED_INPUT_WITH_WEAK_PULLUP                ;        ;                       ;         ; Column I/O ;                 ; no       ; On           ;
; AB13     ; 183        ; 4        ; RESERVED_INPUT_WITH_WEAK_PULLUP                ;        ;                       ;         ; Column I/O ;                 ; no       ; On           ;
; AB14     ; 199        ; 4        ; RESERVED_INPUT_WITH_WEAK_PULLUP                ;        ;                       ;         ; Column I/O ;                 ; no       ; On           ;
; AB15     ; 203        ; 4        ; RESERVED_INPUT_WITH_WEAK_PULLUP                ;        ;                       ;         ; Column I/O ;                 ; no       ; On           ;
; AB16     ; 209        ; 4        ; RESERVED_INPUT_WITH_WEAK_PULLUP                ;        ;                       ;         ; Column I/O ;                 ; no       ; On           ;
; AB17     ; 241        ; 4        ; RESERVED_INPUT_WITH_WEAK_PULLUP                ;        ;                       ;         ; Column I/O ;                 ; no       ; On           ;
; AB18     ; 243        ; 4        ; RESERVED_INPUT_WITH_WEAK_PULLUP                ;        ;                       ;         ; Column I/O ;                 ; no       ; On           ;
; AB19     ; 213        ; 4        ; RESERVED_INPUT_WITH_WEAK_PULLUP                ;        ;                       ;         ; Column I/O ;                 ; no       ; On           ;
; AB20     ; 215        ; 4        ; RESERVED_INPUT_WITH_WEAK_PULLUP                ;        ;                       ;         ; Column I/O ;                 ; no       ; On           ;
; AB21     ; 225        ; 4        ; RESERVED_INPUT_WITH_WEAK_PULLUP                ;        ;                       ;         ; Column I/O ;                 ; no       ; On           ;
; AB22     ;            ;          ; GND                                            ; gnd    ;                       ;         ; --         ;                 ; --       ; --           ;
; B1       ; 495        ; 8        ; RESERVED_INPUT_WITH_WEAK_PULLUP                ;        ;                       ;         ; Column I/O ;                 ; no       ; On           ;
; B2       ; 493        ; 8        ; RESERVED_INPUT_WITH_WEAK_PULLUP                ;        ;                       ;         ; Column I/O ;                 ; no       ; On           ;
; B3       ; 484        ; 8        ; RESERVED_INPUT_WITH_WEAK_PULLUP                ;        ;                       ;         ; Column I/O ;                 ; no       ; On           ;
; B4       ; 486        ; 8        ; RESERVED_INPUT_WITH_WEAK_PULLUP                ;        ;                       ;         ; Column I/O ;                 ; no       ; On           ;
; B5       ; 485        ; 8        ; RESERVED_INPUT_WITH_WEAK_PULLUP                ;        ;                       ;         ; Column I/O ;                 ; no       ; On           ;
; B6       ;            ;          ; GND                                            ; gnd    ;                       ;         ; --         ;                 ; --       ; --           ;
; B7       ; 469        ; 8        ; RESERVED_INPUT_WITH_WEAK_PULLUP                ;        ;                       ;         ; Column I/O ;                 ; no       ; On           ;
; B8       ; 451        ; 7        ; reset                                          ; input  ; 3.3-V LVTTL           ;         ; Column I/O ; Y               ; no       ; Off          ;
; B9       ;            ;          ; GND                                            ; gnd    ;                       ;         ; --         ;                 ; --       ; --           ;
; B10      ; 448        ; 7        ; RESERVED_INPUT_WITH_WEAK_PULLUP                ;        ;                       ;         ; Column I/O ;                 ; no       ; On           ;
; B11      ; 443        ; 7        ; RESERVED_INPUT_WITH_WEAK_PULLUP                ;        ;                       ;         ; Column I/O ;                 ; no       ; On           ;
; B12      ; 441        ; 7        ; RESERVED_INPUT_WITH_WEAK_PULLUP                ;        ;                       ;         ; Column I/O ;                 ; no       ; On           ;
; B13      ;            ;          ; GND                                            ; gnd    ;                       ;         ; --         ;                 ; --       ; --           ;
; B14      ; 427        ; 7        ; RESERVED_INPUT_WITH_WEAK_PULLUP                ;        ;                       ;         ; Column I/O ;                 ; no       ; On           ;
; B15      ; 423        ; 7        ; RESERVED_INPUT_WITH_WEAK_PULLUP                ;        ;                       ;         ; Column I/O ;                 ; --       ; --           ;
; B16      ; 417        ; 7        ; RESERVED_INPUT_WITH_WEAK_PULLUP                ;        ;                       ;         ; Column I/O ;                 ; no       ; On           ;
; B17      ; 402        ; 7        ; RESERVED_INPUT_WITH_WEAK_PULLUP                ;        ;                       ;         ; Column I/O ;                 ; no       ; On           ;
; B18      ;            ;          ; GND                                            ; gnd    ;                       ;         ; --         ;                 ; --       ; --           ;
; B19      ; 399        ; 7        ; RESERVED_INPUT_WITH_WEAK_PULLUP                ;        ;                       ;         ; Column I/O ;                 ; no       ; On           ;
; B20      ; 369        ; 6        ; RESERVED_INPUT_WITH_WEAK_PULLUP                ;        ;                       ;         ; Row I/O    ;                 ; no       ; On           ;
; B21      ; 367        ; 6        ; RESERVED_INPUT_WITH_WEAK_PULLUP                ;        ;                       ;         ; Row I/O    ;                 ; no       ; On           ;
; B22      ; 365        ; 6        ; RESERVED_INPUT_WITH_WEAK_PULLUP                ;        ;                       ;         ; Row I/O    ;                 ; no       ; On           ;
; C1       ; 33         ; 1B       ; RESERVED_INPUT_WITH_WEAK_PULLUP                ;        ;                       ;         ; Row I/O    ;                 ; --       ; --           ;
; C2       ; 499        ; 8        ; RESERVED_INPUT_WITH_WEAK_PULLUP                ;        ;                       ;         ; Column I/O ;                 ; no       ; On           ;
; C3       ; 497        ; 8        ; RESERVED_INPUT_WITH_WEAK_PULLUP                ;        ;                       ;         ; Column I/O ;                 ; no       ; On           ;
; C4       ; 487        ; 8        ; RESERVED_INPUT_WITH_WEAK_PULLUP                ;        ;                       ;         ; Column I/O ;                 ; no       ; On           ;
; C5       ; 489        ; 8        ; RESERVED_INPUT_WITH_WEAK_PULLUP                ;        ;                       ;         ; Column I/O ;                 ; no       ; On           ;
; C6       ; 477        ; 8        ; RESERVED_INPUT_WITH_WEAK_PULLUP                ;        ;                       ;         ; Column I/O ;                 ; no       ; On           ;
; C7       ; 467        ; 8        ; RESERVED_INPUT_WITH_WEAK_PULLUP                ;        ;                       ;         ; Column I/O ;                 ; no       ; On           ;
; C8       ; 465        ; 8        ; RESERVED_INPUT_WITH_WEAK_PULLUP                ;        ;                       ;         ; Column I/O ;                 ; no       ; On           ;
; C9       ; 450        ; 7        ; RESERVED_INPUT_WITH_WEAK_PULLUP                ;        ;                       ;         ; Column I/O ;                 ; no       ; On           ;
; C10      ; 442        ; 7        ; RESERVED_INPUT_WITH_WEAK_PULLUP                ;        ;                       ;         ; Column I/O ;                 ; no       ; On           ;
; C11      ; 440        ; 7        ; RESERVED_INPUT_WITH_WEAK_PULLUP                ;        ;                       ;         ; Column I/O ;                 ; no       ; On           ;
; C12      ; 436        ; 7        ; RESERVED_INPUT_WITH_WEAK_PULLUP                ;        ;                       ;         ; Column I/O ;                 ; no       ; On           ;
; C13      ; 426        ; 7        ; RESERVED_INPUT_WITH_WEAK_PULLUP                ;        ;                       ;         ; Column I/O ;                 ; no       ; On           ;
; C14      ; 424        ; 7        ; RESERVED_INPUT_WITH_WEAK_PULLUP                ;        ;                       ;         ; Column I/O ;                 ; no       ; On           ;
; C15      ; 418        ; 7        ; RESERVED_INPUT_WITH_WEAK_PULLUP                ;        ;                       ;         ; Column I/O ;                 ; no       ; On           ;
; C16      ; 416        ; 7        ; RESERVED_INPUT_WITH_WEAK_PULLUP                ;        ;                       ;         ; Column I/O ;                 ; no       ; On           ;
; C17      ; 391        ; 7        ; RESERVED_INPUT_WITH_WEAK_PULLUP                ;        ;                       ;         ; Column I/O ;                 ; no       ; On           ;
; C18      ; 400        ; 7        ; RESERVED_INPUT_WITH_WEAK_PULLUP                ;        ;                       ;         ; Column I/O ;                 ; no       ; On           ;
; C19      ; 397        ; 7        ; RESERVED_INPUT_WITH_WEAK_PULLUP                ;        ;                       ;         ; Column I/O ;                 ; no       ; On           ;
; C20      ; 357        ; 6        ; RESERVED_INPUT_WITH_WEAK_PULLUP                ;        ;                       ;         ; Row I/O    ;                 ; no       ; On           ;
; C21      ; 347        ; 6        ; RESERVED_INPUT_WITH_WEAK_PULLUP                ;        ;                       ;         ; Row I/O    ;                 ; no       ; On           ;
; C22      ; 343        ; 6        ; RESERVED_INPUT_WITH_WEAK_PULLUP                ;        ;                       ;         ; Row I/O    ;                 ; no       ; On           ;
; D1       ; 35         ; 1B       ; RESERVED_INPUT_WITH_WEAK_PULLUP                ;        ;                       ;         ; Row I/O    ;                 ; no       ; On           ;
; D2       ; 31         ; 1B       ; RESERVED_INPUT_WITH_WEAK_PULLUP                ;        ;                       ;         ; Row I/O    ;                 ; no       ; On           ;
; D3       ; 29         ; 1B       ; RESERVED_INPUT_WITH_WEAK_PULLUP                ;        ;                       ;         ; Row I/O    ;                 ; no       ; On           ;
; D4       ;            ;          ; GND                                            ; gnd    ;                       ;         ; --         ;                 ; --       ; --           ;
; D5       ; 491        ; 8        ; RESERVED_INPUT_WITH_WEAK_PULLUP                ;        ;                       ;         ; Column I/O ;                 ; no       ; On           ;
; D6       ; 496        ; 8        ; RESERVED_INPUT_WITH_WEAK_PULLUP                ;        ;                       ;         ; Column I/O ;                 ; no       ; On           ;
; D7       ; 479        ; 8        ; RESERVED_INPUT_WITH_WEAK_PULLUP                ;        ;                       ;         ; Column I/O ;                 ; --       ; --           ;
; D8       ; 472        ; 8        ; RESERVED_INPUT_WITH_WEAK_PULLUP                ;        ;                       ;         ; Column I/O ;                 ; no       ; On           ;
; D9       ; 474        ; 8        ; RESERVED_INPUT_WITH_WEAK_PULLUP                ;        ;                       ;         ; Column I/O ;                 ; no       ; On           ;
; D10      ; 476        ; 8        ; RESERVED_INPUT_WITH_WEAK_PULLUP                ;        ;                       ;         ; Column I/O ;                 ; no       ; On           ;
; D11      ;            ;          ; GND                                            ; gnd    ;                       ;         ; --         ;                 ; --       ; --           ;
; D12      ; 438        ; 7        ; RESERVED_INPUT_WITH_WEAK_PULLUP                ;        ;                       ;         ; Column I/O ;                 ; no       ; On           ;
; D13      ; 431        ; 7        ; RESERVED_INPUT_WITH_WEAK_PULLUP                ;        ;                       ;         ; Column I/O ;                 ; no       ; On           ;
; D14      ; 428        ; 7        ; RESERVED_INPUT_WITH_WEAK_PULLUP                ;        ;                       ;         ; Column I/O ;                 ; no       ; On           ;
; D15      ; 404        ; 7        ; RESERVED_INPUT_WITH_WEAK_PULLUP                ;        ;                       ;         ; Column I/O ;                 ; no       ; On           ;
; D16      ;            ;          ; GND                                            ; gnd    ;                       ;         ; --         ;                 ; --       ; --           ;
; D17      ; 389        ; 7        ; RESERVED_INPUT_WITH_WEAK_PULLUP                ;        ;                       ;         ; Column I/O ;                 ; no       ; On           ;
; D18      ; 385        ; 6        ; RESERVED_INPUT_WITH_WEAK_PULLUP                ;        ;                       ;         ; Row I/O    ;                 ; no       ; On           ;
; D19      ; 359        ; 6        ; RESERVED_INPUT_WITH_WEAK_PULLUP                ;        ;                       ;         ; Row I/O    ;                 ; no       ; On           ;
; D20      ;            ;          ; GND                                            ; gnd    ;                       ;         ; --         ;                 ; --       ; --           ;
; D21      ; 345        ; 6        ; RESERVED_INPUT_WITH_WEAK_PULLUP                ;        ;                       ;         ; Row I/O    ;                 ; --       ; --           ;
; D22      ; 341        ; 6        ; RESERVED_INPUT_WITH_WEAK_PULLUP                ;        ;                       ;         ; Row I/O    ;                 ; no       ; On           ;
; E1       ; 41         ; 1B       ; RESERVED_INPUT_WITH_WEAK_PULLUP                ;        ;                       ;         ; Row I/O    ;                 ; no       ; On           ;
; E2       ;            ;          ; GND                                            ; gnd    ;                       ;         ; --         ;                 ; --       ; --           ;
; E3       ; 3          ; 1A       ; RESERVED_INPUT_WITH_WEAK_PULLUP                ;        ;                       ;         ; Row I/O    ;                 ; no       ; On           ;
; E4       ; 1          ; 1A       ; RESERVED_INPUT_WITH_WEAK_PULLUP                ;        ;                       ;         ; Row I/O    ;                 ; no       ; On           ;
; E5       ;            ;          ; NC                                             ;        ;                       ;         ; --         ;                 ; --       ; --           ;
; E6       ; 498        ; 8        ; RESERVED_INPUT_WITH_WEAK_PULLUP                ;        ;                       ;         ; Column I/O ;                 ; no       ; On           ;
; E7       ;            ;          ; GND                                            ; gnd    ;                       ;         ; --         ;                 ; --       ; --           ;
; E8       ; 488        ; 8        ; RESERVED_INPUT_WITH_WEAK_PULLUP                ;        ;                       ;         ; Column I/O ;                 ; no       ; On           ;
; E9       ; 478        ; 8        ; RESERVED_INPUT_WITH_WEAK_PULLUP                ;        ;                       ;         ; Column I/O ;                 ; no       ; On           ;
; E10      ; 466        ; 8        ; RESERVED_INPUT_WITH_WEAK_PULLUP                ;        ;                       ;         ; Column I/O ;                 ; no       ; On           ;
; E11      ; 464        ; 8        ; RESERVED_INPUT_WITH_WEAK_PULLUP                ;        ;                       ;         ; Column I/O ;                 ; no       ; On           ;
; E12      ; 429        ; 7        ; RESERVED_INPUT_WITH_WEAK_PULLUP                ;        ;                       ;         ; Column I/O ;                 ; no       ; On           ;
; E13      ; 430        ; 7        ; RESERVED_INPUT_WITH_WEAK_PULLUP                ;        ;                       ;         ; Column I/O ;                 ; no       ; On           ;
; E14      ; 406        ; 7        ; RESERVED_INPUT_WITH_WEAK_PULLUP                ;        ;                       ;         ; Column I/O ;                 ; no       ; On           ;
; E15      ; 390        ; 7        ; RESERVED_INPUT_WITH_WEAK_PULLUP                ;        ;                       ;         ; Column I/O ;                 ; no       ; On           ;
; E16      ; 388        ; 7        ; RESERVED_INPUT_WITH_WEAK_PULLUP                ;        ;                       ;         ; Column I/O ;                 ; no       ; On           ;
; E17      ; 366        ; 6        ; RESERVED_INPUT_WITH_WEAK_PULLUP                ;        ;                       ;         ; Row I/O    ;                 ; no       ; On           ;
; E18      ; 387        ; 6        ; RESERVED_INPUT_WITH_WEAK_PULLUP                ;        ;                       ;         ; Row I/O    ;                 ; no       ; On           ;
; E19      ; 352        ; 6        ; RESERVED_INPUT_WITH_WEAK_PULLUP                ;        ;                       ;         ; Row I/O    ;                 ; no       ; On           ;
; E20      ; 355        ; 6        ; RESERVED_INPUT_WITH_WEAK_PULLUP                ;        ;                       ;         ; Row I/O    ;                 ; no       ; On           ;
; E21      ; 335        ; 6        ; RESERVED_INPUT_WITH_WEAK_PULLUP                ;        ;                       ;         ; Row I/O    ;                 ; no       ; On           ;
; E22      ; 333        ; 6        ; RESERVED_INPUT_WITH_WEAK_PULLUP                ;        ;                       ;         ; Row I/O    ;                 ; no       ; On           ;
; F1       ; 47         ; 1B       ; RESERVED_INPUT_WITH_WEAK_PULLUP                ;        ;                       ;         ; Row I/O    ;                 ; no       ; On           ;
; F2       ; 43         ; 1B       ; RESERVED_INPUT_WITH_WEAK_PULLUP                ;        ;                       ;         ; Row I/O    ;                 ; no       ; On           ;
; F3       ; 7          ; 1A       ; RESERVED_INPUT_WITH_WEAK_PULLUP                ;        ;                       ;         ; Row I/O    ;                 ; no       ; On           ;
; F4       ; 2          ; 1A       ; RESERVED_INPUT_WITH_WEAK_PULLUP                ;        ;                       ;         ; Row I/O    ;                 ; no       ; On           ;
; F5       ; 0          ; 1A       ; RESERVED_INPUT_WITH_WEAK_PULLUP                ;        ;                       ;         ; Row I/O    ;                 ; no       ; On           ;
; F6       ;            ;          ; NC                                             ;        ;                       ;         ; --         ;                 ; --       ; --           ;
; F7       ; 490        ; 8        ; RESERVED_INPUT_WITH_WEAK_PULLUP                ;        ;                       ;         ; Column I/O ;                 ; no       ; On           ;
; F8       ; 494        ; 8        ; ~ALTERA_CONF_DONE~ / RESERVED_INPUT            ; input  ; 2.5 V Schmitt Trigger ;         ; Column I/O ; N               ; no       ; Off          ;
; F9       ;            ; 8        ; VCCIO8                                         ; power  ;                       ; 2.5V    ; --         ;                 ; --       ; --           ;
; F10      ;            ;          ; GND                                            ; gnd    ;                       ;         ; --         ;                 ; --       ; --           ;
; F11      ;            ; 8        ; VCCIO8                                         ; power  ;                       ; 2.5V    ; --         ;                 ; --       ; --           ;
; F12      ;            ; 7        ; VCCIO7                                         ; power  ;                       ; 3.3V    ; --         ;                 ; --       ; --           ;
; F13      ;            ;          ; GND                                            ; gnd    ;                       ;         ; --         ;                 ; --       ; --           ;
; F14      ;            ; 7        ; VCCIO7                                         ; power  ;                       ; 3.3V    ; --         ;                 ; --       ; --           ;
; F15      ; 398        ; 7        ; RESERVED_INPUT_WITH_WEAK_PULLUP                ;        ;                       ;         ; Column I/O ;                 ; no       ; On           ;
; F16      ; 396        ; 7        ; RESERVED_INPUT_WITH_WEAK_PULLUP                ;        ;                       ;         ; Column I/O ;                 ; no       ; On           ;
; F17      ; 364        ; 6        ; RESERVED_INPUT_WITH_WEAK_PULLUP                ;        ;                       ;         ; Row I/O    ;                 ; no       ; On           ;
; F18      ; 354        ; 6        ; RESERVED_INPUT_WITH_WEAK_PULLUP                ;        ;                       ;         ; Row I/O    ;                 ; no       ; On           ;
; F19      ; 353        ; 6        ; RESERVED_INPUT_WITH_WEAK_PULLUP                ;        ;                       ;         ; Row I/O    ;                 ; no       ; On           ;
; F20      ; 342        ; 6        ; RESERVED_INPUT_WITH_WEAK_PULLUP                ;        ;                       ;         ; Row I/O    ;                 ; no       ; On           ;
; F21      ; 340        ; 6        ; RESERVED_INPUT_WITH_WEAK_PULLUP                ;        ;                       ;         ; Row I/O    ;                 ; no       ; On           ;
; F22      ; 331        ; 6        ; RESERVED_INPUT_WITH_WEAK_PULLUP                ;        ;                       ;         ; Row I/O    ;                 ; no       ; On           ;
; G1       ; 45         ; 1B       ; RESERVED_INPUT_WITH_WEAK_PULLUP                ;        ;                       ;         ; Row I/O    ;                 ; no       ; On           ;
; G2       ; 34         ; 1B       ; ~ALTERA_TCK~ / RESERVED_INPUT                  ; input  ; 2.5 V Schmitt Trigger ;         ; Row I/O    ; N               ; no       ; Off          ;
; G3       ; 11         ; 1A       ; RESERVED_INPUT_WITH_WEAK_PULLUP                ;        ;                       ;         ; Row I/O    ;                 ; no       ; On           ;
; G4       ; 5          ; 1A       ; RESERVED_INPUT_WITH_WEAK_PULLUP                ;        ;                       ;         ; Row I/O    ;                 ; no       ; On           ;
; G5       ;            ;          ; ANAIN1                                         ;        ;                       ;         ; --         ;                 ; --       ; --           ;
; G6       ;            ;          ; GND                                            ; gnd    ;                       ;         ; --         ;                 ; --       ; --           ;
; G7       ;            ;          ; VCCD_PLL3                                      ; power  ;                       ; 1.2V    ; --         ;                 ; --       ; --           ;
; G8       ;            ;          ; GND                                            ; gnd    ;                       ;         ; --         ;                 ; --       ; --           ;
; G9       ; 492        ; 8        ; ~ALTERA_nSTATUS~ / RESERVED_INPUT              ; input  ; 2.5 V Schmitt Trigger ;         ; Column I/O ; N               ; no       ; Off          ;
; G10      ;            ; 8        ; VCCIO8                                         ; power  ;                       ; 2.5V    ; --         ;                 ; --       ; --           ;
; G11      ;            ; 8        ; VCCIO8                                         ; power  ;                       ; 2.5V    ; --         ;                 ; --       ; --           ;
; G12      ;            ; 7        ; VCCIO7                                         ; power  ;                       ; 3.3V    ; --         ;                 ; --       ; --           ;
; G13      ;            ; 7        ; VCCIO7                                         ; power  ;                       ; 3.3V    ; --         ;                 ; --       ; --           ;
; G14      ;            ; 7        ; VCCIO7                                         ; power  ;                       ; 3.3V    ; --         ;                 ; --       ; --           ;
; G15      ;            ;          ; GND                                            ; gnd    ;                       ;         ; --         ;                 ; --       ; --           ;
; G16      ;            ;          ; VCCD_PLL2                                      ; power  ;                       ; 1.2V    ; --         ;                 ; --       ; --           ;
; G17      ; 386        ; 6        ; RESERVED_INPUT_WITH_WEAK_PULLUP                ;        ;                       ;         ; Row I/O    ;                 ; no       ; On           ;
; G18      ;            ;          ; GND                                            ; gnd    ;                       ;         ; --         ;                 ; --       ; --           ;
; G19      ; 330        ; 6        ; RESERVED_INPUT_WITH_WEAK_PULLUP                ;        ;                       ;         ; Row I/O    ;                 ; no       ; On           ;
; G20      ; 328        ; 6        ; RESERVED_INPUT_WITH_WEAK_PULLUP                ;        ;                       ;         ; Row I/O    ;                 ; no       ; On           ;
; G21      ;            ;          ; GND                                            ; gnd    ;                       ;         ; --         ;                 ; --       ; --           ;
; G22      ; 329        ; 6        ; RESERVED_INPUT_WITH_WEAK_PULLUP                ;        ;                       ;         ; Row I/O    ;                 ; no       ; On           ;
; H1       ; 44         ; 1B       ; RESERVED_INPUT_WITH_WEAK_PULLUP                ;        ;                       ;         ; Row I/O    ;                 ; no       ; On           ;
; H2       ; 32         ; 1B       ; ~ALTERA_TMS~ / RESERVED_INPUT_WITH_WEAK_PULLUP ; input  ; 2.5 V Schmitt Trigger ;         ; Row I/O    ; N               ; no       ; On           ;
; H3       ; 10         ; 1A       ; RESERVED_INPUT_WITH_WEAK_PULLUP                ;        ;                       ;         ; Row I/O    ;                 ; no       ; On           ;
; H4       ; 9          ; 1A       ; RESERVED_INPUT_WITH_WEAK_PULLUP                ;        ;                       ;         ; Row I/O    ;                 ; no       ; On           ;
; H5       ;            ;          ; REFGND                                         ;        ;                       ;         ; --         ;                 ; --       ; --           ;
; H6       ;            ;          ; ADC_VREF                                       ;        ;                       ;         ; --         ;                 ; --       ; --           ;
; H7       ;            ; --       ; VCCA_ADC                                       ; power  ;                       ; 2.5V    ; --         ;                 ; --       ; --           ;
; H8       ;            ; --       ; VCCA3                                          ; power  ;                       ; 2.5V    ; --         ;                 ; --       ; --           ;
; H9       ; 482        ; 8        ; ~ALTERA_nCONFIG~ / RESERVED_INPUT              ; input  ; 2.5 V Schmitt Trigger ;         ; Column I/O ; N               ; no       ; Off          ;
; H10      ; 480        ; 8        ; ~ALTERA_CONFIG_SEL~ / RESERVED_INPUT           ; input  ; 2.5 V                 ;         ; Column I/O ; N               ; no       ; Off          ;
; H11      ; 470        ; 8        ; RESERVED_INPUT_WITH_WEAK_PULLUP                ;        ;                       ;         ; Column I/O ;                 ; no       ; On           ;
; H12      ; 444        ; 7        ; RESERVED_INPUT_WITH_WEAK_PULLUP                ;        ;                       ;         ; Column I/O ;                 ; no       ; On           ;
; H13      ; 432        ; 7        ; RESERVED_INPUT_WITH_WEAK_PULLUP                ;        ;                       ;         ; Column I/O ;                 ; no       ; On           ;
; H14      ; 420        ; 7        ; RESERVED_INPUT_WITH_WEAK_PULLUP                ;        ;                       ;         ; Column I/O ;                 ; no       ; On           ;
; H15      ;            ; --       ; VCCA2                                          ; power  ;                       ; 2.5V    ; --         ;                 ; --       ; --           ;
; H16      ;            ; 6        ; VCCIO6                                         ; power  ;                       ; 2.5V    ; --         ;                 ; --       ; --           ;
; H17      ; 384        ; 6        ; RESERVED_INPUT_WITH_WEAK_PULLUP                ;        ;                       ;         ; Row I/O    ;                 ; no       ; On           ;
; H18      ; 374        ; 6        ; RESERVED_INPUT_WITH_WEAK_PULLUP                ;        ;                       ;         ; Row I/O    ;                 ; no       ; On           ;
; H19      ; 372        ; 6        ; RESERVED_INPUT_WITH_WEAK_PULLUP                ;        ;                       ;         ; Row I/O    ;                 ; no       ; On           ;
; H20      ; 375        ; 6        ; RESERVED_INPUT_WITH_WEAK_PULLUP                ;        ;                       ;         ; Row I/O    ;                 ; no       ; On           ;
; H21      ; 323        ; 6        ; RESERVED_INPUT_WITH_WEAK_PULLUP                ;        ;                       ;         ; Row I/O    ;                 ; no       ; On           ;
; H22      ; 321        ; 6        ; RESERVED_INPUT_WITH_WEAK_PULLUP                ;        ;                       ;         ; Row I/O    ;                 ; no       ; On           ;
; J1       ; 46         ; 1B       ; RESERVED_INPUT_WITH_WEAK_PULLUP                ;        ;                       ;         ; Row I/O    ;                 ; no       ; On           ;
; J2       ;            ;          ; GND                                            ; gnd    ;                       ;         ; --         ;                 ; --       ; --           ;
; J3       ; 15         ; 1A       ; RESERVED_INPUT_WITH_WEAK_PULLUP                ;        ;                       ;         ; Row I/O    ;                 ; no       ; On           ;
; J4       ; 8          ; 1A       ; RESERVED_INPUT_WITH_WEAK_PULLUP                ;        ;                       ;         ; Row I/O    ;                 ; no       ; On           ;
; J5       ;            ;          ; ANAIN2                                         ;        ;                       ;         ; --         ;                 ; --       ; --           ;
; J6       ;            ;          ; GND                                            ; gnd    ;                       ;         ; --         ;                 ; --       ; --           ;
; J7       ;            ;          ; VCCINT                                         ; power  ;                       ; 1.2V    ; --         ;                 ; --       ; --           ;
; J8       ; 4          ; 1A       ; RESERVED_INPUT_WITH_WEAK_PULLUP                ;        ;                       ;         ; Row I/O    ;                 ; no       ; On           ;
; J9       ; 6          ; 1A       ; RESERVED_INPUT_WITH_WEAK_PULLUP                ;        ;                       ;         ; Row I/O    ;                 ; no       ; On           ;
; J10      ; 468        ; 8        ; RESERVED_INPUT_WITH_WEAK_PULLUP                ;        ;                       ;         ; Column I/O ;                 ; no       ; On           ;
; J11      ; 446        ; 7        ; RESERVED_INPUT_WITH_WEAK_PULLUP                ;        ;                       ;         ; Column I/O ;                 ; no       ; On           ;
; J12      ; 434        ; 7        ; RESERVED_INPUT_WITH_WEAK_PULLUP                ;        ;                       ;         ; Column I/O ;                 ; no       ; On           ;
; J13      ; 422        ; 7        ; RESERVED_INPUT_WITH_WEAK_PULLUP                ;        ;                       ;         ; Column I/O ;                 ; no       ; On           ;
; J14      ; 368        ; 6        ; RESERVED_INPUT_WITH_WEAK_PULLUP                ;        ;                       ;         ; Row I/O    ;                 ; no       ; On           ;
; J15      ; 370        ; 6        ; RESERVED_INPUT_WITH_WEAK_PULLUP                ;        ;                       ;         ; Row I/O    ;                 ; no       ; On           ;
; J16      ;            ;          ; GND                                            ; gnd    ;                       ;         ; --         ;                 ; --       ; --           ;
; J17      ;            ; 6        ; VCCIO6                                         ; power  ;                       ; 2.5V    ; --         ;                 ; --       ; --           ;
; J18      ; 362        ; 6        ; RESERVED_INPUT_WITH_WEAK_PULLUP                ;        ;                       ;         ; Row I/O    ;                 ; no       ; On           ;
; J19      ;            ;          ; GND                                            ; gnd    ;                       ;         ; --         ;                 ; --       ; --           ;
; J20      ; 373        ; 6        ; RESERVED_INPUT_WITH_WEAK_PULLUP                ;        ;                       ;         ; Row I/O    ;                 ; no       ; On           ;
; J21      ; 327        ; 6        ; RESERVED_INPUT_WITH_WEAK_PULLUP                ;        ;                       ;         ; Row I/O    ;                 ; no       ; On           ;
; J22      ; 325        ; 6        ; RESERVED_INPUT_WITH_WEAK_PULLUP                ;        ;                       ;         ; Row I/O    ;                 ; no       ; On           ;
; K1       ; 49         ; 1B       ; RESERVED_INPUT_WITH_WEAK_PULLUP                ;        ;                       ;         ; Row I/O    ;                 ; no       ; On           ;
; K2       ; 37         ; 1B       ; RESERVED_INPUT_WITH_WEAK_PULLUP                ;        ;                       ;         ; Row I/O    ;                 ; no       ; On           ;
; K3       ;            ;          ; GND                                            ; gnd    ;                       ;         ; --         ;                 ; --       ; --           ;
; K4       ; 13         ; 1A       ; RESERVED_INPUT_WITH_WEAK_PULLUP                ;        ;                       ;         ; Row I/O    ;                 ; no       ; On           ;
; K5       ; 12         ; 1A       ; RESERVED_INPUT_WITH_WEAK_PULLUP                ;        ;                       ;         ; Row I/O    ;                 ; no       ; On           ;
; K6       ; 14         ; 1A       ; RESERVED_INPUT_WITH_WEAK_PULLUP                ;        ;                       ;         ; Row I/O    ;                 ; no       ; On           ;
; K7       ;            ; 1A       ; VCCIO1A                                        ; power  ;                       ; 2.5V    ; --         ;                 ; --       ; --           ;
; K8       ; 28         ; 1B       ; RESERVED_INPUT_WITH_WEAK_PULLUP                ;        ;                       ;         ; Row I/O    ;                 ; no       ; On           ;
; K9       ; 30         ; 1B       ; RESERVED_INPUT_WITH_WEAK_PULLUP                ;        ;                       ;         ; Row I/O    ;                 ; no       ; On           ;
; K10      ;            ;          ; GND                                            ; gnd    ;                       ;         ; --         ;                 ; --       ; --           ;
; K11      ;            ; --       ; VCC                                            ; power  ;                       ; 1.2V    ; --         ;                 ; --       ; --           ;
; K12      ;            ;          ; GND                                            ; gnd    ;                       ;         ; --         ;                 ; --       ; --           ;
; K13      ;            ; --       ; VCC                                            ; power  ;                       ; 1.2V    ; --         ;                 ; --       ; --           ;
; K14      ; 356        ; 6        ; RESERVED_INPUT_WITH_WEAK_PULLUP                ;        ;                       ;         ; Row I/O    ;                 ; no       ; On           ;
; K15      ; 358        ; 6        ; RESERVED_INPUT_WITH_WEAK_PULLUP                ;        ;                       ;         ; Row I/O    ;                 ; no       ; On           ;
; K16      ;            ; 6        ; VCCIO6                                         ; power  ;                       ; 2.5V    ; --         ;                 ; --       ; --           ;
; K17      ;            ; 6        ; VCCIO6                                         ; power  ;                       ; 2.5V    ; --         ;                 ; --       ; --           ;
; K18      ; 360        ; 6        ; RESERVED_INPUT_WITH_WEAK_PULLUP                ;        ;                       ;         ; Row I/O    ;                 ; no       ; On           ;
; K19      ; 361        ; 6        ; RESERVED_INPUT_WITH_WEAK_PULLUP                ;        ;                       ;         ; Row I/O    ;                 ; no       ; On           ;
; K20      ; 363        ; 6        ; RESERVED_INPUT_WITH_WEAK_PULLUP                ;        ;                       ;         ; Row I/O    ;                 ; no       ; On           ;
; K21      ; 326        ; 6        ; RESERVED_INPUT_WITH_WEAK_PULLUP                ;        ;                       ;         ; Row I/O    ;                 ; no       ; On           ;
; K22      ; 324        ; 6        ; RESERVED_INPUT_WITH_WEAK_PULLUP                ;        ;                       ;         ; Row I/O    ;                 ; no       ; On           ;
; L1       ; 51         ; 1B       ; RESERVED_INPUT_WITH_WEAK_PULLUP                ;        ;                       ;         ; Row I/O    ;                 ; no       ; On           ;
; L2       ; 39         ; 1B       ; RESERVED_INPUT_WITH_WEAK_PULLUP                ;        ;                       ;         ; Row I/O    ;                 ; no       ; On           ;
; L3       ;            ;          ; DNU                                            ;        ;                       ;         ; --         ;                 ; --       ; --           ;
; L4       ; 36         ; 1B       ; ~ALTERA_TDI~ / RESERVED_INPUT_WITH_WEAK_PULLUP ; input  ; 2.5 V Schmitt Trigger ;         ; Row I/O    ; N               ; no       ; On           ;
; L5       ;            ;          ; GND                                            ; gnd    ;                       ;         ; --         ;                 ; --       ; --           ;
; L6       ;            ; 1A       ; VCCIO1A                                        ; power  ;                       ; 2.5V    ; --         ;                 ; --       ; --           ;
; L7       ;            ; 1B       ; VCCIO1B                                        ; power  ;                       ; 2.5V    ; --         ;                 ; --       ; --           ;
; L8       ; 40         ; 1B       ; RESERVED_INPUT_WITH_WEAK_PULLUP                ;        ;                       ;         ; Row I/O    ;                 ; no       ; On           ;
; L9       ; 42         ; 1B       ; RESERVED_INPUT_WITH_WEAK_PULLUP                ;        ;                       ;         ; Row I/O    ;                 ; no       ; On           ;
; L10      ;            ; --       ; VCC                                            ; power  ;                       ; 1.2V    ; --         ;                 ; --       ; --           ;
; L11      ;            ; --       ; VCC                                            ; power  ;                       ; 1.2V    ; --         ;                 ; --       ; --           ;
; L12      ;            ; --       ; VCC                                            ; power  ;                       ; 1.2V    ; --         ;                 ; --       ; --           ;
; L13      ;            ;          ; GND                                            ; gnd    ;                       ;         ; --         ;                 ; --       ; --           ;
; L14      ; 344        ; 6        ; RESERVED_INPUT_WITH_WEAK_PULLUP                ;        ;                       ;         ; Row I/O    ;                 ; no       ; On           ;
; L15      ; 346        ; 6        ; RESERVED_INPUT_WITH_WEAK_PULLUP                ;        ;                       ;         ; Row I/O    ;                 ; no       ; On           ;
; L16      ;            ; 6        ; VCCIO6                                         ; power  ;                       ; 2.5V    ; --         ;                 ; --       ; --           ;
; L17      ;            ;          ; GND                                            ; gnd    ;                       ;         ; --         ;                 ; --       ; --           ;
; L18      ; 350        ; 6        ; RESERVED_INPUT_WITH_WEAK_PULLUP                ;        ;                       ;         ; Row I/O    ;                 ; no       ; On           ;
; L19      ; 349        ; 6        ; RESERVED_INPUT_WITH_WEAK_PULLUP                ;        ;                       ;         ; Row I/O    ;                 ; no       ; On           ;
; L20      ; 351        ; 6        ; RESERVED_INPUT_WITH_WEAK_PULLUP                ;        ;                       ;         ; Row I/O    ;                 ; no       ; On           ;
; L21      ;            ;          ; GND                                            ; gnd    ;                       ;         ; --         ;                 ; --       ; --           ;
; L22      ; 314        ; 5        ; RESERVED_INPUT_WITH_WEAK_PULLUP                ;        ;                       ;         ; Row I/O    ;                 ; no       ; On           ;
; M1       ; 79         ; 2        ; RESERVED_INPUT_WITH_WEAK_PULLUP                ;        ;                       ;         ; Row I/O    ;                 ; no       ; On           ;
; M2       ; 77         ; 2        ; RESERVED_INPUT_WITH_WEAK_PULLUP                ;        ;                       ;         ; Row I/O    ;                 ; --       ; --           ;
; M3       ; 50         ; 1B       ; RESERVED_INPUT_WITH_WEAK_PULLUP                ;        ;                       ;         ; Row I/O    ;                 ; no       ; On           ;
; M4       ; 48         ; 1B       ; RESERVED_INPUT_WITH_WEAK_PULLUP                ;        ;                       ;         ; Row I/O    ;                 ; no       ; On           ;
; M5       ; 38         ; 1B       ; ~ALTERA_TDO~                                   ; output ; 2.5 V                 ;         ; Row I/O    ; N               ; no       ; Off          ;
; M6       ;            ; 1B       ; VCCIO1B                                        ; power  ;                       ; 2.5V    ; --         ;                 ; --       ; --           ;
; M7       ;            ;          ; GND                                            ; gnd    ;                       ;         ; --         ;                 ; --       ; --           ;
; M8       ; 72         ; 2        ; RESERVED_INPUT_WITH_WEAK_PULLUP                ;        ;                       ;         ; Row I/O    ;                 ; no       ; On           ;
; M9       ; 74         ; 2        ; RESERVED_INPUT_WITH_WEAK_PULLUP                ;        ;                       ;         ; Row I/O    ;                 ; no       ; On           ;
; M10      ;            ;          ; GND                                            ; gnd    ;                       ;         ; --         ;                 ; --       ; --           ;
; M11      ;            ; --       ; VCC                                            ; power  ;                       ; 1.2V    ; --         ;                 ; --       ; --           ;
; M12      ;            ; --       ; VCC                                            ; power  ;                       ; 1.2V    ; --         ;                 ; --       ; --           ;
; M13      ;            ; --       ; VCC                                            ; power  ;                       ; 1.2V    ; --         ;                 ; --       ; --           ;
; M14      ; 334        ; 6        ; RESERVED_INPUT_WITH_WEAK_PULLUP                ;        ;                       ;         ; Row I/O    ;                 ; no       ; On           ;
; M15      ; 332        ; 6        ; RESERVED_INPUT_WITH_WEAK_PULLUP                ;        ;                       ;         ; Row I/O    ;                 ; no       ; On           ;
; M16      ;            ;          ; GND                                            ; gnd    ;                       ;         ; --         ;                 ; --       ; --           ;
; M17      ;            ; 6        ; VCCIO6                                         ; power  ;                       ; 2.5V    ; --         ;                 ; --       ; --           ;
; M18      ; 348        ; 6        ; RESERVED_INPUT_WITH_WEAK_PULLUP                ;        ;                       ;         ; Row I/O    ;                 ; no       ; On           ;
; M19      ;            ;          ; GND                                            ; gnd    ;                       ;         ; --         ;                 ; --       ; --           ;
; M20      ; 337        ; 6        ; RESERVED_INPUT_WITH_WEAK_PULLUP                ;        ;                       ;         ; Row I/O    ;                 ; no       ; On           ;
; M21      ; 312        ; 5        ; RESERVED_INPUT_WITH_WEAK_PULLUP                ;        ;                       ;         ; Row I/O    ;                 ; no       ; On           ;
; M22      ; 315        ; 5        ; RESERVED_INPUT_WITH_WEAK_PULLUP                ;        ;                       ;         ; Row I/O    ;                 ; no       ; On           ;
; N1       ; 87         ; 2        ; vsync                                          ; output ; 3.3-V LVTTL           ;         ; Row I/O    ; Y               ; no       ; Off          ;
; N2       ; 75         ; 2        ; B[3]                                           ; output ; 3.3-V LVTTL           ;         ; Row I/O    ; Y               ; no       ; Off          ;
; N3       ; 73         ; 2        ; hsync                                          ; output ; 3.3-V LVTTL           ;         ; Row I/O    ; Y               ; no       ; Off          ;
; N4       ; 56         ; 2        ; RESERVED_INPUT_WITH_WEAK_PULLUP                ;        ;                       ;         ; Row I/O    ;                 ; no       ; On           ;
; N5       ; 58         ; 2        ; RESERVED_INPUT_WITH_WEAK_PULLUP                ;        ;                       ;         ; Row I/O    ;                 ; no       ; On           ;
; N6       ;            ; 2        ; VCCIO2                                         ; power  ;                       ; 3.3V    ; --         ;                 ; --       ; --           ;
; N7       ;            ; 2        ; VCCIO2                                         ; power  ;                       ; 3.3V    ; --         ;                 ; --       ; --           ;
; N8       ; 84         ; 2        ; RESERVED_INPUT_WITH_WEAK_PULLUP                ;        ;                       ;         ; Row I/O    ;                 ; no       ; On           ;
; N9       ; 86         ; 2        ; RESERVED_INPUT_WITH_WEAK_PULLUP                ;        ;                       ;         ; Row I/O    ;                 ; no       ; On           ;
; N10      ;            ; --       ; VCC                                            ; power  ;                       ; 1.2V    ; --         ;                 ; --       ; --           ;
; N11      ;            ;          ; GND                                            ; gnd    ;                       ;         ; --         ;                 ; --       ; --           ;
; N12      ;            ; --       ; VCC                                            ; power  ;                       ; 1.2V    ; --         ;                 ; --       ; --           ;
; N13      ;            ;          ; GND                                            ; gnd    ;                       ;         ; --         ;                 ; --       ; --           ;
; N14      ; 320        ; 6        ; RESERVED_INPUT_WITH_WEAK_PULLUP                ;        ;                       ;         ; Row I/O    ;                 ; no       ; On           ;
; N15      ; 322        ; 6        ; RESERVED_INPUT_WITH_WEAK_PULLUP                ;        ;                       ;         ; Row I/O    ;                 ; no       ; On           ;
; N16      ;            ; 5        ; VCCIO5                                         ; power  ;                       ; 2.5V    ; --         ;                 ; --       ; --           ;
; N17      ;            ; 6        ; VCCIO6                                         ; power  ;                       ; 2.5V    ; --         ;                 ; --       ; --           ;
; N18      ; 336        ; 6        ; RESERVED_INPUT_WITH_WEAK_PULLUP                ;        ;                       ;         ; Row I/O    ;                 ; no       ; On           ;
; N19      ; 338        ; 6        ; RESERVED_INPUT_WITH_WEAK_PULLUP                ;        ;                       ;         ; Row I/O    ;                 ; no       ; On           ;
; N20      ; 339        ; 6        ; RESERVED_INPUT_WITH_WEAK_PULLUP                ;        ;                       ;         ; Row I/O    ;                 ; no       ; On           ;
; N21      ; 313        ; 5        ; RESERVED_INPUT_WITH_WEAK_PULLUP                ;        ;                       ;         ; Row I/O    ;                 ; no       ; On           ;
; N22      ; 307        ; 5        ; RESERVED_INPUT_WITH_WEAK_PULLUP                ;        ;                       ;         ; Row I/O    ;                 ; no       ; On           ;
; P1       ; 85         ; 2        ; B[0]                                           ; output ; 3.3-V LVTTL           ;         ; Row I/O    ; Y               ; no       ; Off          ;
; P2       ;            ;          ; GND                                            ; gnd    ;                       ;         ; --         ;                 ; --       ; --           ;
; P3       ; 76         ; 2        ; RESERVED_INPUT_WITH_WEAK_PULLUP                ;        ;                       ;         ; Row I/O    ;                 ; no       ; On           ;
; P4       ; 57         ; 2        ; B[2]                                           ; output ; 3.3-V LVTTL           ;         ; Row I/O    ; Y               ; no       ; Off          ;
; P5       ; 59         ; 2        ; RESERVED_INPUT_WITH_WEAK_PULLUP                ;        ;                       ;         ; Row I/O    ;                 ; no       ; On           ;
; P6       ;            ;          ; GND                                            ; gnd    ;                       ;         ; --         ;                 ; --       ; --           ;
; P7       ;            ; 2        ; VCCIO2                                         ; power  ;                       ; 3.3V    ; --         ;                 ; --       ; --           ;
; P8       ; 96         ; 2        ; RESERVED_INPUT_WITH_WEAK_PULLUP                ;        ;                       ;         ; Row I/O    ;                 ; no       ; On           ;
; P9       ; 142        ; 3        ; RESERVED_INPUT_WITH_WEAK_PULLUP                ;        ;                       ;         ; Column I/O ;                 ; no       ; On           ;
; P10      ; 154        ; 3        ; RESERVED_INPUT_WITH_WEAK_PULLUP                ;        ;                       ;         ; Column I/O ;                 ; no       ; On           ;
; P11      ; 166        ; 3        ; clock                                          ; input  ; 3.3-V LVTTL           ;         ; Column I/O ; Y               ; no       ; Off          ;
; P12      ; 178        ; 4        ; RESERVED_INPUT_WITH_WEAK_PULLUP                ;        ;                       ;         ; Column I/O ;                 ; no       ; On           ;
; P13      ; 198        ; 4        ; RESERVED_INPUT_WITH_WEAK_PULLUP                ;        ;                       ;         ; Column I/O ;                 ; no       ; On           ;
; P14      ; 306        ; 5        ; RESERVED_INPUT_WITH_WEAK_PULLUP                ;        ;                       ;         ; Row I/O    ;                 ; no       ; On           ;
; P15      ; 304        ; 5        ; RESERVED_INPUT_WITH_WEAK_PULLUP                ;        ;                       ;         ; Row I/O    ;                 ; no       ; On           ;
; P16      ;            ; 5        ; VCCIO5                                         ; power  ;                       ; 2.5V    ; --         ;                 ; --       ; --           ;
; P17      ;            ;          ; GND                                            ; gnd    ;                       ;         ; --         ;                 ; --       ; --           ;
; P18      ; 310        ; 5        ; RESERVED_INPUT_WITH_WEAK_PULLUP                ;        ;                       ;         ; Row I/O    ;                 ; no       ; On           ;
; P19      ; 309        ; 5        ; RESERVED_INPUT_WITH_WEAK_PULLUP                ;        ;                       ;         ; Row I/O    ;                 ; no       ; On           ;
; P20      ; 311        ; 5        ; RESERVED_INPUT_WITH_WEAK_PULLUP                ;        ;                       ;         ; Row I/O    ;                 ; no       ; On           ;
; P21      ; 305        ; 5        ; RESERVED_INPUT_WITH_WEAK_PULLUP                ;        ;                       ;         ; Row I/O    ;                 ; no       ; On           ;
; P22      ; 303        ; 5        ; RESERVED_INPUT_WITH_WEAK_PULLUP                ;        ;                       ;         ; Row I/O    ;                 ; --       ; --           ;
; R1       ; 121        ; 2        ; G[3]                                           ; output ; 3.3-V LVTTL           ;         ; Row I/O    ; Y               ; no       ; Off          ;
; R2       ; 123        ; 2        ; G[2]                                           ; output ; 3.3-V LVTTL           ;         ; Row I/O    ; Y               ; no       ; Off          ;
; R3       ; 78         ; 2        ; RESERVED_INPUT_WITH_WEAK_PULLUP                ;        ;                       ;         ; Row I/O    ;                 ; no       ; On           ;
; R4       ; 80         ; 2        ; RESERVED_INPUT_WITH_WEAK_PULLUP                ;        ;                       ;         ; Row I/O    ;                 ; no       ; On           ;
; R5       ; 82         ; 2        ; RESERVED_INPUT_WITH_WEAK_PULLUP                ;        ;                       ;         ; Row I/O    ;                 ; no       ; On           ;
; R6       ;            ; 2        ; VCCIO2                                         ; power  ;                       ; 3.3V    ; --         ;                 ; --       ; --           ;
; R7       ; 98         ; 2        ; RESERVED_INPUT_WITH_WEAK_PULLUP                ;        ;                       ;         ; Row I/O    ;                 ; no       ; On           ;
; R8       ;            ; --       ; VCCA1                                          ; power  ;                       ; 2.5V    ; --         ;                 ; --       ; --           ;
; R9       ; 140        ; 3        ; RESERVED_INPUT_WITH_WEAK_PULLUP                ;        ;                       ;         ; Column I/O ;                 ; no       ; On           ;
; R10      ; 152        ; 3        ; RESERVED_INPUT_WITH_WEAK_PULLUP                ;        ;                       ;         ; Column I/O ;                 ; no       ; On           ;
; R11      ; 164        ; 3        ; RESERVED_INPUT_WITH_WEAK_PULLUP                ;        ;                       ;         ; Column I/O ;                 ; no       ; On           ;
; R12      ; 176        ; 4        ; RESERVED_INPUT_WITH_WEAK_PULLUP                ;        ;                       ;         ; Column I/O ;                 ; no       ; On           ;
; R13      ; 196        ; 4        ; RESERVED_INPUT_WITH_WEAK_PULLUP                ;        ;                       ;         ; Column I/O ;                 ; no       ; On           ;
; R14      ; 294        ; 5        ; RESERVED_INPUT_WITH_WEAK_PULLUP                ;        ;                       ;         ; Row I/O    ;                 ; no       ; On           ;
; R15      ; 292        ; 5        ; RESERVED_INPUT_WITH_WEAK_PULLUP                ;        ;                       ;         ; Row I/O    ;                 ; no       ; On           ;
; R16      ;            ; 5        ; VCCIO5                                         ; power  ;                       ; 2.5V    ; --         ;                 ; --       ; --           ;
; R17      ;            ; 5        ; VCCIO5                                         ; power  ;                       ; 2.5V    ; --         ;                 ; --       ; --           ;
; R18      ; 308        ; 5        ; RESERVED_INPUT_WITH_WEAK_PULLUP                ;        ;                       ;         ; Row I/O    ;                 ; no       ; On           ;
; R19      ;            ;          ; GND                                            ; gnd    ;                       ;         ; --         ;                 ; --       ; --           ;
; R20      ; 299        ; 5        ; RESERVED_INPUT_WITH_WEAK_PULLUP                ;        ;                       ;         ; Row I/O    ;                 ; no       ; On           ;
; R21      ;            ;          ; GND                                            ; gnd    ;                       ;         ; --         ;                 ; --       ; --           ;
; R22      ; 301        ; 5        ; RESERVED_INPUT_WITH_WEAK_PULLUP                ;        ;                       ;         ; Row I/O    ;                 ; no       ; On           ;
; T1       ; 81         ; 2        ; B[1]                                           ; output ; 3.3-V LVTTL           ;         ; Row I/O    ; Y               ; no       ; Off          ;
; T2       ; 83         ; 2        ; G[1]                                           ; output ; 3.3-V LVTTL           ;         ; Row I/O    ; Y               ; no       ; Off          ;
; T3       ; 88         ; 2        ; RESERVED_INPUT_WITH_WEAK_PULLUP                ;        ;                       ;         ; Row I/O    ;                 ; no       ; On           ;
; T4       ;            ;          ; GND                                            ; gnd    ;                       ;         ; --         ;                 ; --       ; --           ;
; T5       ; 120        ; 2        ; RESERVED_INPUT_WITH_WEAK_PULLUP                ;        ;                       ;         ; Row I/O    ;                 ; no       ; On           ;
; T6       ; 122        ; 2        ; RESERVED_INPUT_WITH_WEAK_PULLUP                ;        ;                       ;         ; Row I/O    ;                 ; no       ; On           ;
; T7       ;            ;          ; VCCD_PLL1                                      ; power  ;                       ; 1.2V    ; --         ;                 ; --       ; --           ;
; T8       ;            ;          ; GND                                            ; gnd    ;                       ;         ; --         ;                 ; --       ; --           ;
; T9       ;            ; 3        ; VCCIO3                                         ; power  ;                       ; 3.3V    ; --         ;                 ; --       ; --           ;
; T10      ;            ; 3        ; VCCIO3                                         ; power  ;                       ; 3.3V    ; --         ;                 ; --       ; --           ;
; T11      ;            ; 3        ; VCCIO3                                         ; power  ;                       ; 3.3V    ; --         ;                 ; --       ; --           ;
; T12      ;            ; 4        ; VCCIO4                                         ; power  ;                       ; 2.5V    ; --         ;                 ; --       ; --           ;
; T13      ;            ; 4        ; VCCIO4                                         ; power  ;                       ; 2.5V    ; --         ;                 ; --       ; --           ;
; T14      ;            ;          ; GND                                            ; gnd    ;                       ;         ; --         ;                 ; --       ; --           ;
; T15      ;            ; --       ; VCCA4                                          ; power  ;                       ; 2.5V    ; --         ;                 ; --       ; --           ;
; T16      ;            ;          ; GND                                            ; gnd    ;                       ;         ; --         ;                 ; --       ; --           ;
; T17      ;            ; 5        ; VCCIO5                                         ; power  ;                       ; 2.5V    ; --         ;                 ; --       ; --           ;
; T18      ; 298        ; 5        ; RESERVED_INPUT_WITH_WEAK_PULLUP                ;        ;                       ;         ; Row I/O    ;                 ; no       ; On           ;
; T19      ; 296        ; 5        ; RESERVED_INPUT_WITH_WEAK_PULLUP                ;        ;                       ;         ; Row I/O    ;                 ; no       ; On           ;
; T20      ; 297        ; 5        ; RESERVED_INPUT_WITH_WEAK_PULLUP                ;        ;                       ;         ; Row I/O    ;                 ; no       ; On           ;
; T21      ; 293        ; 5        ; RESERVED_INPUT_WITH_WEAK_PULLUP                ;        ;                       ;         ; Row I/O    ;                 ; no       ; On           ;
; T22      ; 295        ; 5        ; RESERVED_INPUT_WITH_WEAK_PULLUP                ;        ;                       ;         ; Row I/O    ;                 ; no       ; On           ;
; U1       ; 89         ; 2        ; RESERVED_INPUT_WITH_WEAK_PULLUP                ;        ;                       ;         ; Row I/O    ;                 ; no       ; On           ;
; U2       ; 90         ; 2        ; RESERVED_INPUT_WITH_WEAK_PULLUP                ;        ;                       ;         ; Row I/O    ;                 ; no       ; On           ;
; U3       ; 93         ; 2        ; RESERVED_INPUT_WITH_WEAK_PULLUP                ;        ;                       ;         ; Row I/O    ;                 ; no       ; On           ;
; U4       ; 92         ; 2        ; RESERVED_INPUT_WITH_WEAK_PULLUP                ;        ;                       ;         ; Row I/O    ;                 ; no       ; On           ;
; U5       ; 94         ; 2        ; RESERVED_INPUT_WITH_WEAK_PULLUP                ;        ;                       ;         ; Row I/O    ;                 ; no       ; On           ;
; U6       ; 128        ; 3        ; RESERVED_INPUT_WITH_WEAK_PULLUP                ;        ;                       ;         ; Column I/O ;                 ; no       ; On           ;
; U7       ; 130        ; 3        ; RESERVED_INPUT_WITH_WEAK_PULLUP                ;        ;                       ;         ; Column I/O ;                 ; no       ; On           ;
; U8       ;            ; 3        ; VCCIO3                                         ; power  ;                       ; 3.3V    ; --         ;                 ; --       ; --           ;
; U9       ;            ; 3        ; VCCIO3                                         ; power  ;                       ; 3.3V    ; --         ;                 ; --       ; --           ;
; U10      ;            ;          ; GND                                            ; gnd    ;                       ;         ; --         ;                 ; --       ; --           ;
; U11      ;            ; 4        ; VCCIO4                                         ; power  ;                       ; 2.5V    ; --         ;                 ; --       ; --           ;
; U12      ;            ; 4        ; VCCIO4                                         ; power  ;                       ; 2.5V    ; --         ;                 ; --       ; --           ;
; U13      ;            ;          ; GND                                            ; gnd    ;                       ;         ; --         ;                 ; --       ; --           ;
; U14      ;            ; 4        ; VCCIO4                                         ; power  ;                       ; 2.5V    ; --         ;                 ; --       ; --           ;
; U15      ; 208        ; 4        ; RESERVED_INPUT_WITH_WEAK_PULLUP                ;        ;                       ;         ; Column I/O ;                 ; no       ; On           ;
; U16      ;            ;          ; VCCD_PLL4                                      ; power  ;                       ; 1.2V    ; --         ;                 ; --       ; --           ;
; U17      ; 246        ; 5        ; RESERVED_INPUT_WITH_WEAK_PULLUP                ;        ;                       ;         ; Row I/O    ;                 ; no       ; On           ;
; U18      ; 244        ; 5        ; RESERVED_INPUT_WITH_WEAK_PULLUP                ;        ;                       ;         ; Row I/O    ;                 ; no       ; On           ;
; U19      ; 282        ; 5        ; RESERVED_INPUT_WITH_WEAK_PULLUP                ;        ;                       ;         ; Row I/O    ;                 ; no       ; On           ;
; U20      ; 290        ; 5        ; RESERVED_INPUT_WITH_WEAK_PULLUP                ;        ;                       ;         ; Row I/O    ;                 ; no       ; On           ;
; U21      ; 300        ; 5        ; RESERVED_INPUT_WITH_WEAK_PULLUP                ;        ;                       ;         ; Row I/O    ;                 ; no       ; On           ;
; U22      ; 302        ; 5        ; RESERVED_INPUT_WITH_WEAK_PULLUP                ;        ;                       ;         ; Row I/O    ;                 ; no       ; On           ;
; V1       ; 91         ; 2        ; R[1]                                           ; output ; 3.3-V LVTTL           ;         ; Row I/O    ; Y               ; no       ; Off          ;
; V2       ;            ;          ; GND                                            ; gnd    ;                       ;         ; --         ;                 ; --       ; --           ;
; V3       ; 95         ; 2        ; RESERVED_INPUT_WITH_WEAK_PULLUP                ;        ;                       ;         ; Row I/O    ;                 ; no       ; On           ;
; V4       ; 125        ; 3        ; RESERVED_INPUT_WITH_WEAK_PULLUP                ;        ;                       ;         ; Column I/O ;                 ; no       ; On           ;
; V5       ; 127        ; 3        ; RESERVED_INPUT_WITH_WEAK_PULLUP                ;        ;                       ;         ; Column I/O ;                 ; no       ; On           ;
; V6       ;            ;          ; GND                                            ; gnd    ;                       ;         ; --         ;                 ; --       ; --           ;
; V7       ; 136        ; 3        ; RESERVED_INPUT_WITH_WEAK_PULLUP                ;        ;                       ;         ; Column I/O ;                 ; no       ; On           ;
; V8       ; 138        ; 3        ; RESERVED_INPUT_WITH_WEAK_PULLUP                ;        ;                       ;         ; Column I/O ;                 ; no       ; On           ;
; V9       ; 160        ; 3        ; RESERVED_INPUT_WITH_WEAK_PULLUP                ;        ;                       ;         ; Column I/O ;                 ; no       ; On           ;
; V10      ; 162        ; 3        ; dht11_data                                     ; bidir  ; 3.3-V LVTTL           ;         ; Column I/O ; Y               ; no       ; Off          ;
; V11      ; 172        ; 4        ; RESERVED_INPUT_WITH_WEAK_PULLUP                ;        ;                       ;         ; Column I/O ;                 ; no       ; On           ;
; V12      ; 174        ; 4        ; RESERVED_INPUT_WITH_WEAK_PULLUP                ;        ;                       ;         ; Column I/O ;                 ; no       ; On           ;
; V13      ; 192        ; 4        ; RESERVED_INPUT_WITH_WEAK_PULLUP                ;        ;                       ;         ; Column I/O ;                 ; no       ; On           ;
; V14      ; 204        ; 4        ; RESERVED_INPUT_WITH_WEAK_PULLUP                ;        ;                       ;         ; Column I/O ;                 ; no       ; On           ;
; V15      ; 216        ; 4        ; RESERVED_INPUT_WITH_WEAK_PULLUP                ;        ;                       ;         ; Column I/O ;                 ; no       ; On           ;
; V16      ; 210        ; 4        ; RESERVED_INPUT_WITH_WEAK_PULLUP                ;        ;                       ;         ; Column I/O ;                 ; no       ; On           ;
; V17      ; 242        ; 4        ; RESERVED_INPUT_WITH_WEAK_PULLUP                ;        ;                       ;         ; Column I/O ;                 ; no       ; On           ;
; V18      ; 280        ; 5        ; RESERVED_INPUT_WITH_WEAK_PULLUP                ;        ;                       ;         ; Row I/O    ;                 ; no       ; On           ;
; V19      ;            ;          ; GND                                            ; gnd    ;                       ;         ; --         ;                 ; --       ; --           ;
; V20      ; 288        ; 5        ; RESERVED_INPUT_WITH_WEAK_PULLUP                ;        ;                       ;         ; Row I/O    ;                 ; no       ; On           ;
; V21      ; 289        ; 5        ; RESERVED_INPUT_WITH_WEAK_PULLUP                ;        ;                       ;         ; Row I/O    ;                 ; no       ; On           ;
; V22      ; 291        ; 5        ; RESERVED_INPUT_WITH_WEAK_PULLUP                ;        ;                       ;         ; Row I/O    ;                 ; no       ; On           ;
; W1       ; 97         ; 2        ; G[0]                                           ; output ; 3.3-V LVTTL           ;         ; Row I/O    ; Y               ; no       ; Off          ;
; W2       ; 99         ; 2        ; RESERVED_INPUT_WITH_WEAK_PULLUP                ;        ;                       ;         ; Row I/O    ;                 ; no       ; On           ;
; W3       ; 134        ; 3        ; RESERVED_INPUT_WITH_WEAK_PULLUP                ;        ;                       ;         ; Column I/O ;                 ; no       ; On           ;
; W4       ; 132        ; 3        ; RESERVED_INPUT_WITH_WEAK_PULLUP                ;        ;                       ;         ; Column I/O ;                 ; no       ; On           ;
; W5       ; 124        ; 3        ; RESERVED_INPUT_WITH_WEAK_PULLUP                ;        ;                       ;         ; Column I/O ;                 ; no       ; On           ;
; W6       ; 126        ; 3        ; RESERVED_INPUT_WITH_WEAK_PULLUP                ;        ;                       ;         ; Column I/O ;                 ; no       ; On           ;
; W7       ; 148        ; 3        ; RESERVED_INPUT_WITH_WEAK_PULLUP                ;        ;                       ;         ; Column I/O ;                 ; no       ; On           ;
; W8       ; 150        ; 3        ; RESERVED_INPUT_WITH_WEAK_PULLUP                ;        ;                       ;         ; Column I/O ;                 ; no       ; On           ;
; W9       ; 144        ; 3        ; RESERVED_INPUT_WITH_WEAK_PULLUP                ;        ;                       ;         ; Column I/O ;                 ; no       ; On           ;
; W10      ; 146        ; 3        ; ds18_data                                      ; bidir  ; 3.3-V LVTTL           ;         ; Column I/O ; Y               ; no       ; Off          ;
; W11      ; 173        ; 4        ; RESERVED_INPUT_WITH_WEAK_PULLUP                ;        ;                       ;         ; Column I/O ;                 ; no       ; On           ;
; W12      ; 193        ; 4        ; RESERVED_INPUT_WITH_WEAK_PULLUP                ;        ;                       ;         ; Column I/O ;                 ; no       ; On           ;
; W13      ; 195        ; 4        ; RESERVED_INPUT_WITH_WEAK_PULLUP                ;        ;                       ;         ; Column I/O ;                 ; no       ; On           ;
; W14      ; 194        ; 4        ; RESERVED_INPUT_WITH_WEAK_PULLUP                ;        ;                       ;         ; Column I/O ;                 ; no       ; On           ;
; W15      ; 206        ; 4        ; RESERVED_INPUT_WITH_WEAK_PULLUP                ;        ;                       ;         ; Column I/O ;                 ; no       ; On           ;
; W16      ; 218        ; 4        ; RESERVED_INPUT_WITH_WEAK_PULLUP                ;        ;                       ;         ; Column I/O ;                 ; no       ; On           ;
; W17      ; 240        ; 4        ; RESERVED_INPUT_WITH_WEAK_PULLUP                ;        ;                       ;         ; Column I/O ;                 ; no       ; On           ;
; W18      ; 226        ; 4        ; RESERVED_INPUT_WITH_WEAK_PULLUP                ;        ;                       ;         ; Column I/O ;                 ; no       ; On           ;
; W19      ; 284        ; 5        ; RESERVED_INPUT_WITH_WEAK_PULLUP                ;        ;                       ;         ; Row I/O    ;                 ; no       ; On           ;
; W20      ; 286        ; 5        ; RESERVED_INPUT_WITH_WEAK_PULLUP                ;        ;                       ;         ; Row I/O    ;                 ; no       ; On           ;
; W21      ;            ;          ; GND                                            ; gnd    ;                       ;         ; --         ;                 ; --       ; --           ;
; W22      ; 283        ; 5        ; RESERVED_INPUT_WITH_WEAK_PULLUP                ;        ;                       ;         ; Row I/O    ;                 ; no       ; On           ;
; Y1       ; 129        ; 3        ; R[3]                                           ; output ; 3.3-V LVTTL           ;         ; Column I/O ; Y               ; no       ; Off          ;
; Y2       ; 131        ; 3        ; R[2]                                           ; output ; 3.3-V LVTTL           ;         ; Column I/O ; Y               ; no       ; Off          ;
; Y3       ; 149        ; 3        ; RESERVED_INPUT_WITH_WEAK_PULLUP                ;        ;                       ;         ; Column I/O ;                 ; no       ; On           ;
; Y4       ; 151        ; 3        ; RESERVED_INPUT_WITH_WEAK_PULLUP                ;        ;                       ;         ; Column I/O ;                 ; no       ; On           ;
; Y5       ; 137        ; 3        ; RESERVED_INPUT_WITH_WEAK_PULLUP                ;        ;                       ;         ; Column I/O ;                 ; no       ; On           ;
; Y6       ; 139        ; 3        ; RESERVED_INPUT_WITH_WEAK_PULLUP                ;        ;                       ;         ; Column I/O ;                 ; no       ; On           ;
; Y7       ; 141        ; 3        ; RESERVED_INPUT_WITH_WEAK_PULLUP                ;        ;                       ;         ; Column I/O ;                 ; no       ; On           ;
; Y8       ; 143        ; 3        ; RESERVED_INPUT_WITH_WEAK_PULLUP                ;        ;                       ;         ; Column I/O ;                 ; no       ; On           ;
; Y9       ;            ;          ; GND                                            ; gnd    ;                       ;         ; --         ;                 ; --       ; --           ;
; Y10      ; 168        ; 3        ; RESERVED_INPUT_WITH_WEAK_PULLUP                ;        ;                       ;         ; Column I/O ;                 ; no       ; On           ;
; Y11      ; 175        ; 4        ; RESERVED_INPUT_WITH_WEAK_PULLUP                ;        ;                       ;         ; Column I/O ;                 ; no       ; On           ;
; Y12      ;            ;          ; GND                                            ; gnd    ;                       ;         ; --         ;                 ; --       ; --           ;
; Y13      ; 200        ; 4        ; RESERVED_INPUT_WITH_WEAK_PULLUP                ;        ;                       ;         ; Column I/O ;                 ; no       ; On           ;
; Y14      ; 202        ; 4        ; RESERVED_INPUT_WITH_WEAK_PULLUP                ;        ;                       ;         ; Column I/O ;                 ; no       ; On           ;
; Y15      ;            ;          ; GND                                            ; gnd    ;                       ;         ; --         ;                 ; --       ; --           ;
; Y16      ; 207        ; 4        ; RESERVED_INPUT_WITH_WEAK_PULLUP                ;        ;                       ;         ; Column I/O ;                 ; no       ; On           ;
; Y17      ; 214        ; 4        ; RESERVED_INPUT_WITH_WEAK_PULLUP                ;        ;                       ;         ; Column I/O ;                 ; no       ; On           ;
; Y18      ; 219        ; 4        ; RESERVED_INPUT_WITH_WEAK_PULLUP                ;        ;                       ;         ; Column I/O ;                 ; no       ; On           ;
; Y19      ; 224        ; 4        ; RESERVED_INPUT_WITH_WEAK_PULLUP                ;        ;                       ;         ; Column I/O ;                 ; no       ; On           ;
; Y20      ; 285        ; 5        ; RESERVED_INPUT_WITH_WEAK_PULLUP                ;        ;                       ;         ; Row I/O    ;                 ; no       ; On           ;
; Y21      ; 287        ; 5        ; RESERVED_INPUT_WITH_WEAK_PULLUP                ;        ;                       ;         ; Row I/O    ;                 ; no       ; On           ;
; Y22      ; 281        ; 5        ; RESERVED_INPUT_WITH_WEAK_PULLUP                ;        ;                       ;         ; Row I/O    ;                 ; no       ; On           ;
+----------+------------+----------+------------------------------------------------+--------+-----------------------+---------+------------+-----------------+----------+--------------+
Note: Pin directions (input, output or bidir) are based on device operating in user mode.


+-------------------------------------------------------------------------------------------------------------------------------------------------------------------------------------------------------+
; PLL Summary                                                                                                                                                                                           ;
+-------------------------------+---------------------------------------------------------------------------------------+-------------------------------------------------------------------------------+
; Name                          ; pll_25MHz:pll_25MHz_inst|altpll:altpll_component|pll_25MHz_altpll:auto_generated|pll1 ; pll_1MHz:pll_inst|altpll:altpll_component|pll_1MHz_altpll:auto_generated|pll1 ;
+-------------------------------+---------------------------------------------------------------------------------------+-------------------------------------------------------------------------------+
; SDC pin name                  ; pll_25MHz_inst|altpll_component|auto_generated|pll1                                   ; pll_inst|altpll_component|auto_generated|pll1                                 ;
; PLL mode                      ; Normal                                                                                ; Normal                                                                        ;
; Compensate clock              ; clock0                                                                                ; clock0                                                                        ;
; Compensated input/output pins ; --                                                                                    ; --                                                                            ;
; Switchover type               ; --                                                                                    ; --                                                                            ;
; Input frequency 0             ; 50.0 MHz                                                                              ; 50.0 MHz                                                                      ;
; Input frequency 1             ; --                                                                                    ; --                                                                            ;
; Nominal PFD frequency         ; 50.0 MHz                                                                              ; 50.0 MHz                                                                      ;
; Nominal VCO frequency         ; 600.0 MHz                                                                             ; 500.0 MHz                                                                     ;
; VCO post scale K counter      ; 2                                                                                     ; 2                                                                             ;
; VCO frequency control         ; Auto                                                                                  ; Auto                                                                          ;
; VCO phase shift step          ; 208 ps                                                                                ; 250 ps                                                                        ;
; VCO multiply                  ; --                                                                                    ; --                                                                            ;
; VCO divide                    ; --                                                                                    ; --                                                                            ;
; Freq min lock                 ; 25.0 MHz                                                                              ; 30.0 MHz                                                                      ;
; Freq max lock                 ; 54.18 MHz                                                                             ; 65.02 MHz                                                                     ;
; M VCO Tap                     ; 0                                                                                     ; 0                                                                             ;
; M Initial                     ; 1                                                                                     ; 1                                                                             ;
; M value                       ; 12                                                                                    ; 10                                                                            ;
; N value                       ; 1                                                                                     ; 1                                                                             ;
; Charge pump current           ; setting 1                                                                             ; setting 1                                                                     ;
; Loop filter resistance        ; setting 27                                                                            ; setting 27                                                                    ;
; Loop filter capacitance       ; setting 0                                                                             ; setting 0                                                                     ;
; Bandwidth                     ; 680 kHz to 980 kHz                                                                    ; 1.03 MHz to 1.97 MHz                                                          ;
; Bandwidth type                ; Medium                                                                                ; Medium                                                                        ;
; Real time reconfigurable      ; Off                                                                                   ; Off                                                                           ;
; Scan chain MIF file           ; --                                                                                    ; --                                                                            ;
; Preserve PLL counter order    ; Off                                                                                   ; Off                                                                           ;
; PLL location                  ; PLL_1                                                                                 ; PLL_4                                                                         ;
; Inclk0 signal                 ; clock                                                                                 ; clock                                                                         ;
; Inclk1 signal                 ; --                                                                                    ; --                                                                            ;
; Inclk0 signal type            ; Dedicated Pin                                                                         ; Dedicated Pin                                                                 ;
; Inclk1 signal type            ; --                                                                                    ; --                                                                            ;
+-------------------------------+---------------------------------------------------------------------------------------+-------------------------------------------------------------------------------+


+------------------------------------------------------------------------------------------------------------------------------------------------------------------------------------------------------------------------------------------------------------------------------------------------------------------------------------------+
; PLL Usage                                                                                                                                                                                                                                                                                                                                ;
+---------------------------------------------------------------------------------------------------+--------------+------+-----+------------------+-------------+------------------+------------+---------+---------------+--------------+---------------+---------+---------+------------------------------------------------------------+
; Name                                                                                              ; Output Clock ; Mult ; Div ; Output Frequency ; Phase Shift ; Phase Shift Step ; Duty Cycle ; Counter ; Counter Value ; High / Low   ; Cascade Input ; Initial ; VCO Tap ; SDC Pin Name                                               ;
+---------------------------------------------------------------------------------------------------+--------------+------+-----+------------------+-------------+------------------+------------+---------+---------------+--------------+---------------+---------+---------+------------------------------------------------------------+
; pll_25MHz:pll_25MHz_inst|altpll:altpll_component|pll_25MHz_altpll:auto_generated|wire_pll1_clk[0] ; clock0       ; 1    ; 2   ; 25.0 MHz         ; 0 (0 ps)    ; 1.88 (208 ps)    ; 50/50      ; C0      ; 24            ; 12/12 Even   ; --            ; 1       ; 0       ; pll_25MHz_inst|altpll_component|auto_generated|pll1|clk[0] ;
; pll_1MHz:pll_inst|altpll:altpll_component|pll_1MHz_altpll:auto_generated|wire_pll1_clk[0]         ; clock0       ; 1    ; 50  ; 1.0 MHz          ; 0 (0 ps)    ; 0.09 (250 ps)    ; 50/50      ; C0      ; 500           ; 250/250 Even ; --            ; 1       ; 0       ; pll_inst|altpll_component|auto_generated|pll1|clk[0]       ;
+---------------------------------------------------------------------------------------------------+--------------+------+-----+------------------+-------------+------------------+------------+---------+---------------+--------------+---------------+---------+---------+------------------------------------------------------------+


+-------------------------------------+
; I/O Assignment Warnings             ;
+------------+------------------------+
; Pin Name   ; Reason                 ;
+------------+------------------------+
; vsync      ; Missing drive strength ;
; hsync      ; Missing drive strength ;
; R[0]       ; Missing drive strength ;
; R[1]       ; Missing drive strength ;
; R[2]       ; Missing drive strength ;
; R[3]       ; Missing drive strength ;
; G[0]       ; Missing drive strength ;
; G[1]       ; Missing drive strength ;
; G[2]       ; Missing drive strength ;
; G[3]       ; Missing drive strength ;
; B[0]       ; Missing drive strength ;
; B[1]       ; Missing drive strength ;
; B[2]       ; Missing drive strength ;
; B[3]       ; Missing drive strength ;
; dht11_data ; Missing drive strength ;
; ds18_data  ; Missing drive strength ;
+------------+------------------------+


+---------------------------------------------------------------------------------------------------------------------------------------------------------------------------------------------------------------------------------------------------------------------------------------------------------------------------------------------------------------------------------------------------------------------------------------------------------+
; Fitter Resource Utilization by Entity                                                                                                                                                                                                                                                                                                                                                                                                                   ;
+---------------------------------------------+-------------+---------------------------+---------------+-------------+------+------------+--------------+---------+-----------+------+--------------+--------------+-------------------+------------------+------------+--------------------------------------------------------------------------------------------------------------------------------------------+---------------------+--------------+
; Compilation Hierarchy Node                  ; Logic Cells ; Dedicated Logic Registers ; I/O Registers ; Memory Bits ; M9Ks ; UFM Blocks ; DSP Elements ; DSP 9x9 ; DSP 18x18 ; Pins ; Virtual Pins ; LUT-Only LCs ; Register-Only LCs ; LUT/Register LCs ; ADC blocks ; Full Hierarchy Name                                                                                                                        ; Entity Name         ; Library Name ;
+---------------------------------------------+-------------+---------------------------+---------------+-------------+------+------------+--------------+---------+-----------+------+--------------+--------------+-------------------+------------------+------------+--------------------------------------------------------------------------------------------------------------------------------------------+---------------------+--------------+
; |BP                                         ; 5058 (3768) ; 3420 (3086)               ; 0 (0)         ; 0           ; 0    ; 1          ; 0            ; 0       ; 0         ; 18   ; 0            ; 1638 (682)   ; 787 (779)         ; 2633 (2308)      ; 0          ; |BP                                                                                                                                        ; BP                  ; work         ;
;    |data_to_text_dht:data_to_text_dht_inst| ; 220 (60)    ; 13 (13)                   ; 0 (0)         ; 0           ; 0    ; 0          ; 0            ; 0       ; 0         ; 0    ; 0            ; 207 (47)     ; 1 (1)             ; 12 (12)          ; 0          ; |BP|data_to_text_dht:data_to_text_dht_inst                                                                                                 ; data_to_text_dht    ; work         ;
;       |lpm_divide:Div0|                     ; 30 (0)      ; 0 (0)                     ; 0 (0)         ; 0           ; 0    ; 0          ; 0            ; 0       ; 0         ; 0    ; 0            ; 30 (0)       ; 0 (0)             ; 0 (0)            ; 0          ; |BP|data_to_text_dht:data_to_text_dht_inst|lpm_divide:Div0                                                                                 ; lpm_divide          ; work         ;
;          |lpm_divide_7sl:auto_generated|    ; 30 (0)      ; 0 (0)                     ; 0 (0)         ; 0           ; 0    ; 0          ; 0            ; 0       ; 0         ; 0    ; 0            ; 30 (0)       ; 0 (0)             ; 0 (0)            ; 0          ; |BP|data_to_text_dht:data_to_text_dht_inst|lpm_divide:Div0|lpm_divide_7sl:auto_generated                                                   ; lpm_divide_7sl      ; work         ;
;             |sign_div_unsign_9kh:divider|   ; 30 (0)      ; 0 (0)                     ; 0 (0)         ; 0           ; 0    ; 0          ; 0            ; 0       ; 0         ; 0    ; 0            ; 30 (0)       ; 0 (0)             ; 0 (0)            ; 0          ; |BP|data_to_text_dht:data_to_text_dht_inst|lpm_divide:Div0|lpm_divide_7sl:auto_generated|sign_div_unsign_9kh:divider                       ; sign_div_unsign_9kh ; work         ;
;                |alt_u_div_see:divider|      ; 30 (30)     ; 0 (0)                     ; 0 (0)         ; 0           ; 0    ; 0          ; 0            ; 0       ; 0         ; 0    ; 0            ; 30 (30)      ; 0 (0)             ; 0 (0)            ; 0          ; |BP|data_to_text_dht:data_to_text_dht_inst|lpm_divide:Div0|lpm_divide_7sl:auto_generated|sign_div_unsign_9kh:divider|alt_u_div_see:divider ; alt_u_div_see       ; work         ;
;       |lpm_divide:Div1|                     ; 43 (0)      ; 0 (0)                     ; 0 (0)         ; 0           ; 0    ; 0          ; 0            ; 0       ; 0         ; 0    ; 0            ; 43 (0)       ; 0 (0)             ; 0 (0)            ; 0          ; |BP|data_to_text_dht:data_to_text_dht_inst|lpm_divide:Div1                                                                                 ; lpm_divide          ; work         ;
;          |lpm_divide_8sl:auto_generated|    ; 43 (0)      ; 0 (0)                     ; 0 (0)         ; 0           ; 0    ; 0          ; 0            ; 0       ; 0         ; 0    ; 0            ; 43 (0)       ; 0 (0)             ; 0 (0)            ; 0          ; |BP|data_to_text_dht:data_to_text_dht_inst|lpm_divide:Div1|lpm_divide_8sl:auto_generated                                                   ; lpm_divide_8sl      ; work         ;
;             |sign_div_unsign_akh:divider|   ; 43 (0)      ; 0 (0)                     ; 0 (0)         ; 0           ; 0    ; 0          ; 0            ; 0       ; 0         ; 0    ; 0            ; 43 (0)       ; 0 (0)             ; 0 (0)            ; 0          ; |BP|data_to_text_dht:data_to_text_dht_inst|lpm_divide:Div1|lpm_divide_8sl:auto_generated|sign_div_unsign_akh:divider                       ; sign_div_unsign_akh ; work         ;
;                |alt_u_div_uee:divider|      ; 43 (43)     ; 0 (0)                     ; 0 (0)         ; 0           ; 0    ; 0          ; 0            ; 0       ; 0         ; 0    ; 0            ; 43 (43)      ; 0 (0)             ; 0 (0)            ; 0          ; |BP|data_to_text_dht:data_to_text_dht_inst|lpm_divide:Div1|lpm_divide_8sl:auto_generated|sign_div_unsign_akh:divider|alt_u_div_uee:divider ; alt_u_div_uee       ; work         ;
;       |lpm_divide:Mod0|                     ; 34 (0)      ; 0 (0)                     ; 0 (0)         ; 0           ; 0    ; 0          ; 0            ; 0       ; 0         ; 0    ; 0            ; 34 (0)       ; 0 (0)             ; 0 (0)            ; 0          ; |BP|data_to_text_dht:data_to_text_dht_inst|lpm_divide:Mod0                                                                                 ; lpm_divide          ; work         ;
;          |lpm_divide_ckl:auto_generated|    ; 34 (0)      ; 0 (0)                     ; 0 (0)         ; 0           ; 0    ; 0          ; 0            ; 0       ; 0         ; 0    ; 0            ; 34 (0)       ; 0 (0)             ; 0 (0)            ; 0          ; |BP|data_to_text_dht:data_to_text_dht_inst|lpm_divide:Mod0|lpm_divide_ckl:auto_generated                                                   ; lpm_divide_ckl      ; work         ;
;             |sign_div_unsign_bkh:divider|   ; 34 (0)      ; 0 (0)                     ; 0 (0)         ; 0           ; 0    ; 0          ; 0            ; 0       ; 0         ; 0    ; 0            ; 34 (0)       ; 0 (0)             ; 0 (0)            ; 0          ; |BP|data_to_text_dht:data_to_text_dht_inst|lpm_divide:Mod0|lpm_divide_ckl:auto_generated|sign_div_unsign_bkh:divider                       ; sign_div_unsign_bkh ; work         ;
;                |alt_u_div_0fe:divider|      ; 34 (34)     ; 0 (0)                     ; 0 (0)         ; 0           ; 0    ; 0          ; 0            ; 0       ; 0         ; 0    ; 0            ; 34 (34)      ; 0 (0)             ; 0 (0)            ; 0          ; |BP|data_to_text_dht:data_to_text_dht_inst|lpm_divide:Mod0|lpm_divide_ckl:auto_generated|sign_div_unsign_bkh:divider|alt_u_div_0fe:divider ; alt_u_div_0fe       ; work         ;
;       |lpm_divide:Mod1|                     ; 53 (0)      ; 0 (0)                     ; 0 (0)         ; 0           ; 0    ; 0          ; 0            ; 0       ; 0         ; 0    ; 0            ; 53 (0)       ; 0 (0)             ; 0 (0)            ; 0          ; |BP|data_to_text_dht:data_to_text_dht_inst|lpm_divide:Mod1                                                                                 ; lpm_divide          ; work         ;
;          |lpm_divide_ekl:auto_generated|    ; 53 (0)      ; 0 (0)                     ; 0 (0)         ; 0           ; 0    ; 0          ; 0            ; 0       ; 0         ; 0    ; 0            ; 53 (0)       ; 0 (0)             ; 0 (0)            ; 0          ; |BP|data_to_text_dht:data_to_text_dht_inst|lpm_divide:Mod1|lpm_divide_ekl:auto_generated                                                   ; lpm_divide_ekl      ; work         ;
;             |sign_div_unsign_dkh:divider|   ; 53 (0)      ; 0 (0)                     ; 0 (0)         ; 0           ; 0    ; 0          ; 0            ; 0       ; 0         ; 0    ; 0            ; 53 (0)       ; 0 (0)             ; 0 (0)            ; 0          ; |BP|data_to_text_dht:data_to_text_dht_inst|lpm_divide:Mod1|lpm_divide_ekl:auto_generated|sign_div_unsign_dkh:divider                       ; sign_div_unsign_dkh ; work         ;
;                |alt_u_div_4fe:divider|      ; 53 (53)     ; 0 (0)                     ; 0 (0)         ; 0           ; 0    ; 0          ; 0            ; 0       ; 0         ; 0    ; 0            ; 53 (53)      ; 0 (0)             ; 0 (0)            ; 0          ; |BP|data_to_text_dht:data_to_text_dht_inst|lpm_divide:Mod1|lpm_divide_ekl:auto_generated|sign_div_unsign_dkh:divider|alt_u_div_4fe:divider ; alt_u_div_4fe       ; work         ;
;    |data_to_text_ds:data_to_text_ds_inst|   ; 359 (71)    ; 10 (10)                   ; 0 (0)         ; 0           ; 0    ; 0          ; 0            ; 0       ; 0         ; 0    ; 0            ; 339 (60)     ; 1 (1)             ; 19 (10)          ; 0          ; |BP|data_to_text_ds:data_to_text_ds_inst                                                                                                   ; data_to_text_ds     ; work         ;
;       |lpm_divide:Div0|                     ; 120 (0)     ; 0 (0)                     ; 0 (0)         ; 0           ; 0    ; 0          ; 0            ; 0       ; 0         ; 0    ; 0            ; 120 (0)      ; 0 (0)             ; 0 (0)            ; 0          ; |BP|data_to_text_ds:data_to_text_ds_inst|lpm_divide:Div0                                                                                   ; lpm_divide          ; work         ;
;          |lpm_divide_ptl:auto_generated|    ; 120 (0)     ; 0 (0)                     ; 0 (0)         ; 0           ; 0    ; 0          ; 0            ; 0       ; 0         ; 0    ; 0            ; 120 (0)      ; 0 (0)             ; 0 (0)            ; 0          ; |BP|data_to_text_ds:data_to_text_ds_inst|lpm_divide:Div0|lpm_divide_ptl:auto_generated                                                     ; lpm_divide_ptl      ; work         ;
;             |sign_div_unsign_rlh:divider|   ; 120 (0)     ; 0 (0)                     ; 0 (0)         ; 0           ; 0    ; 0          ; 0            ; 0       ; 0         ; 0    ; 0            ; 120 (0)      ; 0 (0)             ; 0 (0)            ; 0          ; |BP|data_to_text_ds:data_to_text_ds_inst|lpm_divide:Div0|lpm_divide_ptl:auto_generated|sign_div_unsign_rlh:divider                         ; sign_div_unsign_rlh ; work         ;
;                |alt_u_div_0ie:divider|      ; 120 (120)   ; 0 (0)                     ; 0 (0)         ; 0           ; 0    ; 0          ; 0            ; 0       ; 0         ; 0    ; 0            ; 120 (120)    ; 0 (0)             ; 0 (0)            ; 0          ; |BP|data_to_text_ds:data_to_text_ds_inst|lpm_divide:Div0|lpm_divide_ptl:auto_generated|sign_div_unsign_rlh:divider|alt_u_div_0ie:divider   ; alt_u_div_0ie       ; work         ;
;       |lpm_divide:Div1|                     ; 30 (0)      ; 0 (0)                     ; 0 (0)         ; 0           ; 0    ; 0          ; 0            ; 0       ; 0         ; 0    ; 0            ; 30 (0)       ; 0 (0)             ; 0 (0)            ; 0          ; |BP|data_to_text_ds:data_to_text_ds_inst|lpm_divide:Div1                                                                                   ; lpm_divide          ; work         ;
;          |lpm_divide_7sl:auto_generated|    ; 30 (0)      ; 0 (0)                     ; 0 (0)         ; 0           ; 0    ; 0          ; 0            ; 0       ; 0         ; 0    ; 0            ; 30 (0)       ; 0 (0)             ; 0 (0)            ; 0          ; |BP|data_to_text_ds:data_to_text_ds_inst|lpm_divide:Div1|lpm_divide_7sl:auto_generated                                                     ; lpm_divide_7sl      ; work         ;
;             |sign_div_unsign_9kh:divider|   ; 30 (0)      ; 0 (0)                     ; 0 (0)         ; 0           ; 0    ; 0          ; 0            ; 0       ; 0         ; 0    ; 0            ; 30 (0)       ; 0 (0)             ; 0 (0)            ; 0          ; |BP|data_to_text_ds:data_to_text_ds_inst|lpm_divide:Div1|lpm_divide_7sl:auto_generated|sign_div_unsign_9kh:divider                         ; sign_div_unsign_9kh ; work         ;
;                |alt_u_div_see:divider|      ; 30 (30)     ; 0 (0)                     ; 0 (0)         ; 0           ; 0    ; 0          ; 0            ; 0       ; 0         ; 0    ; 0            ; 30 (30)      ; 0 (0)             ; 0 (0)            ; 0          ; |BP|data_to_text_ds:data_to_text_ds_inst|lpm_divide:Div1|lpm_divide_7sl:auto_generated|sign_div_unsign_9kh:divider|alt_u_div_see:divider   ; alt_u_div_see       ; work         ;
;       |lpm_divide:Div2|                     ; 43 (0)      ; 0 (0)                     ; 0 (0)         ; 0           ; 0    ; 0          ; 0            ; 0       ; 0         ; 0    ; 0            ; 43 (0)       ; 0 (0)             ; 0 (0)            ; 0          ; |BP|data_to_text_ds:data_to_text_ds_inst|lpm_divide:Div2                                                                                   ; lpm_divide          ; work         ;
;          |lpm_divide_8sl:auto_generated|    ; 43 (0)      ; 0 (0)                     ; 0 (0)         ; 0           ; 0    ; 0          ; 0            ; 0       ; 0         ; 0    ; 0            ; 43 (0)       ; 0 (0)             ; 0 (0)            ; 0          ; |BP|data_to_text_ds:data_to_text_ds_inst|lpm_divide:Div2|lpm_divide_8sl:auto_generated                                                     ; lpm_divide_8sl      ; work         ;
;             |sign_div_unsign_akh:divider|   ; 43 (0)      ; 0 (0)                     ; 0 (0)         ; 0           ; 0    ; 0          ; 0            ; 0       ; 0         ; 0    ; 0            ; 43 (0)       ; 0 (0)             ; 0 (0)            ; 0          ; |BP|data_to_text_ds:data_to_text_ds_inst|lpm_divide:Div2|lpm_divide_8sl:auto_generated|sign_div_unsign_akh:divider                         ; sign_div_unsign_akh ; work         ;
;                |alt_u_div_uee:divider|      ; 43 (43)     ; 0 (0)                     ; 0 (0)         ; 0           ; 0    ; 0          ; 0            ; 0       ; 0         ; 0    ; 0            ; 43 (43)      ; 0 (0)             ; 0 (0)            ; 0          ; |BP|data_to_text_ds:data_to_text_ds_inst|lpm_divide:Div2|lpm_divide_8sl:auto_generated|sign_div_unsign_akh:divider|alt_u_div_uee:divider   ; alt_u_div_uee       ; work         ;
;       |lpm_divide:Mod0|                     ; 34 (0)      ; 0 (0)                     ; 0 (0)         ; 0           ; 0    ; 0          ; 0            ; 0       ; 0         ; 0    ; 0            ; 29 (0)       ; 0 (0)             ; 5 (0)            ; 0          ; |BP|data_to_text_ds:data_to_text_ds_inst|lpm_divide:Mod0                                                                                   ; lpm_divide          ; work         ;
;          |lpm_divide_ckl:auto_generated|    ; 34 (0)      ; 0 (0)                     ; 0 (0)         ; 0           ; 0    ; 0          ; 0            ; 0       ; 0         ; 0    ; 0            ; 29 (0)       ; 0 (0)             ; 5 (0)            ; 0          ; |BP|data_to_text_ds:data_to_text_ds_inst|lpm_divide:Mod0|lpm_divide_ckl:auto_generated                                                     ; lpm_divide_ckl      ; work         ;
;             |sign_div_unsign_bkh:divider|   ; 34 (0)      ; 0 (0)                     ; 0 (0)         ; 0           ; 0    ; 0          ; 0            ; 0       ; 0         ; 0    ; 0            ; 29 (0)       ; 0 (0)             ; 5 (0)            ; 0          ; |BP|data_to_text_ds:data_to_text_ds_inst|lpm_divide:Mod0|lpm_divide_ckl:auto_generated|sign_div_unsign_bkh:divider                         ; sign_div_unsign_bkh ; work         ;
;                |alt_u_div_0fe:divider|      ; 34 (34)     ; 0 (0)                     ; 0 (0)         ; 0           ; 0    ; 0          ; 0            ; 0       ; 0         ; 0    ; 0            ; 29 (29)      ; 0 (0)             ; 5 (5)            ; 0          ; |BP|data_to_text_ds:data_to_text_ds_inst|lpm_divide:Mod0|lpm_divide_ckl:auto_generated|sign_div_unsign_bkh:divider|alt_u_div_0fe:divider   ; alt_u_div_0fe       ; work         ;
;       |lpm_divide:Mod1|                     ; 53 (0)      ; 0 (0)                     ; 0 (0)         ; 0           ; 0    ; 0          ; 0            ; 0       ; 0         ; 0    ; 0            ; 53 (0)       ; 0 (0)             ; 0 (0)            ; 0          ; |BP|data_to_text_ds:data_to_text_ds_inst|lpm_divide:Mod1                                                                                   ; lpm_divide          ; work         ;
;          |lpm_divide_ekl:auto_generated|    ; 53 (0)      ; 0 (0)                     ; 0 (0)         ; 0           ; 0    ; 0          ; 0            ; 0       ; 0         ; 0    ; 0            ; 53 (0)       ; 0 (0)             ; 0 (0)            ; 0          ; |BP|data_to_text_ds:data_to_text_ds_inst|lpm_divide:Mod1|lpm_divide_ekl:auto_generated                                                     ; lpm_divide_ekl      ; work         ;
;             |sign_div_unsign_dkh:divider|   ; 53 (0)      ; 0 (0)                     ; 0 (0)         ; 0           ; 0    ; 0          ; 0            ; 0       ; 0         ; 0    ; 0            ; 53 (0)       ; 0 (0)             ; 0 (0)            ; 0          ; |BP|data_to_text_ds:data_to_text_ds_inst|lpm_divide:Mod1|lpm_divide_ekl:auto_generated|sign_div_unsign_dkh:divider                         ; sign_div_unsign_dkh ; work         ;
;                |alt_u_div_4fe:divider|      ; 53 (53)     ; 0 (0)                     ; 0 (0)         ; 0           ; 0    ; 0          ; 0            ; 0       ; 0         ; 0    ; 0            ; 53 (53)      ; 0 (0)             ; 0 (0)            ; 0          ; |BP|data_to_text_ds:data_to_text_ds_inst|lpm_divide:Mod1|lpm_divide_ekl:auto_generated|sign_div_unsign_dkh:divider|alt_u_div_4fe:divider   ; alt_u_div_4fe       ; work         ;
;       |lpm_mult:Mult0|                      ; 8 (0)       ; 0 (0)                     ; 0 (0)         ; 0           ; 0    ; 0          ; 0            ; 0       ; 0         ; 0    ; 0            ; 4 (0)        ; 0 (0)             ; 4 (0)            ; 0          ; |BP|data_to_text_ds:data_to_text_ds_inst|lpm_mult:Mult0                                                                                    ; lpm_mult            ; work         ;
;          |multcore:mult_core|               ; 8 (8)       ; 0 (0)                     ; 0 (0)         ; 0           ; 0    ; 0          ; 0            ; 0       ; 0         ; 0    ; 0            ; 4 (4)        ; 0 (0)             ; 4 (4)            ; 0          ; |BP|data_to_text_ds:data_to_text_ds_inst|lpm_mult:Mult0|multcore:mult_core                                                                 ; multcore            ; work         ;
;    |dht11_controller:dht11_inst|            ; 200 (200)   ; 95 (95)                   ; 0 (0)         ; 0           ; 0    ; 0          ; 0            ; 0       ; 0         ; 0    ; 0            ; 105 (105)    ; 1 (1)             ; 94 (94)          ; 0          ; |BP|dht11_controller:dht11_inst                                                                                                            ; dht11_controller    ; work         ;
;    |ds18b20_controller:ds18b20_inst|        ; 173 (173)   ; 77 (77)                   ; 0 (0)         ; 0           ; 0    ; 0          ; 0            ; 0       ; 0         ; 0    ; 0            ; 96 (96)      ; 2 (2)             ; 75 (75)          ; 0          ; |BP|ds18b20_controller:ds18b20_inst                                                                                                        ; ds18b20_controller  ; work         ;
;    |pll_1MHz:pll_inst|                      ; 0 (0)       ; 0 (0)                     ; 0 (0)         ; 0           ; 0    ; 0          ; 0            ; 0       ; 0         ; 0    ; 0            ; 0 (0)        ; 0 (0)             ; 0 (0)            ; 0          ; |BP|pll_1MHz:pll_inst                                                                                                                      ; pll_1MHz            ; work         ;
;       |altpll:altpll_component|             ; 0 (0)       ; 0 (0)                     ; 0 (0)         ; 0           ; 0    ; 0          ; 0            ; 0       ; 0         ; 0    ; 0            ; 0 (0)        ; 0 (0)             ; 0 (0)            ; 0          ; |BP|pll_1MHz:pll_inst|altpll:altpll_component                                                                                              ; altpll              ; work         ;
;          |pll_1MHz_altpll:auto_generated|   ; 0 (0)       ; 0 (0)                     ; 0 (0)         ; 0           ; 0    ; 0          ; 0            ; 0       ; 0         ; 0    ; 0            ; 0 (0)        ; 0 (0)             ; 0 (0)            ; 0          ; |BP|pll_1MHz:pll_inst|altpll:altpll_component|pll_1MHz_altpll:auto_generated                                                               ; pll_1MHz_altpll     ; work         ;
;    |pll_25MHz:pll_25MHz_inst|               ; 0 (0)       ; 0 (0)                     ; 0 (0)         ; 0           ; 0    ; 0          ; 0            ; 0       ; 0         ; 0    ; 0            ; 0 (0)        ; 0 (0)             ; 0 (0)            ; 0          ; |BP|pll_25MHz:pll_25MHz_inst                                                                                                               ; pll_25MHz           ; work         ;
;       |altpll:altpll_component|             ; 0 (0)       ; 0 (0)                     ; 0 (0)         ; 0           ; 0    ; 0          ; 0            ; 0       ; 0         ; 0    ; 0            ; 0 (0)        ; 0 (0)             ; 0 (0)            ; 0          ; |BP|pll_25MHz:pll_25MHz_inst|altpll:altpll_component                                                                                       ; altpll              ; work         ;
;          |pll_25MHz_altpll:auto_generated|  ; 0 (0)       ; 0 (0)                     ; 0 (0)         ; 0           ; 0    ; 0          ; 0            ; 0       ; 0         ; 0    ; 0            ; 0 (0)        ; 0 (0)             ; 0 (0)            ; 0          ; |BP|pll_25MHz:pll_25MHz_inst|altpll:altpll_component|pll_25MHz_altpll:auto_generated                                                       ; pll_25MHz_altpll    ; work         ;
;    |rom:rom_inst|                           ; 163 (163)   ; 15 (15)                   ; 0 (0)         ; 0           ; 0    ; 0          ; 0            ; 0       ; 0         ; 0    ; 0            ; 148 (148)    ; 0 (0)             ; 15 (15)          ; 0          ; |BP|rom:rom_inst                                                                                                                           ; rom                 ; work         ;
;    |synch_reg_dht:synch_reg_dht_inst|       ; 62 (62)     ; 34 (34)                   ; 0 (0)         ; 0           ; 0    ; 0          ; 0            ; 0       ; 0         ; 0    ; 0            ; 14 (14)      ; 1 (1)             ; 47 (47)          ; 0          ; |BP|synch_reg_dht:synch_reg_dht_inst                                                                                                       ; synch_reg_dht       ; work         ;
;    |synch_reg_ds:synch_reg_ds_inst|         ; 46 (46)     ; 25 (25)                   ; 0 (0)         ; 0           ; 0    ; 0          ; 0            ; 0       ; 0         ; 0    ; 0            ; 11 (11)      ; 1 (1)             ; 34 (34)          ; 0          ; |BP|synch_reg_ds:synch_reg_ds_inst                                                                                                         ; synch_reg_ds        ; work         ;
;    |vga_controller:vga_controller_inst|     ; 101 (18)    ; 65 (0)                    ; 0 (0)         ; 0           ; 0    ; 0          ; 0            ; 0       ; 0         ; 0    ; 0            ; 36 (18)      ; 1 (0)             ; 64 (0)           ; 0          ; |BP|vga_controller:vga_controller_inst                                                                                                     ; vga_controller      ; work         ;
;       |counter:h_citac|                     ; 46 (46)     ; 33 (33)                   ; 0 (0)         ; 0           ; 0    ; 0          ; 0            ; 0       ; 0         ; 0    ; 0            ; 13 (13)      ; 1 (1)             ; 32 (32)          ; 0          ; |BP|vga_controller:vga_controller_inst|counter:h_citac                                                                                     ; counter             ; work         ;
;       |counter:v_citac|                     ; 37 (37)     ; 32 (32)                   ; 0 (0)         ; 0           ; 0    ; 0          ; 0            ; 0       ; 0         ; 0    ; 0            ; 5 (5)        ; 0 (0)             ; 32 (32)          ; 0          ; |BP|vga_controller:vga_controller_inst|counter:v_citac                                                                                     ; counter             ; work         ;
+---------------------------------------------+-------------+---------------------------+---------------+-------------+------+------------+--------------+---------+-----------+------+--------------+--------------+-------------------+------------------+------------+--------------------------------------------------------------------------------------------------------------------------------------------+---------------------+--------------+
Note: For table entries with two numbers listed, the numbers in parentheses indicate the number of resources of the given type used by the specific entity alone. The numbers listed outside of parentheses indicate the total resources of the given type used by the specific entity and all of its sub-entities in the hierarchy.


+--------------------------------------------------------------------------------------------+
; Delay Chain Summary                                                                        ;
+------------+----------+---------------+---------------+-----------------------+-----+------+
; Name       ; Pin Type ; Pad to Core 0 ; Pad to Core 1 ; Pad to Input Register ; TCO ; TCOE ;
+------------+----------+---------------+---------------+-----------------------+-----+------+
; vsync      ; Output   ; --            ; --            ; --                    ; --  ; --   ;
; hsync      ; Output   ; --            ; --            ; --                    ; --  ; --   ;
; R[0]       ; Output   ; --            ; --            ; --                    ; --  ; --   ;
; R[1]       ; Output   ; --            ; --            ; --                    ; --  ; --   ;
; R[2]       ; Output   ; --            ; --            ; --                    ; --  ; --   ;
; R[3]       ; Output   ; --            ; --            ; --                    ; --  ; --   ;
; G[0]       ; Output   ; --            ; --            ; --                    ; --  ; --   ;
; G[1]       ; Output   ; --            ; --            ; --                    ; --  ; --   ;
; G[2]       ; Output   ; --            ; --            ; --                    ; --  ; --   ;
; G[3]       ; Output   ; --            ; --            ; --                    ; --  ; --   ;
; B[0]       ; Output   ; --            ; --            ; --                    ; --  ; --   ;
; B[1]       ; Output   ; --            ; --            ; --                    ; --  ; --   ;
; B[2]       ; Output   ; --            ; --            ; --                    ; --  ; --   ;
; B[3]       ; Output   ; --            ; --            ; --                    ; --  ; --   ;
; dht11_data ; Bidir    ; (6) 868 ps    ; --            ; --                    ; --  ; --   ;
; ds18_data  ; Bidir    ; (6) 868 ps    ; --            ; --                    ; --  ; --   ;
; reset      ; Input    ; (6) 868 ps    ; --            ; --                    ; --  ; --   ;
; clock      ; Input    ; --            ; --            ; --                    ; --  ; --   ;
+------------+----------+---------------+---------------+-----------------------+-----+------+


+-----------------------------------------------------------------------------------------------------+
; Pad To Core Delay Chain Fanout                                                                      ;
+-----------------------------------------------------------------------+-------------------+---------+
; Source Pin / Fanout                                                   ; Pad To Core Index ; Setting ;
+-----------------------------------------------------------------------+-------------------+---------+
; dht11_data                                                            ;                   ;         ;
;      - dht11_controller:dht11_inst|Selector8~1                        ; 0                 ; 6       ;
;      - dht11_controller:dht11_inst|Selector36~7                       ; 0                 ; 6       ;
;      - dht11_controller:dht11_inst|data_senzor[39]~1                  ; 0                 ; 6       ;
;      - dht11_controller:dht11_inst|previous_voltage~0                 ; 0                 ; 6       ;
; ds18_data                                                             ;                   ;         ;
;      - ds18b20_controller:ds18b20_inst|sensor_response~0              ; 0                 ; 6       ;
;      - ds18b20_controller:ds18b20_inst|data_senzor[11]~0              ; 0                 ; 6       ;
;      - ds18b20_controller:ds18b20_inst|data_senzor[10]~1              ; 0                 ; 6       ;
;      - ds18b20_controller:ds18b20_inst|data_senzor[9]~2               ; 0                 ; 6       ;
;      - ds18b20_controller:ds18b20_inst|data_senzor[8]~3               ; 0                 ; 6       ;
;      - ds18b20_controller:ds18b20_inst|data_senzor[7]~4               ; 0                 ; 6       ;
;      - ds18b20_controller:ds18b20_inst|data_senzor[6]~5               ; 0                 ; 6       ;
;      - ds18b20_controller:ds18b20_inst|data_senzor[5]~6               ; 0                 ; 6       ;
;      - ds18b20_controller:ds18b20_inst|data_senzor[4]~7               ; 0                 ; 6       ;
;      - ds18b20_controller:ds18b20_inst|data_senzor[3]~8               ; 0                 ; 6       ;
;      - ds18b20_controller:ds18b20_inst|data_senzor[2]~9               ; 0                 ; 6       ;
;      - ds18b20_controller:ds18b20_inst|data_senzor[1]~10              ; 0                 ; 6       ;
;      - ds18b20_controller:ds18b20_inst|data_senzor[0]~11              ; 0                 ; 6       ;
; reset                                                                 ;                   ;         ;
;      - rom:rom_inst|data_ds[2]                                        ; 0                 ; 6       ;
;      - rom:rom_inst|data_ds[3]                                        ; 0                 ; 6       ;
;      - rom:rom_inst|data_ds[1]                                        ; 0                 ; 6       ;
;      - rom:rom_inst|data_ds[6]                                        ; 0                 ; 6       ;
;      - rom:rom_inst|data_ds[5]                                        ; 0                 ; 6       ;
;      - rom:rom_inst|data_ds[4]                                        ; 0                 ; 6       ;
;      - rom:rom_inst|data_dht[2]                                       ; 0                 ; 6       ;
;      - rom:rom_inst|data_dht[3]                                       ; 0                 ; 6       ;
;      - rom:rom_inst|data_dht[1]                                       ; 0                 ; 6       ;
;      - rom:rom_inst|data_dht[6]                                       ; 0                 ; 6       ;
;      - rom:rom_inst|data_dht[5]                                       ; 0                 ; 6       ;
;      - rom:rom_inst|data_dht[4]                                       ; 0                 ; 6       ;
;      - data_to_text_ds:data_to_text_ds_inst|addr_out[4]               ; 0                 ; 6       ;
;      - data_to_text_ds:data_to_text_ds_inst|addr_out[3]               ; 0                 ; 6       ;
;      - data_to_text_dht:data_to_text_dht_inst|addr_out[4]             ; 0                 ; 6       ;
;      - data_to_text_dht:data_to_text_dht_inst|addr_out[3]             ; 0                 ; 6       ;
;      - data_to_text_dht:data_to_text_dht_inst|char_counter[0]         ; 0                 ; 6       ;
;      - data_to_text_dht:data_to_text_dht_inst|char_counter[4]         ; 0                 ; 6       ;
;      - data_to_text_dht:data_to_text_dht_inst|char_counter[1]         ; 0                 ; 6       ;
;      - data_to_text_dht:data_to_text_dht_inst|char_counter[3]         ; 0                 ; 6       ;
;      - data_to_text_dht:data_to_text_dht_inst|char_counter[2]         ; 0                 ; 6       ;
;      - vga_controller:vga_controller_inst|counter:v_citac|stav[12]~98 ; 0                 ; 6       ;
;      - vga_controller:vga_controller_inst|counter:h_citac|stav[6]~48  ; 0                 ; 6       ;
;      - R~16                                                           ; 0                 ; 6       ;
;      - vga_controller:vga_controller_inst|counter:h_citac|prenos~0    ; 0                 ; 6       ;
;      - synch_reg_dht:synch_reg_dht_inst|hum_diff~0                    ; 0                 ; 6       ;
;      - synch_reg_ds:synch_reg_ds_inst|data_diff~0                     ; 0                 ; 6       ;
;      - framebuffer_dht~0                                              ; 0                 ; 6       ;
;      - framebuffer_dht[0][1]~1                                        ; 0                 ; 6       ;
;      - framebuffer_dht~2                                              ; 0                 ; 6       ;
;      - framebuffer_dht[4][3]~3                                        ; 0                 ; 6       ;
;      - framebuffer_ds[6][2]~0                                         ; 0                 ; 6       ;
;      - framebuffer_ds[7][2]~1                                         ; 0                 ; 6       ;
;      - framebuffer_dht[7][131]~4                                      ; 0                 ; 6       ;
;      - framebuffer_dht[7][198]~5                                      ; 0                 ; 6       ;
;      - framebuffer_ds[7][226]~2                                       ; 0                 ; 6       ;
;      - framebuffer_ds[7][246]~3                                       ; 0                 ; 6       ;
;      - framebuffer_dht[7][250]~6                                      ; 0                 ; 6       ;
;      - framebuffer_dht~7                                              ; 0                 ; 6       ;
;      - framebuffer_dht~8                                              ; 0                 ; 6       ;
;      - framebuffer_dht~9                                              ; 0                 ; 6       ;
;      - framebuffer_dht~10                                             ; 0                 ; 6       ;
;      - framebuffer_ds[7][234]~4                                       ; 0                 ; 6       ;
;      - framebuffer_ds[7][221]~5                                       ; 0                 ; 6       ;
;      - framebuffer_dht[7][214]~11                                     ; 0                 ; 6       ;
;      - framebuffer_dht[7][205]~12                                     ; 0                 ; 6       ;
;      - framebuffer_dht[7][182]~13                                     ; 0                 ; 6       ;
;      - framebuffer_ds[7][187]~6                                       ; 0                 ; 6       ;
;      - framebuffer_dht[7][169]~14                                     ; 0                 ; 6       ;
;      - framebuffer_ds[7][161]~7                                       ; 0                 ; 6       ;
;      - framebuffer_dht[7][154]~15                                     ; 0                 ; 6       ;
;      - framebuffer_dht[7][147]~16                                     ; 0                 ; 6       ;
;      - framebuffer_ds[7][137]~8                                       ; 0                 ; 6       ;
;      - framebuffer_ds[7][99]~9                                        ; 0                 ; 6       ;
;      - framebuffer_ds[7][117]~10                                      ; 0                 ; 6       ;
;      - framebuffer_dht[7][126]~17                                     ; 0                 ; 6       ;
;      - framebuffer_dht[7][107]~18                                     ; 0                 ; 6       ;
;      - framebuffer_dht[7][89]~19                                      ; 0                 ; 6       ;
;      - framebuffer_dht[7][86]~20                                      ; 0                 ; 6       ;
;      - framebuffer_ds[7][73]~11                                       ; 0                 ; 6       ;
;      - framebuffer_ds[7][69]~12                                       ; 0                 ; 6       ;
;      - framebuffer_dht[7][51]~21                                      ; 0                 ; 6       ;
;      - framebuffer_ds[7][61]~13                                       ; 0                 ; 6       ;
;      - framebuffer_dht[7][45]~22                                      ; 0                 ; 6       ;
;      - framebuffer_ds[7][36]~14                                       ; 0                 ; 6       ;
;      - framebuffer_ds[7][30]~15                                       ; 0                 ; 6       ;
;      - framebuffer_ds[7][22]~16                                       ; 0                 ; 6       ;
;      - framebuffer_ds[7][14]~17                                       ; 0                 ; 6       ;
;      - framebuffer_ds[6][193]~18                                      ; 0                 ; 6       ;
;      - framebuffer_dht[6][229]~23                                     ; 0                 ; 6       ;
;      - framebuffer_dht[6][242]~24                                     ; 0                 ; 6       ;
;      - framebuffer_dht[6][249]~25                                     ; 0                 ; 6       ;
;      - framebuffer_dht[6][234]~26                                     ; 0                 ; 6       ;
;      - framebuffer_dht[6][217]~27                                     ; 0                 ; 6       ;
;      - framebuffer_dht[6][209]~28                                     ; 0                 ; 6       ;
;      - framebuffer_dht[6][201]~29                                     ; 0                 ; 6       ;
;      - framebuffer_ds[6][177]~19                                      ; 0                 ; 6       ;
;      - framebuffer_ds[6][185]~20                                      ; 0                 ; 6       ;
;      - framebuffer_ds[6][169]~21                                      ; 0                 ; 6       ;
;      - framebuffer_ds[6][161]~22                                      ; 0                 ; 6       ;
;      - framebuffer_ds[6][153]~23                                      ; 0                 ; 6       ;
;      - framebuffer_ds[6][146]~24                                      ; 0                 ; 6       ;
;      - framebuffer_dht[6][142]~30                                     ; 0                 ; 6       ;
;      - framebuffer_ds[6][132]~25                                      ; 0                 ; 6       ;
;      - framebuffer_ds[6][102]~26                                      ; 0                 ; 6       ;
;      - framebuffer_ds[6][113]~27                                      ; 0                 ; 6       ;
;      - framebuffer_ds[6][121]~28                                      ; 0                 ; 6       ;
;      - framebuffer_ds[6][109]~29                                      ; 0                 ; 6       ;
;      - framebuffer_dht[6][89]~31                                      ; 0                 ; 6       ;
;      - framebuffer_ds[6][86]~30                                       ; 0                 ; 6       ;
;      - framebuffer_ds[6][78]~31                                       ; 0                 ; 6       ;
;      - framebuffer_dht[6][65]~32                                      ; 0                 ; 6       ;
;      - framebuffer_ds[6][53]~32                                       ; 0                 ; 6       ;
;      - framebuffer_ds[6][58]~33                                       ; 0                 ; 6       ;
;      - framebuffer_ds[6][44]~34                                       ; 0                 ; 6       ;
;      - framebuffer_ds[6][33]~35                                       ; 0                 ; 6       ;
;      - framebuffer_ds[6][29]~36                                       ; 0                 ; 6       ;
;      - framebuffer_dht[6][22]~33                                      ; 0                 ; 6       ;
;      - framebuffer_ds[6][14]~37                                       ; 0                 ; 6       ;
;      - framebuffer_dht[5][134]~34                                     ; 0                 ; 6       ;
;      - framebuffer_dht[5][196]~35                                     ; 0                 ; 6       ;
;      - framebuffer_dht[5][225]~36                                     ; 0                 ; 6       ;
;      - framebuffer_ds[5][242]~38                                      ; 0                 ; 6       ;
;      - framebuffer_ds[5][250]~39                                      ; 0                 ; 6       ;
;      - framebuffer_dht[5][235]~37                                     ; 0                 ; 6       ;
;      - framebuffer_dht[5][218]~38                                     ; 0                 ; 6       ;
;      - framebuffer_dht[5][211]~39                                     ; 0                 ; 6       ;
;      - framebuffer_dht[5][204]~40                                     ; 0                 ; 6       ;
;      - framebuffer_dht[5][178]~41                                     ; 0                 ; 6       ;
;      - framebuffer_ds[5][185]~40                                      ; 0                 ; 6       ;
;      - framebuffer_ds[5][173]~41                                      ; 0                 ; 6       ;
;      - framebuffer_ds[5][161]~42                                      ; 0                 ; 6       ;
;      - framebuffer_dht[5][158]~42                                     ; 0                 ; 6       ;
;      - framebuffer_dht[5][147]~43                                     ; 0                 ; 6       ;
;      - framebuffer_ds[5][142]~43                                      ; 0                 ; 6       ;
;      - framebuffer_dht[5][97]~44                                      ; 0                 ; 6       ;
;      - framebuffer_dht[5][118]~45                                     ; 0                 ; 6       ;
;      - framebuffer_dht[5][126]~46                                     ; 0                 ; 6       ;
;      - framebuffer_dht[5][109]~47                                     ; 0                 ; 6       ;
;      - framebuffer_ds[5][90]~44                                       ; 0                 ; 6       ;
;      - framebuffer_dht[5][86]~48                                      ; 0                 ; 6       ;
;      - framebuffer_ds[5][76]~45                                       ; 0                 ; 6       ;
;      - framebuffer_dht[5][65]~49                                      ; 0                 ; 6       ;
;      - framebuffer_ds[5][52]~46                                       ; 0                 ; 6       ;
;      - framebuffer_ds[5][57]~47                                       ; 0                 ; 6       ;
;      - framebuffer_dht[5][45]~50                                      ; 0                 ; 6       ;
;      - framebuffer_dht[5][38]~51                                      ; 0                 ; 6       ;
;      - framebuffer_ds[5][25]~48                                       ; 0                 ; 6       ;
;      - framebuffer_dht[5][22]~52                                      ; 0                 ; 6       ;
;      - framebuffer_ds[5][9]~49                                        ; 0                 ; 6       ;
;      - framebuffer_ds[5][5]~50                                        ; 0                 ; 6       ;
;      - framebuffer_ds[4][193]~51                                      ; 0                 ; 6       ;
;      - framebuffer_dht[4][227]~53                                     ; 0                 ; 6       ;
;      - framebuffer_ds[4][244]~52                                      ; 0                 ; 6       ;
;      - framebuffer_dht[4][254]~54                                     ; 0                 ; 6       ;
;      - framebuffer_ds[4][235]~53                                      ; 0                 ; 6       ;
;      - framebuffer_dht[4][218]~55                                     ; 0                 ; 6       ;
;      - framebuffer_dht[4][210]~56                                     ; 0                 ; 6       ;
;      - framebuffer_ds[4][206]~54                                      ; 0                 ; 6       ;
;      - framebuffer_ds[4][181]~55                                      ; 0                 ; 6       ;
;      - framebuffer_dht[4][190]~57                                     ; 0                 ; 6       ;
;      - framebuffer_ds[4][173]~56                                      ; 0                 ; 6       ;
;      - framebuffer_ds[4][162]~57                                      ; 0                 ; 6       ;
;      - framebuffer_ds[4][153]~58                                      ; 0                 ; 6       ;
;      - framebuffer_dht[4][150]~58                                     ; 0                 ; 6       ;
;      - framebuffer_ds[4][142]~59                                      ; 0                 ; 6       ;
;      - framebuffer_ds[4][134]~60                                      ; 0                 ; 6       ;
;      - framebuffer_ds[4][98]~61                                       ; 0                 ; 6       ;
;      - framebuffer_ds[4][113]~62                                      ; 0                 ; 6       ;
;      - framebuffer_ds[4][121]~63                                      ; 0                 ; 6       ;
;      - framebuffer_dht[4][107]~59                                     ; 0                 ; 6       ;
;      - framebuffer_dht[4][93]~60                                      ; 0                 ; 6       ;
;      - framebuffer_dht[4][82]~61                                      ; 0                 ; 6       ;
;      - framebuffer_ds[4][78]~64                                       ; 0                 ; 6       ;
;      - framebuffer_ds[4][65]~65                                       ; 0                 ; 6       ;
;      - framebuffer_dht[4][49]~62                                      ; 0                 ; 6       ;
;      - framebuffer_ds[4][58]~66                                       ; 0                 ; 6       ;
;      - framebuffer_ds[4][41]~67                                       ; 0                 ; 6       ;
;      - framebuffer_ds[4][34]~68                                       ; 0                 ; 6       ;
;      - framebuffer_ds[4][29]~69                                       ; 0                 ; 6       ;
;      - framebuffer_ds[4][17]~70                                       ; 0                 ; 6       ;
;      - framebuffer_ds[4][14]~71                                       ; 0                 ; 6       ;
;      - framebuffer_ds[3][4]~72                                        ; 0                 ; 6       ;
;      - framebuffer_dht[3][134]~63                                     ; 0                 ; 6       ;
;      - framebuffer_dht[3][198]~64                                     ; 0                 ; 6       ;
;      - framebuffer_dht[3][225]~65                                     ; 0                 ; 6       ;
;      - framebuffer_dht[3][244]~66                                     ; 0                 ; 6       ;
;      - framebuffer_dht[3][254]~67                                     ; 0                 ; 6       ;
;      - framebuffer_ds[3][238]~73                                      ; 0                 ; 6       ;
;      - framebuffer_ds[3][221]~74                                      ; 0                 ; 6       ;
;      - framebuffer_ds[3][213]~75                                      ; 0                 ; 6       ;
;      - framebuffer_dht[3][204]~68                                     ; 0                 ; 6       ;
;      - framebuffer_dht[3][179]~69                                     ; 0                 ; 6       ;
;      - framebuffer_ds[3][185]~76                                      ; 0                 ; 6       ;
;      - framebuffer_ds[3][170]~77                                      ; 0                 ; 6       ;
;      - framebuffer_dht[3][166]~70                                     ; 0                 ; 6       ;
;      - framebuffer_dht[3][158]~71                                     ; 0                 ; 6       ;
;      - framebuffer_ds[3][150]~78                                      ; 0                 ; 6       ;
;      - framebuffer_ds[3][138]~79                                      ; 0                 ; 6       ;
;      - framebuffer_ds[3][97]~80                                       ; 0                 ; 6       ;
;      - framebuffer_ds[3][115]~81                                      ; 0                 ; 6       ;
;      - framebuffer_ds[3][126]~82                                      ; 0                 ; 6       ;
;      - framebuffer_dht[3][110]~72                                     ; 0                 ; 6       ;
;      - framebuffer_dht[3][89]~73                                      ; 0                 ; 6       ;
;      - framebuffer_dht[3][82]~74                                      ; 0                 ; 6       ;
;      - framebuffer_dht[3][78]~75                                      ; 0                 ; 6       ;
;      - framebuffer_dht[3][67]~76                                      ; 0                 ; 6       ;
;      - framebuffer_dht[3][51]~77                                      ; 0                 ; 6       ;
;      - framebuffer_dht[3][61]~78                                      ; 0                 ; 6       ;
;      - framebuffer_ds[3][42]~83                                       ; 0                 ; 6       ;
;      - framebuffer_dht[3][38]~79                                      ; 0                 ; 6       ;
;      - framebuffer_ds[3][30]~84                                       ; 0                 ; 6       ;
;      - framebuffer_dht[3][22]~80                                      ; 0                 ; 6       ;
;      - framebuffer_ds[3][12]~85                                       ; 0                 ; 6       ;
;      - framebuffer_ds[2][198]~86                                      ; 0                 ; 6       ;
;      - framebuffer_dht[2][230]~81                                     ; 0                 ; 6       ;
;      - framebuffer_dht[2][244]~82                                     ; 0                 ; 6       ;
;      - framebuffer_dht[2][254]~83                                     ; 0                 ; 6       ;
;      - framebuffer_ds[2][234]~87                                      ; 0                 ; 6       ;
;      - framebuffer_dht[2][222]~84                                     ; 0                 ; 6       ;
;      - framebuffer_dht[2][210]~85                                     ; 0                 ; 6       ;
;      - framebuffer_dht[2][202]~86                                     ; 0                 ; 6       ;
;      - framebuffer_dht[2][177]~87                                     ; 0                 ; 6       ;
;      - framebuffer_dht[2][185]~88                                     ; 0                 ; 6       ;
;      - framebuffer_dht[2][173]~89                                     ; 0                 ; 6       ;
;      - framebuffer_ds[2][164]~88                                      ; 0                 ; 6       ;
;      - framebuffer_dht[2][158]~90                                     ; 0                 ; 6       ;
;      - framebuffer_dht[2][148]~91                                     ; 0                 ; 6       ;
;      - framebuffer_ds[2][140]~89                                      ; 0                 ; 6       ;
;      - framebuffer_dht[2][134]~92                                     ; 0                 ; 6       ;
;      - framebuffer_ds[2][102]~90                                      ; 0                 ; 6       ;
;      - framebuffer_dht[2][114]~93                                     ; 0                 ; 6       ;
;      - framebuffer_dht[2][124]~94                                     ; 0                 ; 6       ;
;      - framebuffer_dht[2][107]~95                                     ; 0                 ; 6       ;
;      - framebuffer_dht[2][91]~96                                      ; 0                 ; 6       ;
;      - framebuffer_dht[2][83]~97                                      ; 0                 ; 6       ;
;      - framebuffer_ds[2][78]~91                                       ; 0                 ; 6       ;
;      - framebuffer_ds[2][70]~92                                       ; 0                 ; 6       ;
;      - framebuffer_dht[2][49]~98                                      ; 0                 ; 6       ;
;      - framebuffer_ds[2][58]~93                                       ; 0                 ; 6       ;
;      - framebuffer_ds[2][43]~94                                       ; 0                 ; 6       ;
;      - framebuffer_ds[2][36]~95                                       ; 0                 ; 6       ;
;      - framebuffer_dht[2][27]~99                                      ; 0                 ; 6       ;
;      - framebuffer_dht[2][20]~100                                     ; 0                 ; 6       ;
;      - framebuffer_ds[2][9]~96                                        ; 0                 ; 6       ;
;      - framebuffer_dht[2][2]~101                                      ; 0                 ; 6       ;
;      - framebuffer_ds[1][133]~97                                      ; 0                 ; 6       ;
;      - framebuffer_dht[1][193]~102                                    ; 0                 ; 6       ;
;      - framebuffer_dht[1][227]~103                                    ; 0                 ; 6       ;
;      - framebuffer_dht[1][244]~104                                    ; 0                 ; 6       ;
;      - framebuffer_ds[1][252]~98                                      ; 0                 ; 6       ;
;      - framebuffer_dht[1][234]~105                                    ; 0                 ; 6       ;
;      - framebuffer_dht[1][217]~106                                    ; 0                 ; 6       ;
;      - framebuffer_dht[1][210]~107                                    ; 0                 ; 6       ;
;      - framebuffer_dht[1][202]~108                                    ; 0                 ; 6       ;
;      - framebuffer_dht[1][177]~109                                    ; 0                 ; 6       ;
;      - framebuffer_dht[1][187]~110                                    ; 0                 ; 6       ;
;      - framebuffer_dht[1][170]~111                                    ; 0                 ; 6       ;
;      - framebuffer_dht[1][163]~112                                    ; 0                 ; 6       ;
;      - framebuffer_dht[1][157]~113                                    ; 0                 ; 6       ;
;      - framebuffer_ds[1][145]~99                                      ; 0                 ; 6       ;
;      - framebuffer_ds[1][138]~100                                     ; 0                 ; 6       ;
;      - framebuffer_ds[1][101]~101                                     ; 0                 ; 6       ;
;      - framebuffer_ds[1][118]~102                                     ; 0                 ; 6       ;
;      - framebuffer_ds[1][124]~103                                     ; 0                 ; 6       ;
;      - framebuffer_dht[1][110]~114                                    ; 0                 ; 6       ;
;      - framebuffer_ds[1][90]~104                                      ; 0                 ; 6       ;
;      - framebuffer_dht[1][85]~115                                     ; 0                 ; 6       ;
;      - framebuffer_ds[1][74]~105                                      ; 0                 ; 6       ;
;      - framebuffer_dht[1][67]~116                                     ; 0                 ; 6       ;
;      - framebuffer_dht[1][51]~117                                     ; 0                 ; 6       ;
;      - framebuffer_dht[1][61]~118                                     ; 0                 ; 6       ;
;      - framebuffer_dht[1][41]~119                                     ; 0                 ; 6       ;
;      - framebuffer_ds[1][37]~106                                      ; 0                 ; 6       ;
;      - framebuffer_dht[1][30]~120                                     ; 0                 ; 6       ;
;      - framebuffer_ds[1][17]~107                                      ; 0                 ; 6       ;
;      - framebuffer_dht[1][9]~121                                      ; 0                 ; 6       ;
;      - framebuffer_dht[1][1]~122                                      ; 0                 ; 6       ;
;      - framebuffer_ds[0][193]~108                                     ; 0                 ; 6       ;
;      - framebuffer_dht[0][228]~123                                    ; 0                 ; 6       ;
;      - framebuffer_ds[0][246]~109                                     ; 0                 ; 6       ;
;      - framebuffer_dht[0][249]~124                                    ; 0                 ; 6       ;
;      - framebuffer_ds[0][235]~110                                     ; 0                 ; 6       ;
;      - framebuffer_dht[0][221]~125                                    ; 0                 ; 6       ;
;      - framebuffer_dht[0][209]~126                                    ; 0                 ; 6       ;
;      - framebuffer_ds[0][204]~111                                     ; 0                 ; 6       ;
;      - framebuffer_dht[0][177]~127                                    ; 0                 ; 6       ;
;      - framebuffer_dht[0][185]~128                                    ; 0                 ; 6       ;
;      - framebuffer_ds[0][172]~112                                     ; 0                 ; 6       ;
;      - framebuffer_ds[0][161]~113                                     ; 0                 ; 6       ;
;      - framebuffer_ds[0][158]~114                                     ; 0                 ; 6       ;
;      - framebuffer_dht[0][149]~129                                    ; 0                 ; 6       ;
;      - framebuffer_ds[0][142]~115                                     ; 0                 ; 6       ;
;      - framebuffer_ds[0][130]~116                                     ; 0                 ; 6       ;
;      - framebuffer_dht[0][98]~130                                     ; 0                 ; 6       ;
;      - framebuffer_dht[0][113]~131                                    ; 0                 ; 6       ;
;      - framebuffer_ds[0][126]~117                                     ; 0                 ; 6       ;
;      - framebuffer_dht[0][105]~132                                    ; 0                 ; 6       ;
;      - framebuffer_ds[0][89]~118                                      ; 0                 ; 6       ;
;      - framebuffer_ds[0][84]~119                                      ; 0                 ; 6       ;
;      - framebuffer_dht[0][76]~133                                     ; 0                 ; 6       ;
;      - framebuffer_ds[0][67]~120                                      ; 0                 ; 6       ;
;      - framebuffer_ds[0][49]~121                                      ; 0                 ; 6       ;
;      - framebuffer_dht[0][62]~134                                     ; 0                 ; 6       ;
;      - framebuffer_dht[0][42]~135                                     ; 0                 ; 6       ;
;      - framebuffer_ds[0][34]~122                                      ; 0                 ; 6       ;
;      - framebuffer_dht[0][29]~136                                     ; 0                 ; 6       ;
;      - framebuffer_ds[0][18]~123                                      ; 0                 ; 6       ;
;      - framebuffer_dht[0][12]~137                                     ; 0                 ; 6       ;
;      - framebuffer_ds~124                                             ; 0                 ; 6       ;
;      - framebuffer_ds~125                                             ; 0                 ; 6       ;
;      - framebuffer_ds~126                                             ; 0                 ; 6       ;
;      - framebuffer_ds~127                                             ; 0                 ; 6       ;
;      - framebuffer_ds~128                                             ; 0                 ; 6       ;
;      - framebuffer_ds~129                                             ; 0                 ; 6       ;
;      - synch_reg_dht:synch_reg_dht_inst|hum_diff_reg~0                ; 0                 ; 6       ;
;      - synch_reg_ds:synch_reg_ds_inst|data_diff_reg~0                 ; 0                 ; 6       ;
;      - char_x[0]~17                                                   ; 0                 ; 6       ;
;      - rom:rom_inst|row_counter[2]~0                                  ; 0                 ; 6       ;
;      - rom:rom_inst|row_counter~1                                     ; 0                 ; 6       ;
;      - rom:rom_inst|row_counter~2                                     ; 0                 ; 6       ;
;      - rom:rom_inst|row_counter~3                                     ; 0                 ; 6       ;
;      - synch_reg_dht:synch_reg_dht_inst|temp_dht_reg~0                ; 0                 ; 6       ;
;      - synch_reg_dht:synch_reg_dht_inst|hum_dht_reg[7]~0              ; 0                 ; 6       ;
;      - synch_reg_dht:synch_reg_dht_inst|temp_dht_reg~1                ; 0                 ; 6       ;
;      - synch_reg_dht:synch_reg_dht_inst|temp_dht_reg~2                ; 0                 ; 6       ;
;      - synch_reg_dht:synch_reg_dht_inst|temp_dht_reg~3                ; 0                 ; 6       ;
;      - synch_reg_dht:synch_reg_dht_inst|temp_dht_reg~4                ; 0                 ; 6       ;
;      - synch_reg_dht:synch_reg_dht_inst|temp_dht_reg~5                ; 0                 ; 6       ;
;      - synch_reg_dht:synch_reg_dht_inst|temp_dht_reg~6                ; 0                 ; 6       ;
;      - synch_reg_dht:synch_reg_dht_inst|temp_dht_reg~7                ; 0                 ; 6       ;
;      - synch_reg_dht:synch_reg_dht_inst|hum_dht_reg~1                 ; 0                 ; 6       ;
;      - synch_reg_dht:synch_reg_dht_inst|hum_dht_reg~2                 ; 0                 ; 6       ;
;      - synch_reg_dht:synch_reg_dht_inst|hum_dht_reg~3                 ; 0                 ; 6       ;
;      - synch_reg_dht:synch_reg_dht_inst|hum_dht_reg~4                 ; 0                 ; 6       ;
;      - synch_reg_dht:synch_reg_dht_inst|hum_dht_reg~5                 ; 0                 ; 6       ;
;      - synch_reg_dht:synch_reg_dht_inst|hum_dht_reg~6                 ; 0                 ; 6       ;
;      - synch_reg_dht:synch_reg_dht_inst|hum_dht_reg~7                 ; 0                 ; 6       ;
;      - synch_reg_dht:synch_reg_dht_inst|hum_dht_reg~8                 ; 0                 ; 6       ;
;      - synch_reg_ds:synch_reg_ds_inst|data_ds_reg~0                   ; 0                 ; 6       ;
;      - synch_reg_ds:synch_reg_ds_inst|data_ds_reg[11]~1               ; 0                 ; 6       ;
;      - synch_reg_ds:synch_reg_ds_inst|data_ds_reg~2                   ; 0                 ; 6       ;
;      - synch_reg_ds:synch_reg_ds_inst|data_ds_reg~3                   ; 0                 ; 6       ;
;      - synch_reg_ds:synch_reg_ds_inst|data_ds_reg~4                   ; 0                 ; 6       ;
;      - synch_reg_ds:synch_reg_ds_inst|data_ds_reg~5                   ; 0                 ; 6       ;
;      - synch_reg_ds:synch_reg_ds_inst|data_ds_reg~6                   ; 0                 ; 6       ;
;      - synch_reg_ds:synch_reg_ds_inst|data_ds_reg~7                   ; 0                 ; 6       ;
;      - synch_reg_ds:synch_reg_ds_inst|data_ds_reg~8                   ; 0                 ; 6       ;
;      - synch_reg_ds:synch_reg_ds_inst|data_ds_reg~9                   ; 0                 ; 6       ;
;      - synch_reg_ds:synch_reg_ds_inst|data_ds_reg~10                  ; 0                 ; 6       ;
;      - synch_reg_ds:synch_reg_ds_inst|data_ds_reg~11                  ; 0                 ; 6       ;
;      - synch_reg_ds:synch_reg_ds_inst|data_ds_reg~12                  ; 0                 ; 6       ;
;      - data_to_text_dht:data_to_text_dht_inst|addr_out~23             ; 0                 ; 6       ;
;      - data_to_text_ds:data_to_text_ds_inst|addr_out[4]~8             ; 0                 ; 6       ;
;      - data_to_text_dht:data_to_text_dht_inst|addr_out~27             ; 0                 ; 6       ;
;      - data_to_text_dht:data_to_text_dht_inst|addr_out~49             ; 0                 ; 6       ;
;      - data_to_text_ds:data_to_text_ds_inst|addr_out~10               ; 0                 ; 6       ;
;      - data_to_text_ds:data_to_text_ds_inst|addr_out~11               ; 0                 ; 6       ;
;      - data_to_text_ds:data_to_text_ds_inst|addr_out~52               ; 0                 ; 6       ;
;      - synch_reg_dht:synch_reg_dht_inst|hum_dht2~0                    ; 0                 ; 6       ;
;      - synch_reg_dht:synch_reg_dht_inst|hum_dht2[0]~1                 ; 0                 ; 6       ;
;      - synch_reg_dht:synch_reg_dht_inst|hum_dht2~2                    ; 0                 ; 6       ;
;      - synch_reg_dht:synch_reg_dht_inst|hum_dht2~3                    ; 0                 ; 6       ;
;      - synch_reg_dht:synch_reg_dht_inst|hum_dht2~4                    ; 0                 ; 6       ;
;      - synch_reg_dht:synch_reg_dht_inst|hum_dht2~5                    ; 0                 ; 6       ;
;      - synch_reg_dht:synch_reg_dht_inst|hum_dht2~6                    ; 0                 ; 6       ;
;      - synch_reg_dht:synch_reg_dht_inst|hum_dht2~7                    ; 0                 ; 6       ;
;      - synch_reg_dht:synch_reg_dht_inst|temp_dht2~0                   ; 0                 ; 6       ;
;      - synch_reg_dht:synch_reg_dht_inst|temp_dht2~1                   ; 0                 ; 6       ;
;      - synch_reg_dht:synch_reg_dht_inst|temp_dht2~2                   ; 0                 ; 6       ;
;      - synch_reg_dht:synch_reg_dht_inst|temp_dht2~3                   ; 0                 ; 6       ;
;      - synch_reg_dht:synch_reg_dht_inst|temp_dht2~4                   ; 0                 ; 6       ;
;      - synch_reg_dht:synch_reg_dht_inst|temp_dht2~5                   ; 0                 ; 6       ;
;      - data_to_text_dht:data_to_text_dht_inst|row_counter~0           ; 0                 ; 6       ;
;      - data_to_text_dht:data_to_text_dht_inst|row_counter~1           ; 0                 ; 6       ;
;      - data_to_text_dht:data_to_text_dht_inst|row_counter~2           ; 0                 ; 6       ;
;      - data_to_text_ds:data_to_text_ds_inst|char_counter[1]~7         ; 0                 ; 6       ;
;      - data_to_text_ds:data_to_text_ds_inst|addr_out~56               ; 0                 ; 6       ;
; clock                                                                 ;                   ;         ;
+-----------------------------------------------------------------------+-------------------+---------+


+-------------------------------------------------------------------------------------------------------------------------------------------------------------------------------------------------------------------------------------------+
; Control Signals                                                                                                                                                                                                                           ;
+---------------------------------------------------------------------------------------------------+--------------------+---------+-------------------------+--------+----------------------+------------------+---------------------------+
; Name                                                                                              ; Location           ; Fan-Out ; Usage                   ; Global ; Global Resource Used ; Global Line Name ; Enable Signal Source Name ;
+---------------------------------------------------------------------------------------------------+--------------------+---------+-------------------------+--------+----------------------+------------------+---------------------------+
; char_x[0]~17                                                                                      ; LCCOMB_X32_Y22_N6  ; 6       ; Sync. clear             ; no     ; --                   ; --               ; --                        ;
; clock                                                                                             ; PIN_P11            ; 2       ; Clock                   ; no     ; --                   ; --               ; --                        ;
; data_to_text_ds:data_to_text_ds_inst|addr_out[4]~8                                                ; LCCOMB_X35_Y27_N20 ; 20      ; Clock enable            ; no     ; --                   ; --               ; --                        ;
; data_to_text_ds:data_to_text_ds_inst|char_counter[1]~7                                            ; LCCOMB_X32_Y26_N30 ; 5       ; Sync. clear             ; no     ; --                   ; --               ; --                        ;
; dht11_controller:dht11_inst|data_bit[5]~0                                                         ; LCCOMB_X22_Y23_N18 ; 7       ; Clock enable            ; no     ; --                   ; --               ; --                        ;
; dht11_controller:dht11_inst|humidity_out[7]~4                                                     ; LCCOMB_X23_Y25_N26 ; 16      ; Clock enable            ; no     ; --                   ; --               ; --                        ;
; ds18b20_controller:ds18b20_inst|LessThan3~0                                                       ; LCCOMB_X21_Y15_N20 ; 11      ; Sync. clear             ; no     ; --                   ; --               ; --                        ;
; ds18b20_controller:ds18b20_inst|command[6]~1                                                      ; LCCOMB_X18_Y15_N6  ; 4       ; Clock enable            ; no     ; --                   ; --               ; --                        ;
; ds18b20_controller:ds18b20_inst|command_bit[3]~1                                                  ; LCCOMB_X19_Y11_N24 ; 4       ; Clock enable            ; no     ; --                   ; --               ; --                        ;
; ds18b20_controller:ds18b20_inst|current_state.RESET                                               ; FF_X16_Y15_N29     ; 10      ; Sync. load              ; no     ; --                   ; --               ; --                        ;
; ds18b20_controller:ds18b20_inst|data_out[11]~0                                                    ; LCCOMB_X19_Y14_N22 ; 16      ; Clock enable            ; no     ; --                   ; --               ; --                        ;
; ds18b20_controller:ds18b20_inst|read_bit[6]~15                                                    ; LCCOMB_X21_Y15_N2  ; 7       ; Clock enable            ; no     ; --                   ; --               ; --                        ;
; ds18b20_controller:ds18b20_inst|read_sc~0                                                         ; LCCOMB_X19_Y11_N30 ; 13      ; Sync. load              ; no     ; --                   ; --               ; --                        ;
; framebuffer_dht[0][105]~132                                                                       ; LCCOMB_X30_Y19_N24 ; 12      ; Clock enable            ; no     ; --                   ; --               ; --                        ;
; framebuffer_dht[0][113]~131                                                                       ; LCCOMB_X32_Y15_N22 ; 12      ; Clock enable            ; no     ; --                   ; --               ; --                        ;
; framebuffer_dht[0][12]~137                                                                        ; LCCOMB_X26_Y20_N28 ; 12      ; Clock enable            ; no     ; --                   ; --               ; --                        ;
; framebuffer_dht[0][149]~129                                                                       ; LCCOMB_X41_Y23_N8  ; 12      ; Clock enable            ; no     ; --                   ; --               ; --                        ;
; framebuffer_dht[0][177]~127                                                                       ; LCCOMB_X39_Y21_N18 ; 12      ; Clock enable            ; no     ; --                   ; --               ; --                        ;
; framebuffer_dht[0][185]~128                                                                       ; LCCOMB_X42_Y23_N12 ; 12      ; Clock enable            ; no     ; --                   ; --               ; --                        ;
; framebuffer_dht[0][1]~1                                                                           ; LCCOMB_X41_Y25_N28 ; 12      ; Clock enable            ; no     ; --                   ; --               ; --                        ;
; framebuffer_dht[0][209]~126                                                                       ; LCCOMB_X40_Y19_N8  ; 12      ; Clock enable            ; no     ; --                   ; --               ; --                        ;
; framebuffer_dht[0][221]~125                                                                       ; LCCOMB_X40_Y15_N24 ; 12      ; Clock enable            ; no     ; --                   ; --               ; --                        ;
; framebuffer_dht[0][228]~123                                                                       ; LCCOMB_X42_Y17_N4  ; 12      ; Clock enable            ; no     ; --                   ; --               ; --                        ;
; framebuffer_dht[0][249]~124                                                                       ; LCCOMB_X37_Y19_N28 ; 12      ; Clock enable            ; no     ; --                   ; --               ; --                        ;
; framebuffer_dht[0][29]~136                                                                        ; LCCOMB_X32_Y19_N4  ; 12      ; Clock enable            ; no     ; --                   ; --               ; --                        ;
; framebuffer_dht[0][42]~135                                                                        ; LCCOMB_X41_Y23_N6  ; 12      ; Clock enable            ; no     ; --                   ; --               ; --                        ;
; framebuffer_dht[0][62]~134                                                                        ; LCCOMB_X39_Y23_N16 ; 12      ; Clock enable            ; no     ; --                   ; --               ; --                        ;
; framebuffer_dht[0][76]~133                                                                        ; LCCOMB_X40_Y20_N10 ; 12      ; Clock enable            ; no     ; --                   ; --               ; --                        ;
; framebuffer_dht[0][98]~130                                                                        ; LCCOMB_X42_Y17_N14 ; 12      ; Clock enable            ; no     ; --                   ; --               ; --                        ;
; framebuffer_dht[1][110]~114                                                                       ; LCCOMB_X35_Y21_N8  ; 12      ; Clock enable            ; no     ; --                   ; --               ; --                        ;
; framebuffer_dht[1][157]~113                                                                       ; LCCOMB_X32_Y19_N18 ; 12      ; Clock enable            ; no     ; --                   ; --               ; --                        ;
; framebuffer_dht[1][163]~112                                                                       ; LCCOMB_X31_Y20_N26 ; 12      ; Clock enable            ; no     ; --                   ; --               ; --                        ;
; framebuffer_dht[1][170]~111                                                                       ; LCCOMB_X35_Y21_N26 ; 12      ; Clock enable            ; no     ; --                   ; --               ; --                        ;
; framebuffer_dht[1][177]~109                                                                       ; LCCOMB_X34_Y20_N22 ; 12      ; Clock enable            ; no     ; --                   ; --               ; --                        ;
; framebuffer_dht[1][187]~110                                                                       ; LCCOMB_X34_Y19_N30 ; 12      ; Clock enable            ; no     ; --                   ; --               ; --                        ;
; framebuffer_dht[1][193]~102                                                                       ; LCCOMB_X38_Y20_N22 ; 12      ; Clock enable            ; no     ; --                   ; --               ; --                        ;
; framebuffer_dht[1][1]~122                                                                         ; LCCOMB_X41_Y25_N4  ; 12      ; Clock enable            ; no     ; --                   ; --               ; --                        ;
; framebuffer_dht[1][202]~108                                                                       ; LCCOMB_X34_Y20_N20 ; 12      ; Clock enable            ; no     ; --                   ; --               ; --                        ;
; framebuffer_dht[1][210]~107                                                                       ; LCCOMB_X37_Y19_N12 ; 12      ; Clock enable            ; no     ; --                   ; --               ; --                        ;
; framebuffer_dht[1][217]~106                                                                       ; LCCOMB_X31_Y20_N8  ; 12      ; Clock enable            ; no     ; --                   ; --               ; --                        ;
; framebuffer_dht[1][227]~103                                                                       ; LCCOMB_X37_Y21_N10 ; 12      ; Clock enable            ; no     ; --                   ; --               ; --                        ;
; framebuffer_dht[1][234]~105                                                                       ; LCCOMB_X32_Y19_N24 ; 12      ; Clock enable            ; no     ; --                   ; --               ; --                        ;
; framebuffer_dht[1][244]~104                                                                       ; LCCOMB_X43_Y21_N8  ; 12      ; Clock enable            ; no     ; --                   ; --               ; --                        ;
; framebuffer_dht[1][30]~120                                                                        ; LCCOMB_X32_Y19_N20 ; 12      ; Clock enable            ; no     ; --                   ; --               ; --                        ;
; framebuffer_dht[1][41]~119                                                                        ; LCCOMB_X31_Y19_N28 ; 12      ; Clock enable            ; no     ; --                   ; --               ; --                        ;
; framebuffer_dht[1][51]~117                                                                        ; LCCOMB_X34_Y20_N28 ; 12      ; Clock enable            ; no     ; --                   ; --               ; --                        ;
; framebuffer_dht[1][61]~118                                                                        ; LCCOMB_X38_Y20_N28 ; 12      ; Clock enable            ; no     ; --                   ; --               ; --                        ;
; framebuffer_dht[1][67]~116                                                                        ; LCCOMB_X45_Y20_N0  ; 12      ; Clock enable            ; no     ; --                   ; --               ; --                        ;
; framebuffer_dht[1][85]~115                                                                        ; LCCOMB_X37_Y19_N2  ; 12      ; Clock enable            ; no     ; --                   ; --               ; --                        ;
; framebuffer_dht[1][9]~121                                                                         ; LCCOMB_X27_Y17_N22 ; 12      ; Clock enable            ; no     ; --                   ; --               ; --                        ;
; framebuffer_dht[2][107]~95                                                                        ; LCCOMB_X30_Y19_N6  ; 12      ; Clock enable            ; no     ; --                   ; --               ; --                        ;
; framebuffer_dht[2][114]~93                                                                        ; LCCOMB_X34_Y18_N18 ; 12      ; Clock enable            ; no     ; --                   ; --               ; --                        ;
; framebuffer_dht[2][124]~94                                                                        ; LCCOMB_X37_Y19_N8  ; 12      ; Clock enable            ; no     ; --                   ; --               ; --                        ;
; framebuffer_dht[2][134]~92                                                                        ; LCCOMB_X41_Y25_N10 ; 12      ; Clock enable            ; no     ; --                   ; --               ; --                        ;
; framebuffer_dht[2][148]~91                                                                        ; LCCOMB_X51_Y22_N6  ; 12      ; Clock enable            ; no     ; --                   ; --               ; --                        ;
; framebuffer_dht[2][158]~90                                                                        ; LCCOMB_X32_Y19_N16 ; 12      ; Clock enable            ; no     ; --                   ; --               ; --                        ;
; framebuffer_dht[2][173]~89                                                                        ; LCCOMB_X43_Y18_N4  ; 12      ; Clock enable            ; no     ; --                   ; --               ; --                        ;
; framebuffer_dht[2][177]~87                                                                        ; LCCOMB_X40_Y20_N6  ; 12      ; Clock enable            ; no     ; --                   ; --               ; --                        ;
; framebuffer_dht[2][185]~88                                                                        ; LCCOMB_X37_Y19_N30 ; 12      ; Clock enable            ; no     ; --                   ; --               ; --                        ;
; framebuffer_dht[2][202]~86                                                                        ; LCCOMB_X43_Y19_N26 ; 12      ; Clock enable            ; no     ; --                   ; --               ; --                        ;
; framebuffer_dht[2][20]~100                                                                        ; LCCOMB_X51_Y22_N24 ; 12      ; Clock enable            ; no     ; --                   ; --               ; --                        ;
; framebuffer_dht[2][210]~85                                                                        ; LCCOMB_X49_Y18_N22 ; 12      ; Clock enable            ; no     ; --                   ; --               ; --                        ;
; framebuffer_dht[2][222]~84                                                                        ; LCCOMB_X43_Y19_N20 ; 12      ; Clock enable            ; no     ; --                   ; --               ; --                        ;
; framebuffer_dht[2][230]~81                                                                        ; LCCOMB_X42_Y17_N8  ; 12      ; Clock enable            ; no     ; --                   ; --               ; --                        ;
; framebuffer_dht[2][244]~82                                                                        ; LCCOMB_X34_Y18_N4  ; 12      ; Clock enable            ; no     ; --                   ; --               ; --                        ;
; framebuffer_dht[2][254]~83                                                                        ; LCCOMB_X37_Y19_N4  ; 12      ; Clock enable            ; no     ; --                   ; --               ; --                        ;
; framebuffer_dht[2][27]~99                                                                         ; LCCOMB_X32_Y19_N26 ; 12      ; Clock enable            ; no     ; --                   ; --               ; --                        ;
; framebuffer_dht[2][2]~101                                                                         ; LCCOMB_X41_Y25_N12 ; 12      ; Clock enable            ; no     ; --                   ; --               ; --                        ;
; framebuffer_dht[2][49]~98                                                                         ; LCCOMB_X38_Y20_N0  ; 12      ; Clock enable            ; no     ; --                   ; --               ; --                        ;
; framebuffer_dht[2][83]~97                                                                         ; LCCOMB_X43_Y18_N26 ; 12      ; Clock enable            ; no     ; --                   ; --               ; --                        ;
; framebuffer_dht[2][91]~96                                                                         ; LCCOMB_X43_Y19_N8  ; 12      ; Clock enable            ; no     ; --                   ; --               ; --                        ;
; framebuffer_dht[3][110]~72                                                                        ; LCCOMB_X30_Y19_N16 ; 12      ; Clock enable            ; no     ; --                   ; --               ; --                        ;
; framebuffer_dht[3][134]~63                                                                        ; LCCOMB_X41_Y25_N20 ; 12      ; Clock enable            ; no     ; --                   ; --               ; --                        ;
; framebuffer_dht[3][158]~71                                                                        ; LCCOMB_X32_Y19_N30 ; 12      ; Clock enable            ; no     ; --                   ; --               ; --                        ;
; framebuffer_dht[3][166]~70                                                                        ; LCCOMB_X42_Y18_N6  ; 12      ; Clock enable            ; no     ; --                   ; --               ; --                        ;
; framebuffer_dht[3][179]~69                                                                        ; LCCOMB_X39_Y21_N6  ; 12      ; Clock enable            ; no     ; --                   ; --               ; --                        ;
; framebuffer_dht[3][198]~64                                                                        ; LCCOMB_X45_Y20_N6  ; 12      ; Clock enable            ; no     ; --                   ; --               ; --                        ;
; framebuffer_dht[3][204]~68                                                                        ; LCCOMB_X42_Y23_N16 ; 12      ; Clock enable            ; no     ; --                   ; --               ; --                        ;
; framebuffer_dht[3][225]~65                                                                        ; LCCOMB_X42_Y17_N0  ; 12      ; Clock enable            ; no     ; --                   ; --               ; --                        ;
; framebuffer_dht[3][22]~80                                                                         ; LCCOMB_X38_Y19_N4  ; 12      ; Clock enable            ; no     ; --                   ; --               ; --                        ;
; framebuffer_dht[3][244]~66                                                                        ; LCCOMB_X44_Y13_N16 ; 12      ; Clock enable            ; no     ; --                   ; --               ; --                        ;
; framebuffer_dht[3][254]~67                                                                        ; LCCOMB_X40_Y19_N4  ; 12      ; Clock enable            ; no     ; --                   ; --               ; --                        ;
; framebuffer_dht[3][38]~79                                                                         ; LCCOMB_X42_Y18_N20 ; 12      ; Clock enable            ; no     ; --                   ; --               ; --                        ;
; framebuffer_dht[3][51]~77                                                                         ; LCCOMB_X39_Y21_N4  ; 12      ; Clock enable            ; no     ; --                   ; --               ; --                        ;
; framebuffer_dht[3][61]~78                                                                         ; LCCOMB_X42_Y23_N26 ; 12      ; Clock enable            ; no     ; --                   ; --               ; --                        ;
; framebuffer_dht[3][67]~76                                                                         ; LCCOMB_X45_Y20_N30 ; 12      ; Clock enable            ; no     ; --                   ; --               ; --                        ;
; framebuffer_dht[3][78]~75                                                                         ; LCCOMB_X34_Y13_N26 ; 12      ; Clock enable            ; no     ; --                   ; --               ; --                        ;
; framebuffer_dht[3][82]~74                                                                         ; LCCOMB_X37_Y19_N16 ; 12      ; Clock enable            ; no     ; --                   ; --               ; --                        ;
; framebuffer_dht[3][89]~73                                                                         ; LCCOMB_X38_Y15_N2  ; 12      ; Clock enable            ; no     ; --                   ; --               ; --                        ;
; framebuffer_dht[4][107]~59                                                                        ; LCCOMB_X39_Y17_N24 ; 12      ; Clock enable            ; no     ; --                   ; --               ; --                        ;
; framebuffer_dht[4][150]~58                                                                        ; LCCOMB_X46_Y21_N6  ; 12      ; Clock enable            ; no     ; --                   ; --               ; --                        ;
; framebuffer_dht[4][190]~57                                                                        ; LCCOMB_X42_Y23_N0  ; 12      ; Clock enable            ; no     ; --                   ; --               ; --                        ;
; framebuffer_dht[4][210]~56                                                                        ; LCCOMB_X44_Y22_N28 ; 12      ; Clock enable            ; no     ; --                   ; --               ; --                        ;
; framebuffer_dht[4][218]~55                                                                        ; LCCOMB_X43_Y19_N16 ; 12      ; Clock enable            ; no     ; --                   ; --               ; --                        ;
; framebuffer_dht[4][227]~53                                                                        ; LCCOMB_X43_Y18_N30 ; 12      ; Clock enable            ; no     ; --                   ; --               ; --                        ;
; framebuffer_dht[4][254]~54                                                                        ; LCCOMB_X41_Y25_N18 ; 12      ; Clock enable            ; no     ; --                   ; --               ; --                        ;
; framebuffer_dht[4][3]~3                                                                           ; LCCOMB_X41_Y25_N22 ; 12      ; Clock enable            ; no     ; --                   ; --               ; --                        ;
; framebuffer_dht[4][49]~62                                                                         ; LCCOMB_X39_Y21_N24 ; 12      ; Clock enable            ; no     ; --                   ; --               ; --                        ;
; framebuffer_dht[4][82]~61                                                                         ; LCCOMB_X44_Y11_N8  ; 12      ; Clock enable            ; no     ; --                   ; --               ; --                        ;
; framebuffer_dht[4][93]~60                                                                         ; LCCOMB_X43_Y19_N14 ; 12      ; Clock enable            ; no     ; --                   ; --               ; --                        ;
; framebuffer_dht[5][109]~47                                                                        ; LCCOMB_X39_Y17_N4  ; 12      ; Clock enable            ; no     ; --                   ; --               ; --                        ;
; framebuffer_dht[5][118]~45                                                                        ; LCCOMB_X34_Y18_N30 ; 12      ; Clock enable            ; no     ; --                   ; --               ; --                        ;
; framebuffer_dht[5][126]~46                                                                        ; LCCOMB_X37_Y19_N24 ; 12      ; Clock enable            ; no     ; --                   ; --               ; --                        ;
; framebuffer_dht[5][134]~34                                                                        ; LCCOMB_X41_Y25_N0  ; 12      ; Clock enable            ; no     ; --                   ; --               ; --                        ;
; framebuffer_dht[5][147]~43                                                                        ; LCCOMB_X35_Y24_N16 ; 12      ; Clock enable            ; no     ; --                   ; --               ; --                        ;
; framebuffer_dht[5][158]~42                                                                        ; LCCOMB_X38_Y20_N2  ; 12      ; Clock enable            ; no     ; --                   ; --               ; --                        ;
; framebuffer_dht[5][178]~41                                                                        ; LCCOMB_X39_Y21_N28 ; 12      ; Clock enable            ; no     ; --                   ; --               ; --                        ;
; framebuffer_dht[5][196]~35                                                                        ; LCCOMB_X45_Y20_N28 ; 12      ; Clock enable            ; no     ; --                   ; --               ; --                        ;
; framebuffer_dht[5][204]~40                                                                        ; LCCOMB_X47_Y17_N8  ; 12      ; Clock enable            ; no     ; --                   ; --               ; --                        ;
; framebuffer_dht[5][211]~39                                                                        ; LCCOMB_X51_Y22_N20 ; 12      ; Clock enable            ; no     ; --                   ; --               ; --                        ;
; framebuffer_dht[5][218]~38                                                                        ; LCCOMB_X43_Y19_N24 ; 12      ; Clock enable            ; no     ; --                   ; --               ; --                        ;
; framebuffer_dht[5][225]~36                                                                        ; LCCOMB_X42_Y17_N28 ; 12      ; Clock enable            ; no     ; --                   ; --               ; --                        ;
; framebuffer_dht[5][22]~52                                                                         ; LCCOMB_X43_Y19_N30 ; 12      ; Clock enable            ; no     ; --                   ; --               ; --                        ;
; framebuffer_dht[5][235]~37                                                                        ; LCCOMB_X32_Y19_N8  ; 12      ; Clock enable            ; no     ; --                   ; --               ; --                        ;
; framebuffer_dht[5][38]~51                                                                         ; LCCOMB_X42_Y18_N12 ; 12      ; Clock enable            ; no     ; --                   ; --               ; --                        ;
; framebuffer_dht[5][45]~50                                                                         ; LCCOMB_X39_Y17_N16 ; 12      ; Clock enable            ; no     ; --                   ; --               ; --                        ;
; framebuffer_dht[5][65]~49                                                                         ; LCCOMB_X34_Y20_N6  ; 12      ; Clock enable            ; no     ; --                   ; --               ; --                        ;
; framebuffer_dht[5][86]~48                                                                         ; LCCOMB_X40_Y19_N30 ; 12      ; Clock enable            ; no     ; --                   ; --               ; --                        ;
; framebuffer_dht[5][97]~44                                                                         ; LCCOMB_X42_Y17_N2  ; 12      ; Clock enable            ; no     ; --                   ; --               ; --                        ;
; framebuffer_dht[6][142]~30                                                                        ; LCCOMB_X46_Y21_N22 ; 12      ; Clock enable            ; no     ; --                   ; --               ; --                        ;
; framebuffer_dht[6][201]~29                                                                        ; LCCOMB_X34_Y20_N0  ; 12      ; Clock enable            ; no     ; --                   ; --               ; --                        ;
; framebuffer_dht[6][209]~28                                                                        ; LCCOMB_X44_Y15_N0  ; 12      ; Clock enable            ; no     ; --                   ; --               ; --                        ;
; framebuffer_dht[6][217]~27                                                                        ; LCCOMB_X38_Y15_N10 ; 12      ; Clock enable            ; no     ; --                   ; --               ; --                        ;
; framebuffer_dht[6][229]~23                                                                        ; LCCOMB_X42_Y17_N26 ; 12      ; Clock enable            ; no     ; --                   ; --               ; --                        ;
; framebuffer_dht[6][22]~33                                                                         ; LCCOMB_X39_Y21_N30 ; 12      ; Clock enable            ; no     ; --                   ; --               ; --                        ;
; framebuffer_dht[6][234]~26                                                                        ; LCCOMB_X39_Y17_N8  ; 12      ; Clock enable            ; no     ; --                   ; --               ; --                        ;
; framebuffer_dht[6][242]~24                                                                        ; LCCOMB_X34_Y18_N22 ; 12      ; Clock enable            ; no     ; --                   ; --               ; --                        ;
; framebuffer_dht[6][249]~25                                                                        ; LCCOMB_X37_Y19_N20 ; 12      ; Clock enable            ; no     ; --                   ; --               ; --                        ;
; framebuffer_dht[6][65]~32                                                                         ; LCCOMB_X45_Y20_N22 ; 12      ; Clock enable            ; no     ; --                   ; --               ; --                        ;
; framebuffer_dht[6][89]~31                                                                         ; LCCOMB_X38_Y15_N0  ; 12      ; Clock enable            ; no     ; --                   ; --               ; --                        ;
; framebuffer_dht[7][107]~18                                                                        ; LCCOMB_X39_Y17_N26 ; 12      ; Clock enable            ; no     ; --                   ; --               ; --                        ;
; framebuffer_dht[7][126]~17                                                                        ; LCCOMB_X38_Y20_N30 ; 12      ; Clock enable            ; no     ; --                   ; --               ; --                        ;
; framebuffer_dht[7][131]~4                                                                         ; LCCOMB_X41_Y25_N16 ; 12      ; Clock enable            ; no     ; --                   ; --               ; --                        ;
; framebuffer_dht[7][147]~16                                                                        ; LCCOMB_X35_Y24_N8  ; 12      ; Clock enable            ; no     ; --                   ; --               ; --                        ;
; framebuffer_dht[7][154]~15                                                                        ; LCCOMB_X37_Y21_N0  ; 12      ; Clock enable            ; no     ; --                   ; --               ; --                        ;
; framebuffer_dht[7][169]~14                                                                        ; LCCOMB_X41_Y16_N26 ; 12      ; Clock enable            ; no     ; --                   ; --               ; --                        ;
; framebuffer_dht[7][182]~13                                                                        ; LCCOMB_X39_Y21_N0  ; 12      ; Clock enable            ; no     ; --                   ; --               ; --                        ;
; framebuffer_dht[7][198]~5                                                                         ; LCCOMB_X45_Y20_N20 ; 12      ; Clock enable            ; no     ; --                   ; --               ; --                        ;
; framebuffer_dht[7][205]~12                                                                        ; LCCOMB_X35_Y22_N22 ; 12      ; Clock enable            ; no     ; --                   ; --               ; --                        ;
; framebuffer_dht[7][214]~11                                                                        ; LCCOMB_X40_Y20_N0  ; 12      ; Clock enable            ; no     ; --                   ; --               ; --                        ;
; framebuffer_dht[7][250]~6                                                                         ; LCCOMB_X38_Y20_N26 ; 12      ; Clock enable            ; no     ; --                   ; --               ; --                        ;
; framebuffer_dht[7][45]~22                                                                         ; LCCOMB_X42_Y23_N8  ; 12      ; Clock enable            ; no     ; --                   ; --               ; --                        ;
; framebuffer_dht[7][51]~21                                                                         ; LCCOMB_X43_Y21_N22 ; 12      ; Clock enable            ; no     ; --                   ; --               ; --                        ;
; framebuffer_dht[7][86]~20                                                                         ; LCCOMB_X44_Y15_N2  ; 12      ; Clock enable            ; no     ; --                   ; --               ; --                        ;
; framebuffer_dht[7][89]~19                                                                         ; LCCOMB_X43_Y23_N30 ; 12      ; Clock enable            ; no     ; --                   ; --               ; --                        ;
; framebuffer_ds[0][126]~117                                                                        ; LCCOMB_X35_Y17_N16 ; 12      ; Clock enable            ; no     ; --                   ; --               ; --                        ;
; framebuffer_ds[0][130]~116                                                                        ; LCCOMB_X41_Y25_N30 ; 12      ; Clock enable            ; no     ; --                   ; --               ; --                        ;
; framebuffer_ds[0][142]~115                                                                        ; LCCOMB_X42_Y23_N6  ; 12      ; Clock enable            ; no     ; --                   ; --               ; --                        ;
; framebuffer_ds[0][158]~114                                                                        ; LCCOMB_X36_Y24_N14 ; 12      ; Clock enable            ; no     ; --                   ; --               ; --                        ;
; framebuffer_ds[0][161]~113                                                                        ; LCCOMB_X42_Y18_N14 ; 12      ; Clock enable            ; no     ; --                   ; --               ; --                        ;
; framebuffer_ds[0][172]~112                                                                        ; LCCOMB_X42_Y18_N24 ; 12      ; Clock enable            ; no     ; --                   ; --               ; --                        ;
; framebuffer_ds[0][18]~123                                                                         ; LCCOMB_X32_Y19_N6  ; 12      ; Clock enable            ; no     ; --                   ; --               ; --                        ;
; framebuffer_ds[0][193]~108                                                                        ; LCCOMB_X45_Y20_N14 ; 12      ; Clock enable            ; no     ; --                   ; --               ; --                        ;
; framebuffer_ds[0][204]~111                                                                        ; LCCOMB_X43_Y19_N6  ; 12      ; Clock enable            ; no     ; --                   ; --               ; --                        ;
; framebuffer_ds[0][235]~110                                                                        ; LCCOMB_X35_Y17_N2  ; 12      ; Clock enable            ; no     ; --                   ; --               ; --                        ;
; framebuffer_ds[0][246]~109                                                                        ; LCCOMB_X34_Y18_N20 ; 12      ; Clock enable            ; no     ; --                   ; --               ; --                        ;
; framebuffer_ds[0][34]~122                                                                         ; LCCOMB_X42_Y18_N28 ; 12      ; Clock enable            ; no     ; --                   ; --               ; --                        ;
; framebuffer_ds[0][49]~121                                                                         ; LCCOMB_X39_Y21_N12 ; 12      ; Clock enable            ; no     ; --                   ; --               ; --                        ;
; framebuffer_ds[0][67]~120                                                                         ; LCCOMB_X45_Y20_N12 ; 12      ; Clock enable            ; no     ; --                   ; --               ; --                        ;
; framebuffer_ds[0][84]~119                                                                         ; LCCOMB_X40_Y19_N2  ; 12      ; Clock enable            ; no     ; --                   ; --               ; --                        ;
; framebuffer_ds[0][89]~118                                                                         ; LCCOMB_X43_Y19_N0  ; 12      ; Clock enable            ; no     ; --                   ; --               ; --                        ;
; framebuffer_ds[1][101]~101                                                                        ; LCCOMB_X37_Y21_N16 ; 12      ; Clock enable            ; no     ; --                   ; --               ; --                        ;
; framebuffer_ds[1][118]~102                                                                        ; LCCOMB_X32_Y22_N4  ; 12      ; Clock enable            ; no     ; --                   ; --               ; --                        ;
; framebuffer_ds[1][124]~103                                                                        ; LCCOMB_X34_Y19_N24 ; 12      ; Clock enable            ; no     ; --                   ; --               ; --                        ;
; framebuffer_ds[1][133]~97                                                                         ; LCCOMB_X41_Y25_N2  ; 12      ; Clock enable            ; no     ; --                   ; --               ; --                        ;
; framebuffer_ds[1][138]~100                                                                        ; LCCOMB_X35_Y24_N4  ; 12      ; Clock enable            ; no     ; --                   ; --               ; --                        ;
; framebuffer_ds[1][145]~99                                                                         ; LCCOMB_X35_Y24_N22 ; 12      ; Clock enable            ; no     ; --                   ; --               ; --                        ;
; framebuffer_ds[1][17]~107                                                                         ; LCCOMB_X32_Y19_N14 ; 12      ; Clock enable            ; no     ; --                   ; --               ; --                        ;
; framebuffer_ds[1][252]~98                                                                         ; LCCOMB_X40_Y20_N8  ; 12      ; Clock enable            ; no     ; --                   ; --               ; --                        ;
; framebuffer_ds[1][37]~106                                                                         ; LCCOMB_X31_Y20_N22 ; 12      ; Clock enable            ; no     ; --                   ; --               ; --                        ;
; framebuffer_ds[1][74]~105                                                                         ; LCCOMB_X32_Y22_N2  ; 12      ; Clock enable            ; no     ; --                   ; --               ; --                        ;
; framebuffer_ds[1][90]~104                                                                         ; LCCOMB_X31_Y20_N4  ; 12      ; Clock enable            ; no     ; --                   ; --               ; --                        ;
; framebuffer_ds[2][102]~90                                                                         ; LCCOMB_X42_Y17_N6  ; 12      ; Clock enable            ; no     ; --                   ; --               ; --                        ;
; framebuffer_ds[2][140]~89                                                                         ; LCCOMB_X49_Y24_N6  ; 12      ; Clock enable            ; no     ; --                   ; --               ; --                        ;
; framebuffer_ds[2][164]~88                                                                         ; LCCOMB_X42_Y18_N26 ; 12      ; Clock enable            ; no     ; --                   ; --               ; --                        ;
; framebuffer_ds[2][198]~86                                                                         ; LCCOMB_X45_Y20_N4  ; 12      ; Clock enable            ; no     ; --                   ; --               ; --                        ;
; framebuffer_ds[2][234]~87                                                                         ; LCCOMB_X38_Y19_N26 ; 12      ; Clock enable            ; no     ; --                   ; --               ; --                        ;
; framebuffer_ds[2][36]~95                                                                          ; LCCOMB_X42_Y18_N22 ; 12      ; Clock enable            ; no     ; --                   ; --               ; --                        ;
; framebuffer_ds[2][43]~94                                                                          ; LCCOMB_X42_Y18_N4  ; 12      ; Clock enable            ; no     ; --                   ; --               ; --                        ;
; framebuffer_ds[2][58]~93                                                                          ; LCCOMB_X37_Y19_N10 ; 12      ; Clock enable            ; no     ; --                   ; --               ; --                        ;
; framebuffer_ds[2][70]~92                                                                          ; LCCOMB_X45_Y20_N26 ; 12      ; Clock enable            ; no     ; --                   ; --               ; --                        ;
; framebuffer_ds[2][78]~91                                                                          ; LCCOMB_X49_Y17_N8  ; 12      ; Clock enable            ; no     ; --                   ; --               ; --                        ;
; framebuffer_ds[2][9]~96                                                                           ; LCCOMB_X27_Y25_N24 ; 12      ; Clock enable            ; no     ; --                   ; --               ; --                        ;
; framebuffer_ds[3][115]~81                                                                         ; LCCOMB_X42_Y17_N24 ; 12      ; Clock enable            ; no     ; --                   ; --               ; --                        ;
; framebuffer_ds[3][126]~82                                                                         ; LCCOMB_X42_Y17_N10 ; 12      ; Clock enable            ; no     ; --                   ; --               ; --                        ;
; framebuffer_ds[3][12]~85                                                                          ; LCCOMB_X38_Y20_N10 ; 12      ; Clock enable            ; no     ; --                   ; --               ; --                        ;
; framebuffer_ds[3][138]~79                                                                         ; LCCOMB_X47_Y18_N6  ; 12      ; Clock enable            ; no     ; --                   ; --               ; --                        ;
; framebuffer_ds[3][150]~78                                                                         ; LCCOMB_X45_Y20_N8  ; 12      ; Clock enable            ; no     ; --                   ; --               ; --                        ;
; framebuffer_ds[3][170]~77                                                                         ; LCCOMB_X43_Y18_N24 ; 12      ; Clock enable            ; no     ; --                   ; --               ; --                        ;
; framebuffer_ds[3][185]~76                                                                         ; LCCOMB_X43_Y21_N14 ; 12      ; Clock enable            ; no     ; --                   ; --               ; --                        ;
; framebuffer_ds[3][213]~75                                                                         ; LCCOMB_X40_Y19_N18 ; 12      ; Clock enable            ; no     ; --                   ; --               ; --                        ;
; framebuffer_ds[3][221]~74                                                                         ; LCCOMB_X37_Y19_N26 ; 12      ; Clock enable            ; no     ; --                   ; --               ; --                        ;
; framebuffer_ds[3][238]~73                                                                         ; LCCOMB_X39_Y17_N2  ; 12      ; Clock enable            ; no     ; --                   ; --               ; --                        ;
; framebuffer_ds[3][30]~84                                                                          ; LCCOMB_X37_Y19_N18 ; 12      ; Clock enable            ; no     ; --                   ; --               ; --                        ;
; framebuffer_ds[3][42]~83                                                                          ; LCCOMB_X43_Y18_N14 ; 12      ; Clock enable            ; no     ; --                   ; --               ; --                        ;
; framebuffer_ds[3][4]~72                                                                           ; LCCOMB_X42_Y23_N10 ; 12      ; Clock enable            ; no     ; --                   ; --               ; --                        ;
; framebuffer_ds[3][97]~80                                                                          ; LCCOMB_X42_Y17_N18 ; 12      ; Clock enable            ; no     ; --                   ; --               ; --                        ;
; framebuffer_ds[4][113]~62                                                                         ; LCCOMB_X44_Y13_N2  ; 12      ; Clock enable            ; no     ; --                   ; --               ; --                        ;
; framebuffer_ds[4][121]~63                                                                         ; LCCOMB_X39_Y21_N10 ; 12      ; Clock enable            ; no     ; --                   ; --               ; --                        ;
; framebuffer_ds[4][134]~60                                                                         ; LCCOMB_X41_Y25_N6  ; 12      ; Clock enable            ; no     ; --                   ; --               ; --                        ;
; framebuffer_ds[4][142]~59                                                                         ; LCCOMB_X46_Y21_N20 ; 12      ; Clock enable            ; no     ; --                   ; --               ; --                        ;
; framebuffer_ds[4][14]~71                                                                          ; LCCOMB_X46_Y21_N28 ; 12      ; Clock enable            ; no     ; --                   ; --               ; --                        ;
; framebuffer_ds[4][153]~58                                                                         ; LCCOMB_X32_Y19_N22 ; 12      ; Clock enable            ; no     ; --                   ; --               ; --                        ;
; framebuffer_ds[4][162]~57                                                                         ; LCCOMB_X42_Y18_N2  ; 12      ; Clock enable            ; no     ; --                   ; --               ; --                        ;
; framebuffer_ds[4][173]~56                                                                         ; LCCOMB_X43_Y18_N16 ; 12      ; Clock enable            ; no     ; --                   ; --               ; --                        ;
; framebuffer_ds[4][17]~70                                                                          ; LCCOMB_X46_Y21_N30 ; 12      ; Clock enable            ; no     ; --                   ; --               ; --                        ;
; framebuffer_ds[4][181]~55                                                                         ; LCCOMB_X43_Y21_N0  ; 12      ; Clock enable            ; no     ; --                   ; --               ; --                        ;
; framebuffer_ds[4][193]~51                                                                         ; LCCOMB_X45_Y20_N2  ; 12      ; Clock enable            ; no     ; --                   ; --               ; --                        ;
; framebuffer_ds[4][206]~54                                                                         ; LCCOMB_X41_Y25_N8  ; 12      ; Clock enable            ; no     ; --                   ; --               ; --                        ;
; framebuffer_ds[4][235]~53                                                                         ; LCCOMB_X39_Y17_N14 ; 12      ; Clock enable            ; no     ; --                   ; --               ; --                        ;
; framebuffer_ds[4][244]~52                                                                         ; LCCOMB_X39_Y21_N20 ; 12      ; Clock enable            ; no     ; --                   ; --               ; --                        ;
; framebuffer_ds[4][29]~69                                                                          ; LCCOMB_X32_Y19_N12 ; 12      ; Clock enable            ; no     ; --                   ; --               ; --                        ;
; framebuffer_ds[4][34]~68                                                                          ; LCCOMB_X42_Y18_N0  ; 12      ; Clock enable            ; no     ; --                   ; --               ; --                        ;
; framebuffer_ds[4][41]~67                                                                          ; LCCOMB_X43_Y18_N6  ; 12      ; Clock enable            ; no     ; --                   ; --               ; --                        ;
; framebuffer_ds[4][58]~66                                                                          ; LCCOMB_X41_Y21_N20 ; 12      ; Clock enable            ; no     ; --                   ; --               ; --                        ;
; framebuffer_ds[4][65]~65                                                                          ; LCCOMB_X45_Y20_N16 ; 12      ; Clock enable            ; no     ; --                   ; --               ; --                        ;
; framebuffer_ds[4][78]~64                                                                          ; LCCOMB_X47_Y11_N8  ; 12      ; Clock enable            ; no     ; --                   ; --               ; --                        ;
; framebuffer_ds[4][98]~61                                                                          ; LCCOMB_X37_Y19_N0  ; 12      ; Clock enable            ; no     ; --                   ; --               ; --                        ;
; framebuffer_ds[5][142]~43                                                                         ; LCCOMB_X39_Y23_N6  ; 12      ; Clock enable            ; no     ; --                   ; --               ; --                        ;
; framebuffer_ds[5][161]~42                                                                         ; LCCOMB_X40_Y19_N16 ; 12      ; Clock enable            ; no     ; --                   ; --               ; --                        ;
; framebuffer_ds[5][173]~41                                                                         ; LCCOMB_X41_Y16_N14 ; 12      ; Clock enable            ; no     ; --                   ; --               ; --                        ;
; framebuffer_ds[5][185]~40                                                                         ; LCCOMB_X40_Y19_N14 ; 12      ; Clock enable            ; no     ; --                   ; --               ; --                        ;
; framebuffer_ds[5][242]~38                                                                         ; LCCOMB_X34_Y18_N24 ; 12      ; Clock enable            ; no     ; --                   ; --               ; --                        ;
; framebuffer_ds[5][250]~39                                                                         ; LCCOMB_X40_Y19_N24 ; 12      ; Clock enable            ; no     ; --                   ; --               ; --                        ;
; framebuffer_ds[5][25]~48                                                                          ; LCCOMB_X37_Y19_N22 ; 12      ; Clock enable            ; no     ; --                   ; --               ; --                        ;
; framebuffer_ds[5][52]~46                                                                          ; LCCOMB_X39_Y21_N22 ; 12      ; Clock enable            ; no     ; --                   ; --               ; --                        ;
; framebuffer_ds[5][57]~47                                                                          ; LCCOMB_X38_Y20_N20 ; 12      ; Clock enable            ; no     ; --                   ; --               ; --                        ;
; framebuffer_ds[5][5]~50                                                                           ; LCCOMB_X42_Y23_N30 ; 12      ; Clock enable            ; no     ; --                   ; --               ; --                        ;
; framebuffer_ds[5][76]~45                                                                          ; LCCOMB_X34_Y22_N30 ; 12      ; Clock enable            ; no     ; --                   ; --               ; --                        ;
; framebuffer_ds[5][90]~44                                                                          ; LCCOMB_X39_Y17_N6  ; 12      ; Clock enable            ; no     ; --                   ; --               ; --                        ;
; framebuffer_ds[5][9]~49                                                                           ; LCCOMB_X47_Y18_N4  ; 12      ; Clock enable            ; no     ; --                   ; --               ; --                        ;
; framebuffer_ds[6][102]~26                                                                         ; LCCOMB_X42_Y17_N12 ; 12      ; Clock enable            ; no     ; --                   ; --               ; --                        ;
; framebuffer_ds[6][109]~29                                                                         ; LCCOMB_X39_Y17_N30 ; 12      ; Clock enable            ; no     ; --                   ; --               ; --                        ;
; framebuffer_ds[6][113]~27                                                                         ; LCCOMB_X40_Y18_N30 ; 12      ; Clock enable            ; no     ; --                   ; --               ; --                        ;
; framebuffer_ds[6][121]~28                                                                         ; LCCOMB_X40_Y16_N2  ; 12      ; Clock enable            ; no     ; --                   ; --               ; --                        ;
; framebuffer_ds[6][132]~25                                                                         ; LCCOMB_X41_Y25_N26 ; 12      ; Clock enable            ; no     ; --                   ; --               ; --                        ;
; framebuffer_ds[6][146]~24                                                                         ; LCCOMB_X35_Y24_N10 ; 12      ; Clock enable            ; no     ; --                   ; --               ; --                        ;
; framebuffer_ds[6][14]~37                                                                          ; LCCOMB_X46_Y21_N4  ; 12      ; Clock enable            ; no     ; --                   ; --               ; --                        ;
; framebuffer_ds[6][153]~23                                                                         ; LCCOMB_X37_Y19_N14 ; 12      ; Clock enable            ; no     ; --                   ; --               ; --                        ;
; framebuffer_ds[6][161]~22                                                                         ; LCCOMB_X42_Y18_N16 ; 12      ; Clock enable            ; no     ; --                   ; --               ; --                        ;
; framebuffer_ds[6][169]~21                                                                         ; LCCOMB_X41_Y23_N30 ; 12      ; Clock enable            ; no     ; --                   ; --               ; --                        ;
; framebuffer_ds[6][177]~19                                                                         ; LCCOMB_X39_Y21_N26 ; 12      ; Clock enable            ; no     ; --                   ; --               ; --                        ;
; framebuffer_ds[6][185]~20                                                                         ; LCCOMB_X38_Y20_N18 ; 12      ; Clock enable            ; no     ; --                   ; --               ; --                        ;
; framebuffer_ds[6][193]~18                                                                         ; LCCOMB_X45_Y20_N24 ; 12      ; Clock enable            ; no     ; --                   ; --               ; --                        ;
; framebuffer_ds[6][29]~36                                                                          ; LCCOMB_X32_Y19_N2  ; 12      ; Clock enable            ; no     ; --                   ; --               ; --                        ;
; framebuffer_ds[6][2]~0                                                                            ; LCCOMB_X41_Y25_N24 ; 12      ; Clock enable            ; no     ; --                   ; --               ; --                        ;
; framebuffer_ds[6][33]~35                                                                          ; LCCOMB_X42_Y18_N18 ; 12      ; Clock enable            ; no     ; --                   ; --               ; --                        ;
; framebuffer_ds[6][44]~34                                                                          ; LCCOMB_X41_Y16_N12 ; 12      ; Clock enable            ; no     ; --                   ; --               ; --                        ;
; framebuffer_ds[6][53]~32                                                                          ; LCCOMB_X39_Y21_N16 ; 12      ; Clock enable            ; no     ; --                   ; --               ; --                        ;
; framebuffer_ds[6][58]~33                                                                          ; LCCOMB_X38_Y20_N16 ; 12      ; Clock enable            ; no     ; --                   ; --               ; --                        ;
; framebuffer_ds[6][78]~31                                                                          ; LCCOMB_X42_Y17_N22 ; 12      ; Clock enable            ; no     ; --                   ; --               ; --                        ;
; framebuffer_ds[6][86]~30                                                                          ; LCCOMB_X44_Y15_N30 ; 12      ; Clock enable            ; no     ; --                   ; --               ; --                        ;
; framebuffer_ds[7][117]~10                                                                         ; LCCOMB_X43_Y21_N20 ; 12      ; Clock enable            ; no     ; --                   ; --               ; --                        ;
; framebuffer_ds[7][137]~8                                                                          ; LCCOMB_X46_Y21_N26 ; 12      ; Clock enable            ; no     ; --                   ; --               ; --                        ;
; framebuffer_ds[7][14]~17                                                                          ; LCCOMB_X46_Y21_N0  ; 12      ; Clock enable            ; no     ; --                   ; --               ; --                        ;
; framebuffer_ds[7][161]~7                                                                          ; LCCOMB_X42_Y18_N8  ; 12      ; Clock enable            ; no     ; --                   ; --               ; --                        ;
; framebuffer_ds[7][187]~6                                                                          ; LCCOMB_X38_Y20_N12 ; 12      ; Clock enable            ; no     ; --                   ; --               ; --                        ;
; framebuffer_ds[7][221]~5                                                                          ; LCCOMB_X43_Y23_N8  ; 12      ; Clock enable            ; no     ; --                   ; --               ; --                        ;
; framebuffer_ds[7][226]~2                                                                          ; LCCOMB_X42_Y17_N30 ; 12      ; Clock enable            ; no     ; --                   ; --               ; --                        ;
; framebuffer_ds[7][22]~16                                                                          ; LCCOMB_X45_Y25_N4  ; 12      ; Clock enable            ; no     ; --                   ; --               ; --                        ;
; framebuffer_ds[7][234]~4                                                                          ; LCCOMB_X39_Y17_N0  ; 12      ; Clock enable            ; no     ; --                   ; --               ; --                        ;
; framebuffer_ds[7][246]~3                                                                          ; LCCOMB_X34_Y18_N16 ; 12      ; Clock enable            ; no     ; --                   ; --               ; --                        ;
; framebuffer_ds[7][2]~1                                                                            ; LCCOMB_X41_Y25_N14 ; 12      ; Clock enable            ; no     ; --                   ; --               ; --                        ;
; framebuffer_ds[7][30]~15                                                                          ; LCCOMB_X38_Y20_N24 ; 12      ; Clock enable            ; no     ; --                   ; --               ; --                        ;
; framebuffer_ds[7][36]~14                                                                          ; LCCOMB_X42_Y18_N10 ; 12      ; Clock enable            ; no     ; --                   ; --               ; --                        ;
; framebuffer_ds[7][61]~13                                                                          ; LCCOMB_X42_Y23_N22 ; 12      ; Clock enable            ; no     ; --                   ; --               ; --                        ;
; framebuffer_ds[7][69]~12                                                                          ; LCCOMB_X45_Y20_N18 ; 12      ; Clock enable            ; no     ; --                   ; --               ; --                        ;
; framebuffer_ds[7][73]~11                                                                          ; LCCOMB_X47_Y12_N26 ; 12      ; Clock enable            ; no     ; --                   ; --               ; --                        ;
; framebuffer_ds[7][99]~9                                                                           ; LCCOMB_X42_Y17_N20 ; 12      ; Clock enable            ; no     ; --                   ; --               ; --                        ;
; pll_1MHz:pll_inst|altpll:altpll_component|pll_1MHz_altpll:auto_generated|wire_pll1_clk[0]         ; PLL_4              ; 205     ; Clock                   ; yes    ; Global Clock         ; GCLK8            ; --                        ;
; pll_25MHz:pll_25MHz_inst|altpll:altpll_component|pll_25MHz_altpll:auto_generated|wire_pll1_clk[0] ; PLL_1              ; 3183    ; Clock                   ; yes    ; Global Clock         ; GCLK18           ; --                        ;
; reset                                                                                             ; PIN_B8             ; 358     ; Sync. clear, Sync. load ; no     ; --                   ; --               ; --                        ;
; rom:rom_inst|row_counter[2]~0                                                                     ; LCCOMB_X32_Y22_N28 ; 6       ; Clock enable            ; no     ; --                   ; --               ; --                        ;
; synch_reg_dht:synch_reg_dht_inst|hum_dht2[0]~1                                                    ; LCCOMB_X23_Y29_N14 ; 13      ; Clock enable            ; no     ; --                   ; --               ; --                        ;
; synch_reg_dht:synch_reg_dht_inst|hum_dht_reg[7]~0                                                 ; LCCOMB_X24_Y26_N24 ; 16      ; Clock enable            ; no     ; --                   ; --               ; --                        ;
; synch_reg_dht:synch_reg_dht_inst|hum_diff_reg~0                                                   ; LCCOMB_X23_Y29_N6  ; 3       ; Clock enable            ; no     ; --                   ; --               ; --                        ;
; synch_reg_dht:synch_reg_dht_inst|hum_diff~0                                                       ; LCCOMB_X23_Y29_N16 ; 2       ; Clock enable            ; no     ; --                   ; --               ; --                        ;
; synch_reg_ds:synch_reg_ds_inst|data_diff~0                                                        ; LCCOMB_X43_Y32_N14 ; 11      ; Clock enable            ; no     ; --                   ; --               ; --                        ;
; synch_reg_ds:synch_reg_ds_inst|data_ds_reg[11]~1                                                  ; LCCOMB_X19_Y16_N30 ; 12      ; Clock enable            ; no     ; --                   ; --               ; --                        ;
; vga_controller:vga_controller_inst|counter:h_citac|prenos                                         ; FF_X45_Y51_N1      ; 32      ; Clock                   ; yes    ; Global Clock         ; GCLK12           ; --                        ;
; vga_controller:vga_controller_inst|counter:h_citac|stav[6]~48                                     ; LCCOMB_X44_Y31_N16 ; 32      ; Sync. clear             ; no     ; --                   ; --               ; --                        ;
; vga_controller:vga_controller_inst|counter:v_citac|stav[12]~98                                    ; LCCOMB_X39_Y34_N30 ; 32      ; Sync. clear             ; no     ; --                   ; --               ; --                        ;
+---------------------------------------------------------------------------------------------------+--------------------+---------+-------------------------+--------+----------------------+------------------+---------------------------+


+------------------------------------------------------------------------------------------------------------------------------------------------------------------------------------------------------------------------------------------+
; Global & Other Fast Signals                                                                                                                                                                                                              ;
+---------------------------------------------------------------------------------------------------+---------------+---------+--------------------------------------+----------------------+------------------+---------------------------+
; Name                                                                                              ; Location      ; Fan-Out ; Fan-Out Using Intentional Clock Skew ; Global Resource Used ; Global Line Name ; Enable Signal Source Name ;
+---------------------------------------------------------------------------------------------------+---------------+---------+--------------------------------------+----------------------+------------------+---------------------------+
; pll_1MHz:pll_inst|altpll:altpll_component|pll_1MHz_altpll:auto_generated|wire_pll1_clk[0]         ; PLL_4         ; 205     ; 0                                    ; Global Clock         ; GCLK8            ; --                        ;
; pll_25MHz:pll_25MHz_inst|altpll:altpll_component|pll_25MHz_altpll:auto_generated|wire_pll1_clk[0] ; PLL_1         ; 3183    ; 3                                    ; Global Clock         ; GCLK18           ; --                        ;
; vga_controller:vga_controller_inst|counter:h_citac|prenos                                         ; FF_X45_Y51_N1 ; 32      ; 0                                    ; Global Clock         ; GCLK12           ; --                        ;
+---------------------------------------------------------------------------------------------------+---------------+---------+--------------------------------------+----------------------+------------------+---------------------------+


+----------------------------------------------------------------------+
; Non-Global High Fan-Out Signals                                      ;
+------------------------------------------------------------+---------+
; Name                                                       ; Fan-Out ;
+------------------------------------------------------------+---------+
; vga_controller:vga_controller_inst|counter:h_citac|stav[0] ; 527     ;
; Mux8~17                                                    ; 512     ;
; Mux8~19                                                    ; 512     ;
; Mux8~20                                                    ; 512     ;
+------------------------------------------------------------+---------+


+-------------------------------------------------+
; Routing Usage Summary                           ;
+-----------------------+-------------------------+
; Routing Resource Type ; Usage                   ;
+-----------------------+-------------------------+
; Block interconnects   ; 6,905 / 148,641 ( 5 % ) ;
; C16 interconnects     ; 83 / 5,382 ( 2 % )      ;
; C4 interconnects      ; 3,292 / 106,704 ( 3 % ) ;
; Direct links          ; 610 / 148,641 ( < 1 % ) ;
; Global clocks         ; 3 / 20 ( 15 % )         ;
; Local interconnects   ; 3,296 / 49,760 ( 7 % )  ;
; NSLEEPs               ; 0 / 500 ( 0 % )         ;
; R24 interconnects     ; 104 / 5,406 ( 2 % )     ;
; R4 interconnects      ; 3,172 / 147,764 ( 2 % ) ;
+-----------------------+-------------------------+


+-----------------------------------------------------------------------------+
; LAB Logic Elements                                                          ;
+---------------------------------------------+-------------------------------+
; Number of Logic Elements  (Average = 12.74) ; Number of LABs  (Total = 397) ;
+---------------------------------------------+-------------------------------+
; 1                                           ; 32                            ;
; 2                                           ; 9                             ;
; 3                                           ; 6                             ;
; 4                                           ; 4                             ;
; 5                                           ; 5                             ;
; 6                                           ; 6                             ;
; 7                                           ; 0                             ;
; 8                                           ; 9                             ;
; 9                                           ; 6                             ;
; 10                                          ; 6                             ;
; 11                                          ; 8                             ;
; 12                                          ; 19                            ;
; 13                                          ; 26                            ;
; 14                                          ; 25                            ;
; 15                                          ; 53                            ;
; 16                                          ; 183                           ;
+---------------------------------------------+-------------------------------+


+--------------------------------------------------------------------+
; LAB-wide Signals                                                   ;
+------------------------------------+-------------------------------+
; LAB-wide Signals  (Average = 1.49) ; Number of LABs  (Total = 397) ;
+------------------------------------+-------------------------------+
; 1 Clock                            ; 311                           ;
; 1 Clock enable                     ; 72                            ;
; 1 Sync. clear                      ; 7                             ;
; 1 Sync. load                       ; 3                             ;
; 2 Clock enables                    ; 199                           ;
; 2 Clocks                           ; 1                             ;
+------------------------------------+-------------------------------+


+------------------------------------------------------------------------------+
; LAB Signals Sourced                                                          ;
+----------------------------------------------+-------------------------------+
; Number of Signals Sourced  (Average = 21.16) ; Number of LABs  (Total = 397) ;
+----------------------------------------------+-------------------------------+
; 0                                            ; 0                             ;
; 1                                            ; 17                            ;
; 2                                            ; 20                            ;
; 3                                            ; 5                             ;
; 4                                            ; 6                             ;
; 5                                            ; 0                             ;
; 6                                            ; 4                             ;
; 7                                            ; 2                             ;
; 8                                            ; 6                             ;
; 9                                            ; 2                             ;
; 10                                           ; 6                             ;
; 11                                           ; 3                             ;
; 12                                           ; 3                             ;
; 13                                           ; 9                             ;
; 14                                           ; 6                             ;
; 15                                           ; 17                            ;
; 16                                           ; 28                            ;
; 17                                           ; 10                            ;
; 18                                           ; 7                             ;
; 19                                           ; 6                             ;
; 20                                           ; 10                            ;
; 21                                           ; 15                            ;
; 22                                           ; 11                            ;
; 23                                           ; 9                             ;
; 24                                           ; 10                            ;
; 25                                           ; 7                             ;
; 26                                           ; 9                             ;
; 27                                           ; 10                            ;
; 28                                           ; 15                            ;
; 29                                           ; 22                            ;
; 30                                           ; 31                            ;
; 31                                           ; 24                            ;
; 32                                           ; 67                            ;
+----------------------------------------------+-------------------------------+


+---------------------------------------------------------------------------------+
; LAB Signals Sourced Out                                                         ;
+-------------------------------------------------+-------------------------------+
; Number of Signals Sourced Out  (Average = 4.90) ; Number of LABs  (Total = 397) ;
+-------------------------------------------------+-------------------------------+
; 0                                               ; 0                             ;
; 1                                               ; 43                            ;
; 2                                               ; 78                            ;
; 3                                               ; 55                            ;
; 4                                               ; 73                            ;
; 5                                               ; 27                            ;
; 6                                               ; 22                            ;
; 7                                               ; 24                            ;
; 8                                               ; 15                            ;
; 9                                               ; 8                             ;
; 10                                              ; 11                            ;
; 11                                              ; 11                            ;
; 12                                              ; 4                             ;
; 13                                              ; 8                             ;
; 14                                              ; 1                             ;
; 15                                              ; 8                             ;
; 16                                              ; 9                             ;
+-------------------------------------------------+-------------------------------+


+------------------------------------------------------------------------------+
; LAB Distinct Inputs                                                          ;
+----------------------------------------------+-------------------------------+
; Number of Distinct Inputs  (Average = 17.44) ; Number of LABs  (Total = 397) ;
+----------------------------------------------+-------------------------------+
; 0                                            ; 0                             ;
; 1                                            ; 0                             ;
; 2                                            ; 7                             ;
; 3                                            ; 16                            ;
; 4                                            ; 21                            ;
; 5                                            ; 4                             ;
; 6                                            ; 9                             ;
; 7                                            ; 5                             ;
; 8                                            ; 6                             ;
; 9                                            ; 6                             ;
; 10                                           ; 7                             ;
; 11                                           ; 14                            ;
; 12                                           ; 13                            ;
; 13                                           ; 11                            ;
; 14                                           ; 5                             ;
; 15                                           ; 25                            ;
; 16                                           ; 17                            ;
; 17                                           ; 12                            ;
; 18                                           ; 11                            ;
; 19                                           ; 18                            ;
; 20                                           ; 21                            ;
; 21                                           ; 15                            ;
; 22                                           ; 33                            ;
; 23                                           ; 28                            ;
; 24                                           ; 11                            ;
; 25                                           ; 18                            ;
; 26                                           ; 19                            ;
; 27                                           ; 12                            ;
; 28                                           ; 13                            ;
; 29                                           ; 8                             ;
; 30                                           ; 6                             ;
; 31                                           ; 0                             ;
; 32                                           ; 2                             ;
; 33                                           ; 1                             ;
; 34                                           ; 0                             ;
; 35                                           ; 0                             ;
; 36                                           ; 2                             ;
+----------------------------------------------+-------------------------------+


+------------------------------------------+
; I/O Rules Summary                        ;
+----------------------------------+-------+
; I/O Rules Statistic              ; Total ;
+----------------------------------+-------+
; Total I/O Rules                  ; 30    ;
; Number of I/O Rules Passed       ; 10    ;
; Number of I/O Rules Failed       ; 0     ;
; Number of I/O Rules Unchecked    ; 0     ;
; Number of I/O Rules Inapplicable ; 20    ;
+----------------------------------+-------+


+--------------------------------------------------------------------------------------------------------------------------------------------------------------------------------------------------------------------------------------------------------------------------------------+
; I/O Rules Details                                                                                                                                                                                                                                                                    ;
+--------------+-----------+-----------------------------------+------------------------------------------------------------------------------------------------------+----------+--------------------------------------------------------------------------+------+-------------------+
; Status       ; ID        ; Category                          ; Rule Description                                                                                     ; Severity ; Information                                                              ; Area ; Extra Information ;
+--------------+-----------+-----------------------------------+------------------------------------------------------------------------------------------------------+----------+--------------------------------------------------------------------------+------+-------------------+
; Pass         ; IO_000001 ; Capacity Checks                   ; Number of pins in an I/O bank should not exceed the number of locations available.                   ; Critical ; 0 such failures found.                                                   ; I/O  ;                   ;
; Inapplicable ; IO_000002 ; Capacity Checks                   ; Number of clocks in an I/O bank should not exceed the number of clocks available.                    ; Critical ; No Global Signal assignments found.                                      ; I/O  ;                   ;
; Pass         ; IO_000003 ; Capacity Checks                   ; Number of pins in a Vrefgroup should not exceed the number of locations available.                   ; Critical ; 0 such failures found.                                                   ; I/O  ;                   ;
; Inapplicable ; IO_000004 ; Voltage Compatibility Checks      ; The I/O bank should support the requested VCCIO.                                                     ; Critical ; No IOBANK_VCCIO assignments found.                                       ; I/O  ;                   ;
; Inapplicable ; IO_000005 ; Voltage Compatibility Checks      ; The I/O bank should not have competing VREF values.                                                  ; Critical ; No VREF I/O Standard assignments found.                                  ; I/O  ;                   ;
; Pass         ; IO_000006 ; Voltage Compatibility Checks      ; The I/O bank should not have competing VCCIO values.                                                 ; Critical ; 0 such failures found.                                                   ; I/O  ;                   ;
; Pass         ; IO_000007 ; Valid Location Checks             ; Checks for unavailable locations.                                                                    ; Critical ; 0 such failures found.                                                   ; I/O  ;                   ;
; Inapplicable ; IO_000008 ; Valid Location Checks             ; Checks for reserved locations.                                                                       ; Critical ; No reserved LogicLock region found.                                      ; I/O  ;                   ;
; Pass         ; IO_000009 ; I/O Properties Checks for One I/O ; The location should support the requested I/O standard.                                              ; Critical ; 0 such failures found.                                                   ; I/O  ;                   ;
; Pass         ; IO_000010 ; I/O Properties Checks for One I/O ; The location should support the requested I/O direction.                                             ; Critical ; 0 such failures found.                                                   ; I/O  ;                   ;
; Inapplicable ; IO_000011 ; I/O Properties Checks for One I/O ; The location should support the requested Current Strength.                                          ; Critical ; No Current Strength assignments found.                                   ; I/O  ;                   ;
; Inapplicable ; IO_000012 ; I/O Properties Checks for One I/O ; The location should support the requested On Chip Termination value.                                 ; Critical ; No Termination assignments found.                                        ; I/O  ;                   ;
; Inapplicable ; IO_000013 ; I/O Properties Checks for One I/O ; The location should support the requested Bus Hold value.                                            ; Critical ; No Enable Bus-Hold Circuitry assignments found.                          ; I/O  ;                   ;
; Inapplicable ; IO_000014 ; I/O Properties Checks for One I/O ; The location should support the requested Weak Pull Up value.                                        ; Critical ; No Weak Pull-Up Resistor assignments found.                              ; I/O  ;                   ;
; Pass         ; IO_000015 ; I/O Properties Checks for One I/O ; The location should support the requested PCI Clamp Diode.                                           ; Critical ; 0 such failures found.                                                   ; I/O  ;                   ;
; Inapplicable ; IO_000018 ; I/O Properties Checks for One I/O ; The I/O standard should support the requested Current Strength.                                      ; Critical ; No Current Strength assignments found.                                   ; I/O  ;                   ;
; Inapplicable ; IO_000019 ; I/O Properties Checks for One I/O ; The I/O standard should support the requested On Chip Termination value.                             ; Critical ; No Termination assignments found.                                        ; I/O  ;                   ;
; Pass         ; IO_000020 ; I/O Properties Checks for One I/O ; The I/O standard should support the requested PCI Clamp Diode.                                       ; Critical ; 0 such failures found.                                                   ; I/O  ;                   ;
; Inapplicable ; IO_000021 ; I/O Properties Checks for One I/O ; The I/O standard should support the requested Weak Pull Up value.                                    ; Critical ; No Weak Pull-Up Resistor assignments found.                              ; I/O  ;                   ;
; Inapplicable ; IO_000022 ; I/O Properties Checks for One I/O ; The I/O standard should support the requested Bus Hold value.                                        ; Critical ; No Enable Bus-Hold Circuitry assignments found.                          ; I/O  ;                   ;
; Pass         ; IO_000023 ; I/O Properties Checks for One I/O ; The I/O standard should support the Open Drain value.                                                ; Critical ; 0 such failures found.                                                   ; I/O  ;                   ;
; Inapplicable ; IO_000024 ; I/O Properties Checks for One I/O ; The I/O direction should support the On Chip Termination value.                                      ; Critical ; No Termination assignments found.                                        ; I/O  ;                   ;
; Inapplicable ; IO_000026 ; I/O Properties Checks for One I/O ; On Chip Termination and Current Strength should not be used at the same time.                        ; Critical ; No Current Strength or Termination assignments found.                    ; I/O  ;                   ;
; Inapplicable ; IO_000027 ; I/O Properties Checks for One I/O ; Weak Pull Up and Bus Hold should not be used at the same time.                                       ; Critical ; No Enable Bus-Hold Circuitry or Weak Pull-Up Resistor assignments found. ; I/O  ;                   ;
; Inapplicable ; IO_000045 ; I/O Properties Checks for One I/O ; The I/O standard should support the requested Slew Rate value.                                       ; Critical ; No Slew Rate assignments found.                                          ; I/O  ;                   ;
; Inapplicable ; IO_000046 ; I/O Properties Checks for One I/O ; The location should support the requested Slew Rate value.                                           ; Critical ; No Slew Rate assignments found.                                          ; I/O  ;                   ;
; Inapplicable ; IO_000047 ; I/O Properties Checks for One I/O ; On Chip Termination and Slew Rate should not be used at the same time.                               ; Critical ; No Slew Rate assignments found.                                          ; I/O  ;                   ;
; Pass         ; IO_000033 ; Electromigration Checks           ; Current density for consecutive I/Os should not exceed 160mA for row I/Os and 160mA for column I/Os. ; Critical ; 0 such failures found.                                                   ; I/O  ;                   ;
; Inapplicable ; IO_000034 ; SI Related Distance Checks        ; Single-ended outputs should be 5 LAB row(s) away from a differential I/O.                            ; High     ; No Differential I/O Standard assignments found.                          ; I/O  ;                   ;
; Inapplicable ; IO_000042 ; SI Related SSO Limit Checks       ; No more than 20 outputs are allowed in a VREF group when VREF is being read from.                    ; High     ; No VREF I/O Standard assignments found.                                  ; I/O  ;                   ;
+--------------+-----------+-----------------------------------+------------------------------------------------------------------------------------------------------+----------+--------------------------------------------------------------------------+------+-------------------+


+-----------------------------------------------------------------------------------------------------------------------------------------------------------------------------------------------------------------------------------------------------------------------------------------------------------------------------------------------------------------------------------------------------------------------------------------------------------------+
; I/O Rules Matrix                                                                                                                                                                                                                                                                                                                                                                                                                                                ;
+--------------------+-----------+--------------+-----------+--------------+--------------+-----------+-----------+--------------+-----------+-----------+--------------+--------------+--------------+--------------+--------------+--------------+--------------+--------------+--------------+--------------+--------------+--------------+--------------+--------------+--------------+--------------+--------------+-----------+--------------+--------------+
; Pin/Rules          ; IO_000001 ; IO_000002    ; IO_000003 ; IO_000004    ; IO_000005    ; IO_000006 ; IO_000007 ; IO_000008    ; IO_000009 ; IO_000010 ; IO_000011    ; IO_000012    ; IO_000013    ; IO_000014    ; IO_000015    ; IO_000018    ; IO_000019    ; IO_000020    ; IO_000021    ; IO_000022    ; IO_000023    ; IO_000024    ; IO_000026    ; IO_000027    ; IO_000045    ; IO_000046    ; IO_000047    ; IO_000033 ; IO_000034    ; IO_000042    ;
+--------------------+-----------+--------------+-----------+--------------+--------------+-----------+-----------+--------------+-----------+-----------+--------------+--------------+--------------+--------------+--------------+--------------+--------------+--------------+--------------+--------------+--------------+--------------+--------------+--------------+--------------+--------------+--------------+-----------+--------------+--------------+
; Total Pass         ; 18        ; 0            ; 18        ; 0            ; 0            ; 18        ; 18        ; 0            ; 18        ; 18        ; 0            ; 0            ; 0            ; 0            ; 4            ; 0            ; 0            ; 4            ; 0            ; 0            ; 2            ; 0            ; 0            ; 0            ; 0            ; 0            ; 0            ; 18        ; 0            ; 0            ;
; Total Unchecked    ; 0         ; 0            ; 0         ; 0            ; 0            ; 0         ; 0         ; 0            ; 0         ; 0         ; 0            ; 0            ; 0            ; 0            ; 0            ; 0            ; 0            ; 0            ; 0            ; 0            ; 0            ; 0            ; 0            ; 0            ; 0            ; 0            ; 0            ; 0         ; 0            ; 0            ;
; Total Inapplicable ; 0         ; 18           ; 0         ; 18           ; 18           ; 0         ; 0         ; 18           ; 0         ; 0         ; 18           ; 18           ; 18           ; 18           ; 14           ; 18           ; 18           ; 14           ; 18           ; 18           ; 16           ; 18           ; 18           ; 18           ; 18           ; 18           ; 18           ; 0         ; 18           ; 18           ;
; Total Fail         ; 0         ; 0            ; 0         ; 0            ; 0            ; 0         ; 0         ; 0            ; 0         ; 0         ; 0            ; 0            ; 0            ; 0            ; 0            ; 0            ; 0            ; 0            ; 0            ; 0            ; 0            ; 0            ; 0            ; 0            ; 0            ; 0            ; 0            ; 0         ; 0            ; 0            ;
; vsync              ; Pass      ; Inapplicable ; Pass      ; Inapplicable ; Inapplicable ; Pass      ; Pass      ; Inapplicable ; Pass      ; Pass      ; Inapplicable ; Inapplicable ; Inapplicable ; Inapplicable ; Inapplicable ; Inapplicable ; Inapplicable ; Inapplicable ; Inapplicable ; Inapplicable ; Inapplicable ; Inapplicable ; Inapplicable ; Inapplicable ; Inapplicable ; Inapplicable ; Inapplicable ; Pass      ; Inapplicable ; Inapplicable ;
; hsync              ; Pass      ; Inapplicable ; Pass      ; Inapplicable ; Inapplicable ; Pass      ; Pass      ; Inapplicable ; Pass      ; Pass      ; Inapplicable ; Inapplicable ; Inapplicable ; Inapplicable ; Inapplicable ; Inapplicable ; Inapplicable ; Inapplicable ; Inapplicable ; Inapplicable ; Inapplicable ; Inapplicable ; Inapplicable ; Inapplicable ; Inapplicable ; Inapplicable ; Inapplicable ; Pass      ; Inapplicable ; Inapplicable ;
; R[0]               ; Pass      ; Inapplicable ; Pass      ; Inapplicable ; Inapplicable ; Pass      ; Pass      ; Inapplicable ; Pass      ; Pass      ; Inapplicable ; Inapplicable ; Inapplicable ; Inapplicable ; Inapplicable ; Inapplicable ; Inapplicable ; Inapplicable ; Inapplicable ; Inapplicable ; Inapplicable ; Inapplicable ; Inapplicable ; Inapplicable ; Inapplicable ; Inapplicable ; Inapplicable ; Pass      ; Inapplicable ; Inapplicable ;
; R[1]               ; Pass      ; Inapplicable ; Pass      ; Inapplicable ; Inapplicable ; Pass      ; Pass      ; Inapplicable ; Pass      ; Pass      ; Inapplicable ; Inapplicable ; Inapplicable ; Inapplicable ; Inapplicable ; Inapplicable ; Inapplicable ; Inapplicable ; Inapplicable ; Inapplicable ; Inapplicable ; Inapplicable ; Inapplicable ; Inapplicable ; Inapplicable ; Inapplicable ; Inapplicable ; Pass      ; Inapplicable ; Inapplicable ;
; R[2]               ; Pass      ; Inapplicable ; Pass      ; Inapplicable ; Inapplicable ; Pass      ; Pass      ; Inapplicable ; Pass      ; Pass      ; Inapplicable ; Inapplicable ; Inapplicable ; Inapplicable ; Inapplicable ; Inapplicable ; Inapplicable ; Inapplicable ; Inapplicable ; Inapplicable ; Inapplicable ; Inapplicable ; Inapplicable ; Inapplicable ; Inapplicable ; Inapplicable ; Inapplicable ; Pass      ; Inapplicable ; Inapplicable ;
; R[3]               ; Pass      ; Inapplicable ; Pass      ; Inapplicable ; Inapplicable ; Pass      ; Pass      ; Inapplicable ; Pass      ; Pass      ; Inapplicable ; Inapplicable ; Inapplicable ; Inapplicable ; Inapplicable ; Inapplicable ; Inapplicable ; Inapplicable ; Inapplicable ; Inapplicable ; Inapplicable ; Inapplicable ; Inapplicable ; Inapplicable ; Inapplicable ; Inapplicable ; Inapplicable ; Pass      ; Inapplicable ; Inapplicable ;
; G[0]               ; Pass      ; Inapplicable ; Pass      ; Inapplicable ; Inapplicable ; Pass      ; Pass      ; Inapplicable ; Pass      ; Pass      ; Inapplicable ; Inapplicable ; Inapplicable ; Inapplicable ; Inapplicable ; Inapplicable ; Inapplicable ; Inapplicable ; Inapplicable ; Inapplicable ; Inapplicable ; Inapplicable ; Inapplicable ; Inapplicable ; Inapplicable ; Inapplicable ; Inapplicable ; Pass      ; Inapplicable ; Inapplicable ;
; G[1]               ; Pass      ; Inapplicable ; Pass      ; Inapplicable ; Inapplicable ; Pass      ; Pass      ; Inapplicable ; Pass      ; Pass      ; Inapplicable ; Inapplicable ; Inapplicable ; Inapplicable ; Inapplicable ; Inapplicable ; Inapplicable ; Inapplicable ; Inapplicable ; Inapplicable ; Inapplicable ; Inapplicable ; Inapplicable ; Inapplicable ; Inapplicable ; Inapplicable ; Inapplicable ; Pass      ; Inapplicable ; Inapplicable ;
; G[2]               ; Pass      ; Inapplicable ; Pass      ; Inapplicable ; Inapplicable ; Pass      ; Pass      ; Inapplicable ; Pass      ; Pass      ; Inapplicable ; Inapplicable ; Inapplicable ; Inapplicable ; Inapplicable ; Inapplicable ; Inapplicable ; Inapplicable ; Inapplicable ; Inapplicable ; Inapplicable ; Inapplicable ; Inapplicable ; Inapplicable ; Inapplicable ; Inapplicable ; Inapplicable ; Pass      ; Inapplicable ; Inapplicable ;
; G[3]               ; Pass      ; Inapplicable ; Pass      ; Inapplicable ; Inapplicable ; Pass      ; Pass      ; Inapplicable ; Pass      ; Pass      ; Inapplicable ; Inapplicable ; Inapplicable ; Inapplicable ; Inapplicable ; Inapplicable ; Inapplicable ; Inapplicable ; Inapplicable ; Inapplicable ; Inapplicable ; Inapplicable ; Inapplicable ; Inapplicable ; Inapplicable ; Inapplicable ; Inapplicable ; Pass      ; Inapplicable ; Inapplicable ;
; B[0]               ; Pass      ; Inapplicable ; Pass      ; Inapplicable ; Inapplicable ; Pass      ; Pass      ; Inapplicable ; Pass      ; Pass      ; Inapplicable ; Inapplicable ; Inapplicable ; Inapplicable ; Inapplicable ; Inapplicable ; Inapplicable ; Inapplicable ; Inapplicable ; Inapplicable ; Inapplicable ; Inapplicable ; Inapplicable ; Inapplicable ; Inapplicable ; Inapplicable ; Inapplicable ; Pass      ; Inapplicable ; Inapplicable ;
; B[1]               ; Pass      ; Inapplicable ; Pass      ; Inapplicable ; Inapplicable ; Pass      ; Pass      ; Inapplicable ; Pass      ; Pass      ; Inapplicable ; Inapplicable ; Inapplicable ; Inapplicable ; Inapplicable ; Inapplicable ; Inapplicable ; Inapplicable ; Inapplicable ; Inapplicable ; Inapplicable ; Inapplicable ; Inapplicable ; Inapplicable ; Inapplicable ; Inapplicable ; Inapplicable ; Pass      ; Inapplicable ; Inapplicable ;
; B[2]               ; Pass      ; Inapplicable ; Pass      ; Inapplicable ; Inapplicable ; Pass      ; Pass      ; Inapplicable ; Pass      ; Pass      ; Inapplicable ; Inapplicable ; Inapplicable ; Inapplicable ; Inapplicable ; Inapplicable ; Inapplicable ; Inapplicable ; Inapplicable ; Inapplicable ; Inapplicable ; Inapplicable ; Inapplicable ; Inapplicable ; Inapplicable ; Inapplicable ; Inapplicable ; Pass      ; Inapplicable ; Inapplicable ;
; B[3]               ; Pass      ; Inapplicable ; Pass      ; Inapplicable ; Inapplicable ; Pass      ; Pass      ; Inapplicable ; Pass      ; Pass      ; Inapplicable ; Inapplicable ; Inapplicable ; Inapplicable ; Inapplicable ; Inapplicable ; Inapplicable ; Inapplicable ; Inapplicable ; Inapplicable ; Inapplicable ; Inapplicable ; Inapplicable ; Inapplicable ; Inapplicable ; Inapplicable ; Inapplicable ; Pass      ; Inapplicable ; Inapplicable ;
; dht11_data         ; Pass      ; Inapplicable ; Pass      ; Inapplicable ; Inapplicable ; Pass      ; Pass      ; Inapplicable ; Pass      ; Pass      ; Inapplicable ; Inapplicable ; Inapplicable ; Inapplicable ; Pass         ; Inapplicable ; Inapplicable ; Pass         ; Inapplicable ; Inapplicable ; Pass         ; Inapplicable ; Inapplicable ; Inapplicable ; Inapplicable ; Inapplicable ; Inapplicable ; Pass      ; Inapplicable ; Inapplicable ;
; ds18_data          ; Pass      ; Inapplicable ; Pass      ; Inapplicable ; Inapplicable ; Pass      ; Pass      ; Inapplicable ; Pass      ; Pass      ; Inapplicable ; Inapplicable ; Inapplicable ; Inapplicable ; Pass         ; Inapplicable ; Inapplicable ; Pass         ; Inapplicable ; Inapplicable ; Pass         ; Inapplicable ; Inapplicable ; Inapplicable ; Inapplicable ; Inapplicable ; Inapplicable ; Pass      ; Inapplicable ; Inapplicable ;
; reset              ; Pass      ; Inapplicable ; Pass      ; Inapplicable ; Inapplicable ; Pass      ; Pass      ; Inapplicable ; Pass      ; Pass      ; Inapplicable ; Inapplicable ; Inapplicable ; Inapplicable ; Pass         ; Inapplicable ; Inapplicable ; Pass         ; Inapplicable ; Inapplicable ; Inapplicable ; Inapplicable ; Inapplicable ; Inapplicable ; Inapplicable ; Inapplicable ; Inapplicable ; Pass      ; Inapplicable ; Inapplicable ;
; clock              ; Pass      ; Inapplicable ; Pass      ; Inapplicable ; Inapplicable ; Pass      ; Pass      ; Inapplicable ; Pass      ; Pass      ; Inapplicable ; Inapplicable ; Inapplicable ; Inapplicable ; Pass         ; Inapplicable ; Inapplicable ; Pass         ; Inapplicable ; Inapplicable ; Inapplicable ; Inapplicable ; Inapplicable ; Inapplicable ; Inapplicable ; Inapplicable ; Inapplicable ; Pass      ; Inapplicable ; Inapplicable ;
+--------------------+-----------+--------------+-----------+--------------+--------------+-----------+-----------+--------------+-----------+-----------+--------------+--------------+--------------+--------------+--------------+--------------+--------------+--------------+--------------+--------------+--------------+--------------+--------------+--------------+--------------+--------------+--------------+-----------+--------------+--------------+


+-------------------------------------------------------------------------------------------+
; Fitter Device Options                                                                     ;
+------------------------------------------------------------------+------------------------+
; Option                                                           ; Setting                ;
+------------------------------------------------------------------+------------------------+
; Enable user-supplied start-up clock (CLKUSR)                     ; Off                    ;
; Enable device-wide reset (DEV_CLRn)                              ; Off                    ;
; Enable device-wide output enable (DEV_OE)                        ; Off                    ;
; Enable INIT_DONE output                                          ; Off                    ;
; Configuration scheme                                             ; Internal Configuration ;
; Enable Error Detection CRC_ERROR pin                             ; Off                    ;
; Enable open drain on CRC_ERROR pin                               ; Off                    ;
; Enable nCONFIG, nSTATUS, and CONF_DONE pins                      ; On                     ;
; Enable JTAG pin sharing                                          ; Off                    ;
; Enable nCE pin                                                   ; Off                    ;
; Enable CONFIG_SEL pin                                            ; On                     ;
; Enable input tri-state on active configuration pins in user mode ; Off                    ;
; Configuration Voltage Level                                      ; Auto                   ;
; Force Configuration Voltage Level                                ; Off                    ;
; Data[0]                                                          ; Unreserved             ;
; Data[1]/ASDO                                                     ; Unreserved             ;
; FLASH_nCE/nCSO                                                   ; Unreserved             ;
; DCLK                                                             ; Unreserved             ;
+------------------------------------------------------------------+------------------------+


+------------------------------------+
; Operating Settings and Conditions  ;
+---------------------------+--------+
; Setting                   ; Value  ;
+---------------------------+--------+
; Nominal Core Voltage      ; 1.20 V ;
; Low Junction Temperature  ; 0 °C   ;
; High Junction Temperature ; 85 °C  ;
+---------------------------+--------+


+---------------------------------------------------------------------------------------------------------------------------------------+
; Estimated Delay Added for Hold Timing Summary                                                                                         ;
+------------------------------------------------------+------------------------------------------------------------+-------------------+
; Source Clock(s)                                      ; Destination Clock(s)                                       ; Delay Added in ns ;
+------------------------------------------------------+------------------------------------------------------------+-------------------+
; pll_inst|altpll_component|auto_generated|pll1|clk[0] ; pll_25MHz_inst|altpll_component|auto_generated|pll1|clk[0] ; 19.2              ;
+------------------------------------------------------+------------------------------------------------------------+-------------------+
Note: For more information on problematic transfers, consider running the Fitter again with the Optimize hold timing option (Settings Menu) turned off.
This will disable optimization of problematic paths and expose them for further analysis using the TimeQuest Timing Analyzer.


+-----------------------------------------------------------------------------------------------------------------------+
; Estimated Delay Added for Hold Timing Details                                                                         ;
+--------------------------------------------------+------------------------------------------------+-------------------+
; Source Register                                  ; Destination Register                           ; Delay Added in ns ;
+--------------------------------------------------+------------------------------------------------+-------------------+
; synch_reg_dht:synch_reg_dht_inst|temp_dht_reg[5] ; synch_reg_dht:synch_reg_dht_inst|temp_dht2[5]  ; 1.231             ;
; synch_reg_dht:synch_reg_dht_inst|temp_dht_reg[1] ; synch_reg_dht:synch_reg_dht_inst|temp_dht2[1]  ; 1.220             ;
; synch_reg_dht:synch_reg_dht_inst|temp_dht_reg[3] ; synch_reg_dht:synch_reg_dht_inst|temp_dht2[3]  ; 1.220             ;
; synch_reg_dht:synch_reg_dht_inst|hum_dht_reg[0]  ; synch_reg_dht:synch_reg_dht_inst|hum_dht2[0]   ; 1.220             ;
; synch_reg_dht:synch_reg_dht_inst|hum_dht_reg[2]  ; synch_reg_dht:synch_reg_dht_inst|hum_dht2[2]   ; 1.220             ;
; synch_reg_dht:synch_reg_dht_inst|hum_dht_reg[4]  ; synch_reg_dht:synch_reg_dht_inst|hum_dht2[4]   ; 1.220             ;
; synch_reg_dht:synch_reg_dht_inst|hum_dht_reg[6]  ; synch_reg_dht:synch_reg_dht_inst|hum_dht2[6]   ; 1.220             ;
; synch_reg_dht:synch_reg_dht_inst|temp_dht_reg[0] ; synch_reg_dht:synch_reg_dht_inst|temp_dht2[0]  ; 1.199             ;
; synch_reg_dht:synch_reg_dht_inst|temp_dht_reg[2] ; synch_reg_dht:synch_reg_dht_inst|temp_dht2[2]  ; 1.199             ;
; synch_reg_dht:synch_reg_dht_inst|temp_dht_reg[4] ; synch_reg_dht:synch_reg_dht_inst|temp_dht2[4]  ; 1.199             ;
; synch_reg_dht:synch_reg_dht_inst|hum_dht_reg[1]  ; synch_reg_dht:synch_reg_dht_inst|hum_dht2[1]   ; 1.199             ;
; synch_reg_dht:synch_reg_dht_inst|hum_dht_reg[3]  ; synch_reg_dht:synch_reg_dht_inst|hum_dht2[3]   ; 1.199             ;
; synch_reg_dht:synch_reg_dht_inst|hum_dht_reg[5]  ; synch_reg_dht:synch_reg_dht_inst|hum_dht2[5]   ; 1.199             ;
; synch_reg_dht:synch_reg_dht_inst|new_data        ; synch_reg_dht:synch_reg_dht_inst|temp_dht2[3]  ; 0.968             ;
; reset                                            ; synch_reg_dht:synch_reg_dht_inst|temp_dht2[3]  ; 0.484             ;
; synch_reg_dht:synch_reg_dht_inst|hum_diff_reg    ; synch_reg_dht:synch_reg_dht_inst|hum_diff      ; 0.430             ;
; synch_reg_ds:synch_reg_ds_inst|data_ds_reg[6]    ; synch_reg_ds:synch_reg_ds_inst|data_ds2[6]     ; 0.377             ;
; synch_reg_ds:synch_reg_ds_inst|data_ds_reg[7]    ; synch_reg_ds:synch_reg_ds_inst|data_ds2[7]     ; 0.302             ;
; synch_reg_ds:synch_reg_ds_inst|data_ds_reg[9]    ; synch_reg_ds:synch_reg_ds_inst|data_ds2[9]     ; 0.302             ;
; synch_reg_ds:synch_reg_ds_inst|data_ds_reg[8]    ; synch_reg_ds:synch_reg_ds_inst|data_ds2[8]     ; 0.298             ;
; synch_reg_ds:synch_reg_ds_inst|data_ds_reg[4]    ; synch_reg_ds:synch_reg_ds_inst|data_ds2[4]     ; 0.240             ;
; synch_reg_ds:synch_reg_ds_inst|data_ds_reg[0]    ; synch_reg_ds:synch_reg_ds_inst|data_ds2[0]     ; 0.220             ;
; synch_reg_ds:synch_reg_ds_inst|data_ds_reg[5]    ; synch_reg_ds:synch_reg_ds_inst|data_ds2[5]     ; 0.205             ;
; synch_reg_ds:synch_reg_ds_inst|data_diff_reg     ; synch_reg_ds:synch_reg_ds_inst|data_diff       ; 0.169             ;
; synch_reg_ds:synch_reg_ds_inst|data_ds_reg[1]    ; synch_reg_ds:synch_reg_ds_inst|data_ds2[1]     ; 0.147             ;
; dht11_controller:dht11_inst|humidity_out[7]      ; synch_reg_dht:synch_reg_dht_inst|hum_diff_reg  ; 0.130             ;
; dht11_controller:dht11_inst|temperature_out[7]   ; synch_reg_dht:synch_reg_dht_inst|temp_diff_reg ; 0.128             ;
; synch_reg_ds:synch_reg_ds_inst|data_ds_reg[3]    ; synch_reg_ds:synch_reg_ds_inst|data_ds2[3]     ; 0.126             ;
; synch_reg_ds:synch_reg_ds_inst|data_ds_reg[2]    ; synch_reg_ds:synch_reg_ds_inst|data_ds2[2]     ; 0.114             ;
; ds18b20_controller:ds18b20_inst|data_senzor[1]   ; ds18b20_controller:ds18b20_inst|data_out[1]    ; 0.010             ;
; ds18b20_controller:ds18b20_inst|data_senzor[3]   ; ds18b20_controller:ds18b20_inst|data_out[3]    ; 0.010             ;
+--------------------------------------------------+------------------------------------------------+-------------------+
Note: This table only shows the top 31 path(s) that have the largest delay added for hold.


+-----------------+
; Fitter Messages ;
+-----------------+
Warning (18236): Number of processors has not been specified which may cause overloading on shared machines.  Set the global assignment NUM_PARALLEL_PROCESSORS in your QSF to an appropriate value for best performance.
Info (20030): Parallel compilation is enabled and will use 16 of the 16 processors detected
Info (119006): Selected device 10M50DAF484C6GES for design "BP"
Info (21077): Low junction temperature is 0 degrees C
Info (21077): High junction temperature is 85 degrees C
Info (15535): Implemented PLL "pll_25MHz:pll_25MHz_inst|altpll:altpll_component|pll_25MHz_altpll:auto_generated|pll1" as MAX 10 PLL type File: C:/cvut/Bakalarka/Quartus_Projekt_BP/db/pll_25mhz_altpll.v Line: 43
    Info (15099): Implementing clock multiplication of 1, clock division of 2, and phase shift of 0 degrees (0 ps) for pll_25MHz:pll_25MHz_inst|altpll:altpll_component|pll_25MHz_altpll:auto_generated|wire_pll1_clk[0] port File: C:/cvut/Bakalarka/Quartus_Projekt_BP/db/pll_25mhz_altpll.v Line: 43
Info (15535): Implemented PLL "pll_1MHz:pll_inst|altpll:altpll_component|pll_1MHz_altpll:auto_generated|pll1" as MAX 10 PLL type File: C:/cvut/Bakalarka/Quartus_Projekt_BP/db/pll_1mhz_altpll.v Line: 43
    Info (15099): Implementing clock multiplication of 1, clock division of 50, and phase shift of 0 degrees (0 ps) for pll_1MHz:pll_inst|altpll:altpll_component|pll_1MHz_altpll:auto_generated|wire_pll1_clk[0] port File: C:/cvut/Bakalarka/Quartus_Projekt_BP/db/pll_1mhz_altpll.v Line: 43
Info (171003): Fitter is performing an Auto Fit compilation, which may decrease Fitter effort to reduce compilation time
Warning (292013): Feature LogicLock is only available with a valid subscription license. You can purchase a software subscription to gain full access to this feature.
Info (176444): Device migration not selected. If you intend to use device migration later, you may need to change the pin assignments as they may be incompatible with other devices
Info (169124): Fitter converted 8 user pins into dedicated programming pins
    Info (169125): Pin ~ALTERA_TMS~ is reserved at location H2
    Info (169125): Pin ~ALTERA_TCK~ is reserved at location G2
    Info (169125): Pin ~ALTERA_TDI~ is reserved at location L4
    Info (169125): Pin ~ALTERA_TDO~ is reserved at location M5
    Info (169125): Pin ~ALTERA_CONFIG_SEL~ is reserved at location H10
    Info (169125): Pin ~ALTERA_nCONFIG~ is reserved at location H9
    Info (169125): Pin ~ALTERA_nSTATUS~ is reserved at location G9
    Info (169125): Pin ~ALTERA_CONF_DONE~ is reserved at location F8
Info (169141): DATA[0] dual-purpose pin not reserved
Info (12825): Data[1]/ASDO dual-purpose pin not reserved
Info (12825): nCSO dual-purpose pin not reserved
Info (12825): DCLK dual-purpose pin not reserved
Warning (15714): Some pins have incomplete I/O assignments. Refer to the I/O Assignment Warnings report for details
Warning (176127): The parameters of the PLL pll_1MHz:pll_inst|altpll:altpll_component|pll_1MHz_altpll:auto_generated|pll1 and the PLL pll_25MHz:pll_25MHz_inst|altpll:altpll_component|pll_25MHz_altpll:auto_generated|pll1 do not have the same values - hence these PLLs cannot be merged File: C:/cvut/Bakalarka/Quartus_Projekt_BP/db/pll_1mhz_altpll.v Line: 77
    Info (176120): The values of the parameter "M" do not match for the PLL atoms pll_25MHz:pll_25MHz_inst|altpll:altpll_component|pll_25MHz_altpll:auto_generated|pll1 and PLL pll_1MHz:pll_inst|altpll:altpll_component|pll_1MHz_altpll:auto_generated|pll1
        Info (176121): The value of the parameter "M" for the PLL atom pll_25MHz:pll_25MHz_inst|altpll:altpll_component|pll_25MHz_altpll:auto_generated|pll1 is 12
        Info (176121): The value of the parameter "M" for the PLL atom pll_1MHz:pll_inst|altpll:altpll_component|pll_1MHz_altpll:auto_generated|pll1 is 10
    Info (176120): The values of the parameter "Min Lock Period" do not match for the PLL atoms pll_25MHz:pll_25MHz_inst|altpll:altpll_component|pll_25MHz_altpll:auto_generated|pll1 and PLL pll_1MHz:pll_inst|altpll:altpll_component|pll_1MHz_altpll:auto_generated|pll1
        Info (176121): The value of the parameter "Min Lock Period" for the PLL atom pll_25MHz:pll_25MHz_inst|altpll:altpll_component|pll_25MHz_altpll:auto_generated|pll1 is 18456
        Info (176121): The value of the parameter "Min Lock Period" for the PLL atom pll_1MHz:pll_inst|altpll:altpll_component|pll_1MHz_altpll:auto_generated|pll1 is 15380
    Info (176120): The values of the parameter "Max Lock Period" do not match for the PLL atoms pll_25MHz:pll_25MHz_inst|altpll:altpll_component|pll_25MHz_altpll:auto_generated|pll1 and PLL pll_1MHz:pll_inst|altpll:altpll_component|pll_1MHz_altpll:auto_generated|pll1
        Info (176121): The value of the parameter "Max Lock Period" for the PLL atom pll_25MHz:pll_25MHz_inst|altpll:altpll_component|pll_25MHz_altpll:auto_generated|pll1 is 39996
        Info (176121): The value of the parameter "Max Lock Period" for the PLL atom pll_1MHz:pll_inst|altpll:altpll_component|pll_1MHz_altpll:auto_generated|pll1 is 33330
Critical Warning (332012): Synopsys Design Constraints File file not found: 'BP.sdc'. A Synopsys Design Constraints File is required by the TimeQuest Timing Analyzer to get proper timing constraints. Without it, the Compiler will not properly optimize the design.
Info (332144): No user constrained generated clocks found in the design
Info (332144): No user constrained base clocks found in the design
Info (332143): No user constrained clock uncertainty found in the design. Calling "derive_clock_uncertainty"
Info (332123): Deriving Clock Uncertainty. Please refer to report_sdc in TimeQuest to see clock uncertainties.
Info (332130): Timing requirements not specified -- quality metrics such as performance may be sacrificed to reduce compilation time.
Info (176353): Automatically promoted node pll_1MHz:pll_inst|altpll:altpll_component|pll_1MHz_altpll:auto_generated|wire_pll1_clk[0] (placed in counter C0 of PLL_4) File: C:/cvut/Bakalarka/Quartus_Projekt_BP/db/pll_1mhz_altpll.v Line: 77
    Info (176355): Automatically promoted destinations to use location or clock signal Global Clock CLKCTRL_G8
Info (176353): Automatically promoted node pll_25MHz:pll_25MHz_inst|altpll:altpll_component|pll_25MHz_altpll:auto_generated|wire_pll1_clk[0] (placed in counter C0 of PLL_1) File: C:/cvut/Bakalarka/Quartus_Projekt_BP/db/pll_25mhz_altpll.v Line: 77
    Info (176355): Automatically promoted destinations to use location or clock signal Global Clock CLKCTRL_G18
Info (176353): Automatically promoted node vga_controller:vga_controller_inst|counter:h_citac|prenos  File: C:/cvut/Bakalarka/Quartus_Projekt_BP/counter.vhd Line: 8
    Info (176355): Automatically promoted destinations to use location or clock signal Global Clock
Info (176233): Starting register packing
Info (176235): Finished register packing
    Extra Info (176219): No registers were packed into other blocks
Info (171121): Fitter preparation operations ending: elapsed time is 00:00:09
Info (14896): Fitter has disabled Advanced Physical Optimization because it is not supported for the current family.
Info (170189): Fitter placement preparation operations beginning
Info (170190): Fitter placement preparation operations ending: elapsed time is 00:00:02
Info (170191): Fitter placement operations beginning
Info (170137): Fitter placement was successful
Info (170192): Fitter placement operations ending: elapsed time is 00:00:23
Info (170193): Fitter routing operations beginning
Info (170195): Router estimated average interconnect usage is 2% of the available device resources
    Info (170196): Router estimated peak interconnect usage is 23% of the available device resources in the region that extends from location X33_Y11 to location X44_Y21
Info (170199): The Fitter performed an Auto Fit compilation.  Optimizations were skipped to reduce compilation time.
    Info (170201): Optimizations that may affect the design's routability were skipped
Info (170194): Fitter routing operations ending: elapsed time is 00:00:12
Info (11888): Total time spent on timing analysis during the Fitter is 8.11 seconds.
Info (334003): Started post-fitting delay annotation
Warning (334000): Timing characteristics of device 10M50DAF484C6GES are preliminary
Info (334004): Delay annotation completed successfully
Info (334003): Started post-fitting delay annotation
Warning (334000): Timing characteristics of device 10M50DAF484C6GES are preliminary
Info (334004): Delay annotation completed successfully
Info (11218): Fitter post-fit operations ending: elapsed time is 00:00:06
Warning (171167): Found invalid Fitter assignments. See the Ignored Assignments panel in the Fitter Compilation Report for more information.
Warning (169177): 4 pins must meet Intel FPGA requirements for 3.3-, 3.0-, and 2.5-V interfaces. For more information, refer to AN 447: Interfacing MAX 10 Devices with 3.3/3.0/2.5-V LVTTL/LVCMOS I/O Systems.
    Info (169178): Pin dht11_data uses I/O standard 3.3-V LVTTL at V10 File: C:/cvut/Bakalarka/Quartus_Projekt_BP/BP.vhd Line: 10
    Info (169178): Pin ds18_data uses I/O standard 3.3-V LVTTL at W10 File: C:/cvut/Bakalarka/Quartus_Projekt_BP/BP.vhd Line: 11
    Info (169178): Pin reset uses I/O standard 3.3-V LVTTL at B8 File: C:/cvut/Bakalarka/Quartus_Projekt_BP/BP.vhd Line: 7
    Info (169178): Pin clock uses I/O standard 3.3-V LVTTL at P11 File: C:/cvut/Bakalarka/Quartus_Projekt_BP/BP.vhd Line: 7
Info (144001): Generated suppressed messages file C:/cvut/Bakalarka/Quartus_Projekt_BP/output_files/BP.fit.smsg
Info: Quartus Prime Fitter was successful. 0 errors, 9 warnings
    Info: Peak virtual memory: 6747 megabytes
    Info: Processing ended: Mon Jan 12 12:04:54 2026
    Info: Elapsed time: 00:01:14
    Info: Total CPU time (on all processors): 00:02:40


+----------------------------+
; Fitter Suppressed Messages ;
+----------------------------+
The suppressed messages can be found in C:/cvut/Bakalarka/Quartus_Projekt_BP/output_files/BP.fit.smsg.


