Analysis & Synthesis report for BP
Mon Jan 12 12:03:39 2026
Quartus Prime Version 17.1.0 Build 590 10/25/2017 SJ Lite Edition


---------------------
; Table of Contents ;
---------------------
  1. Legal Notice
  2. Analysis & Synthesis Summary
  3. Analysis & Synthesis Settings
  4. Parallel Compilation
  5. Analysis & Synthesis Source Files Read
  6. Analysis & Synthesis Resource Usage Summary
  7. Analysis & Synthesis Resource Utilization by Entity
  8. Analysis & Synthesis IP Cores Summary
  9. State Machine - |BP|ds18b20_controller:ds18b20_inst|current_state
 10. State Machine - |BP|dht11_controller:dht11_inst|current_state
 11. Registers Removed During Synthesis
 12. Removed Registers Triggering Further Register Optimizations
 13. General Register Statistics
 14. Inverted Register Statistics
 15. Multiplexer Restructuring Statistics (Restructuring Performed)
 16. Parameter Settings for User Entity Instance: vga_controller:vga_controller_inst|counter:h_citac
 17. Parameter Settings for User Entity Instance: vga_controller:vga_controller_inst|counter:v_citac
 18. Parameter Settings for User Entity Instance: pll_25MHz:pll_25MHz_inst|altpll:altpll_component
 19. Parameter Settings for User Entity Instance: pll_1MHz:pll_inst|altpll:altpll_component
 20. Parameter Settings for Inferred Entity Instance: data_to_text_ds:data_to_text_ds_inst|lpm_divide:Div1
 21. Parameter Settings for Inferred Entity Instance: data_to_text_ds:data_to_text_ds_inst|lpm_divide:Mod0
 22. Parameter Settings for Inferred Entity Instance: data_to_text_ds:data_to_text_ds_inst|lpm_mult:Mult0
 23. Parameter Settings for Inferred Entity Instance: data_to_text_ds:data_to_text_ds_inst|lpm_divide:Div0
 24. Parameter Settings for Inferred Entity Instance: data_to_text_ds:data_to_text_ds_inst|lpm_divide:Div2
 25. Parameter Settings for Inferred Entity Instance: data_to_text_ds:data_to_text_ds_inst|lpm_divide:Mod1
 26. Parameter Settings for Inferred Entity Instance: data_to_text_dht:data_to_text_dht_inst|lpm_divide:Div0
 27. Parameter Settings for Inferred Entity Instance: data_to_text_dht:data_to_text_dht_inst|lpm_divide:Mod0
 28. Parameter Settings for Inferred Entity Instance: data_to_text_dht:data_to_text_dht_inst|lpm_divide:Div1
 29. Parameter Settings for Inferred Entity Instance: data_to_text_dht:data_to_text_dht_inst|lpm_divide:Mod1
 30. altpll Parameter Settings by Entity Instance
 31. lpm_mult Parameter Settings by Entity Instance
 32. Port Connectivity Checks: "vga_controller:vga_controller_inst|counter:v_citac"
 33. Post-Synthesis Netlist Statistics for Top Partition
 34. Elapsed Time Per Partition
 35. Analysis & Synthesis Messages



----------------
; Legal Notice ;
----------------
Copyright (C) 2017  Intel Corporation. All rights reserved.
Your use of Intel Corporation's design tools, logic functions 
and other software and tools, and its AMPP partner logic 
functions, and any output files from any of the foregoing 
(including device programming or simulation files), and any 
associated documentation or information are expressly subject 
to the terms and conditions of the Intel Program License 
Subscription Agreement, the Intel Quartus Prime License Agreement,
the Intel FPGA IP License Agreement, or other applicable license
agreement, including, without limitation, that your use is for
the sole purpose of programming logic devices manufactured by
Intel and sold by Intel or its authorized distributors.  Please
refer to the applicable agreement for further details.



+----------------------------------------------------------------------------------+
; Analysis & Synthesis Summary                                                     ;
+------------------------------------+---------------------------------------------+
; Analysis & Synthesis Status        ; Successful - Mon Jan 12 12:03:39 2026       ;
; Quartus Prime Version              ; 17.1.0 Build 590 10/25/2017 SJ Lite Edition ;
; Revision Name                      ; BP                                          ;
; Top-level Entity Name              ; BP                                          ;
; Family                             ; MAX 10                                      ;
; Total logic elements               ; 7,378                                       ;
;     Total combinational functions  ; 4,270                                       ;
;     Dedicated logic registers      ; 3,420                                       ;
; Total registers                    ; 3420                                        ;
; Total pins                         ; 18                                          ;
; Total virtual pins                 ; 0                                           ;
; Total memory bits                  ; 0                                           ;
; Embedded Multiplier 9-bit elements ; 0                                           ;
; Total PLLs                         ; 2                                           ;
; UFM blocks                         ; 0                                           ;
; ADC blocks                         ; 0                                           ;
+------------------------------------+---------------------------------------------+


+----------------------------------------------------------------------------------------------------------------------+
; Analysis & Synthesis Settings                                                                                        ;
+----------------------------------------------------------------------------+--------------------+--------------------+
; Option                                                                     ; Setting            ; Default Value      ;
+----------------------------------------------------------------------------+--------------------+--------------------+
; Device                                                                     ; 10M50DAF484C6GES   ;                    ;
; Top-level entity name                                                      ; BP                 ; BP                 ;
; Family name                                                                ; MAX 10             ; Cyclone V          ;
; Use smart compilation                                                      ; Off                ; Off                ;
; Enable parallel Assembler and TimeQuest Timing Analyzer during compilation ; On                 ; On                 ;
; Enable compact report table                                                ; Off                ; Off                ;
; Restructure Multiplexers                                                   ; Auto               ; Auto               ;
; Create Debugging Nodes for IP Cores                                        ; Off                ; Off                ;
; Preserve fewer node names                                                  ; On                 ; On                 ;
; Intel FPGA IP Evaluation Mode                                              ; Enable             ; Enable             ;
; Verilog Version                                                            ; Verilog_2001       ; Verilog_2001       ;
; VHDL Version                                                               ; VHDL_1993          ; VHDL_1993          ;
; State Machine Processing                                                   ; Auto               ; Auto               ;
; Safe State Machine                                                         ; Off                ; Off                ;
; Extract Verilog State Machines                                             ; On                 ; On                 ;
; Extract VHDL State Machines                                                ; On                 ; On                 ;
; Ignore Verilog initial constructs                                          ; Off                ; Off                ;
; Iteration limit for constant Verilog loops                                 ; 5000               ; 5000               ;
; Iteration limit for non-constant Verilog loops                             ; 250                ; 250                ;
; Add Pass-Through Logic to Inferred RAMs                                    ; On                 ; On                 ;
; Infer RAMs from Raw Logic                                                  ; On                 ; On                 ;
; Parallel Synthesis                                                         ; On                 ; On                 ;
; DSP Block Balancing                                                        ; Auto               ; Auto               ;
; NOT Gate Push-Back                                                         ; On                 ; On                 ;
; Power-Up Don't Care                                                        ; On                 ; On                 ;
; Remove Redundant Logic Cells                                               ; Off                ; Off                ;
; Remove Duplicate Registers                                                 ; On                 ; On                 ;
; Ignore CARRY Buffers                                                       ; Off                ; Off                ;
; Ignore CASCADE Buffers                                                     ; Off                ; Off                ;
; Ignore GLOBAL Buffers                                                      ; Off                ; Off                ;
; Ignore ROW GLOBAL Buffers                                                  ; Off                ; Off                ;
; Ignore LCELL Buffers                                                       ; Off                ; Off                ;
; Ignore SOFT Buffers                                                        ; On                 ; On                 ;
; Limit AHDL Integers to 32 Bits                                             ; Off                ; Off                ;
; Optimization Technique                                                     ; Balanced           ; Balanced           ;
; Carry Chain Length                                                         ; 70                 ; 70                 ;
; Auto Carry Chains                                                          ; On                 ; On                 ;
; Auto Open-Drain Pins                                                       ; On                 ; On                 ;
; Perform WYSIWYG Primitive Resynthesis                                      ; Off                ; Off                ;
; Auto ROM Replacement                                                       ; On                 ; On                 ;
; Auto RAM Replacement                                                       ; On                 ; On                 ;
; Auto DSP Block Replacement                                                 ; On                 ; On                 ;
; Auto Shift Register Replacement                                            ; Auto               ; Auto               ;
; Allow Shift Register Merging across Hierarchies                            ; Auto               ; Auto               ;
; Auto Clock Enable Replacement                                              ; On                 ; On                 ;
; Strict RAM Replacement                                                     ; Off                ; Off                ;
; Allow Synchronous Control Signals                                          ; On                 ; On                 ;
; Force Use of Synchronous Clear Signals                                     ; Off                ; Off                ;
; Auto RAM Block Balancing                                                   ; On                 ; On                 ;
; Auto RAM to Logic Cell Conversion                                          ; Off                ; Off                ;
; Auto Resource Sharing                                                      ; Off                ; Off                ;
; Allow Any RAM Size For Recognition                                         ; Off                ; Off                ;
; Allow Any ROM Size For Recognition                                         ; Off                ; Off                ;
; Allow Any Shift Register Size For Recognition                              ; Off                ; Off                ;
; Use LogicLock Constraints during Resource Balancing                        ; On                 ; On                 ;
; Ignore translate_off and synthesis_off directives                          ; Off                ; Off                ;
; Timing-Driven Synthesis                                                    ; On                 ; On                 ;
; Report Parameter Settings                                                  ; On                 ; On                 ;
; Report Source Assignments                                                  ; On                 ; On                 ;
; Report Connectivity Checks                                                 ; On                 ; On                 ;
; Ignore Maximum Fan-Out Assignments                                         ; Off                ; Off                ;
; Synchronization Register Chain Length                                      ; 2                  ; 2                  ;
; Power Optimization During Synthesis                                        ; Normal compilation ; Normal compilation ;
; HDL message level                                                          ; Level2             ; Level2             ;
; Suppress Register Optimization Related Messages                            ; Off                ; Off                ;
; Number of Removed Registers Reported in Synthesis Report                   ; 5000               ; 5000               ;
; Number of Swept Nodes Reported in Synthesis Report                         ; 5000               ; 5000               ;
; Number of Inverted Registers Reported in Synthesis Report                  ; 100                ; 100                ;
; Clock MUX Protection                                                       ; On                 ; On                 ;
; Auto Gated Clock Conversion                                                ; Off                ; Off                ;
; Block Design Naming                                                        ; Auto               ; Auto               ;
; SDC constraint protection                                                  ; Off                ; Off                ;
; Synthesis Effort                                                           ; Auto               ; Auto               ;
; Shift Register Replacement - Allow Asynchronous Clear Signal               ; On                 ; On                 ;
; Pre-Mapping Resynthesis Optimization                                       ; Off                ; Off                ;
; Analysis & Synthesis Message Level                                         ; Medium             ; Medium             ;
; Disable Register Merging Across Hierarchies                                ; Auto               ; Auto               ;
; Resource Aware Inference For Block RAM                                     ; On                 ; On                 ;
+----------------------------------------------------------------------------+--------------------+--------------------+


+------------------------------------------+
; Parallel Compilation                     ;
+----------------------------+-------------+
; Processors                 ; Number      ;
+----------------------------+-------------+
; Number detected on machine ; 16          ;
; Maximum allowed            ; 16          ;
;                            ;             ;
; Average used               ; 1.01        ;
; Maximum used               ; 16          ;
;                            ;             ;
; Usage by Processor         ; % Time Used ;
;     Processor 1            ; 100.0%      ;
;     Processor 2            ;   0.1%      ;
;     Processor 3            ;   0.1%      ;
;     Processor 4            ;   0.1%      ;
;     Processor 5            ;   0.1%      ;
;     Processor 6            ;   0.1%      ;
;     Processor 7            ;   0.1%      ;
;     Processor 8            ;   0.1%      ;
;     Processors 9-16        ;   0.1%      ;
+----------------------------+-------------+


+--------------------------------------------------------------------------------------------------------------------------------------------------------------------------+
; Analysis & Synthesis Source Files Read                                                                                                                                   ;
+----------------------------------+-----------------+------------------------------+----------------------------------------------------------------------------+---------+
; File Name with User-Entered Path ; Used in Netlist ; File Type                    ; File Name with Absolute Path                                               ; Library ;
+----------------------------------+-----------------+------------------------------+----------------------------------------------------------------------------+---------+
; BP.vhd                           ; yes             ; User VHDL File               ; C:/cvut/Bakalarka/Quartus_Projekt_BP/BP.vhd                                ;         ;
; vga_controller.vhd               ; yes             ; User VHDL File               ; C:/cvut/Bakalarka/Quartus_Projekt_BP/vga_controller.vhd                    ;         ;
; rom.vhd                          ; yes             ; User VHDL File               ; C:/cvut/Bakalarka/Quartus_Projekt_BP/rom.vhd                               ;         ;
; data_to_text_dht.vhd             ; yes             ; User VHDL File               ; C:/cvut/Bakalarka/Quartus_Projekt_BP/data_to_text_dht.vhd                  ;         ;
; data_to_text_ds.vhd              ; yes             ; User VHDL File               ; C:/cvut/Bakalarka/Quartus_Projekt_BP/data_to_text_ds.vhd                   ;         ;
; synch_reg_dht.vhd                ; yes             ; User VHDL File               ; C:/cvut/Bakalarka/Quartus_Projekt_BP/synch_reg_dht.vhd                     ;         ;
; synch_reg_ds.vhd                 ; yes             ; User VHDL File               ; C:/cvut/Bakalarka/Quartus_Projekt_BP/synch_reg_ds.vhd                      ;         ;
; dht11_controller.vhd             ; yes             ; User VHDL File               ; C:/cvut/Bakalarka/Quartus_Projekt_BP/dht11_controller.vhd                  ;         ;
; ds18b20_controller.vhd           ; yes             ; User VHDL File               ; C:/cvut/Bakalarka/Quartus_Projekt_BP/ds18b20_controller.vhd                ;         ;
; pll_1MHz.vhd                     ; yes             ; User Wizard-Generated File   ; C:/cvut/Bakalarka/Quartus_Projekt_BP/pll_1MHz.vhd                          ;         ;
; pll_25MHz.vhd                    ; yes             ; User Wizard-Generated File   ; C:/cvut/Bakalarka/Quartus_Projekt_BP/pll_25MHz.vhd                         ;         ;
; counter.vhd                      ; yes             ; User VHDL File               ; C:/cvut/Bakalarka/Quartus_Projekt_BP/counter.vhd                           ;         ;
; altpll.tdf                       ; yes             ; Megafunction                 ; c:/intelfpga_lite/17.1/quartus/libraries/megafunctions/altpll.tdf          ;         ;
; aglobal171.inc                   ; yes             ; Megafunction                 ; c:/intelfpga_lite/17.1/quartus/libraries/megafunctions/aglobal171.inc      ;         ;
; stratix_pll.inc                  ; yes             ; Megafunction                 ; c:/intelfpga_lite/17.1/quartus/libraries/megafunctions/stratix_pll.inc     ;         ;
; stratixii_pll.inc                ; yes             ; Megafunction                 ; c:/intelfpga_lite/17.1/quartus/libraries/megafunctions/stratixii_pll.inc   ;         ;
; cycloneii_pll.inc                ; yes             ; Megafunction                 ; c:/intelfpga_lite/17.1/quartus/libraries/megafunctions/cycloneii_pll.inc   ;         ;
; db/pll_25mhz_altpll.v            ; yes             ; Auto-Generated Megafunction  ; C:/cvut/Bakalarka/Quartus_Projekt_BP/db/pll_25mhz_altpll.v                 ;         ;
; db/pll_1mhz_altpll.v             ; yes             ; Auto-Generated Megafunction  ; C:/cvut/Bakalarka/Quartus_Projekt_BP/db/pll_1mhz_altpll.v                  ;         ;
; lpm_divide.tdf                   ; yes             ; Megafunction                 ; c:/intelfpga_lite/17.1/quartus/libraries/megafunctions/lpm_divide.tdf      ;         ;
; abs_divider.inc                  ; yes             ; Megafunction                 ; c:/intelfpga_lite/17.1/quartus/libraries/megafunctions/abs_divider.inc     ;         ;
; sign_div_unsign.inc              ; yes             ; Megafunction                 ; c:/intelfpga_lite/17.1/quartus/libraries/megafunctions/sign_div_unsign.inc ;         ;
; db/lpm_divide_7sl.tdf            ; yes             ; Auto-Generated Megafunction  ; C:/cvut/Bakalarka/Quartus_Projekt_BP/db/lpm_divide_7sl.tdf                 ;         ;
; db/sign_div_unsign_9kh.tdf       ; yes             ; Auto-Generated Megafunction  ; C:/cvut/Bakalarka/Quartus_Projekt_BP/db/sign_div_unsign_9kh.tdf            ;         ;
; db/alt_u_div_see.tdf             ; yes             ; Auto-Generated Megafunction  ; C:/cvut/Bakalarka/Quartus_Projekt_BP/db/alt_u_div_see.tdf                  ;         ;
; db/add_sub_t3c.tdf               ; yes             ; Auto-Generated Megafunction  ; C:/cvut/Bakalarka/Quartus_Projekt_BP/db/add_sub_t3c.tdf                    ;         ;
; db/add_sub_u3c.tdf               ; yes             ; Auto-Generated Megafunction  ; C:/cvut/Bakalarka/Quartus_Projekt_BP/db/add_sub_u3c.tdf                    ;         ;
; db/lpm_divide_ckl.tdf            ; yes             ; Auto-Generated Megafunction  ; C:/cvut/Bakalarka/Quartus_Projekt_BP/db/lpm_divide_ckl.tdf                 ;         ;
; db/sign_div_unsign_bkh.tdf       ; yes             ; Auto-Generated Megafunction  ; C:/cvut/Bakalarka/Quartus_Projekt_BP/db/sign_div_unsign_bkh.tdf            ;         ;
; db/alt_u_div_0fe.tdf             ; yes             ; Auto-Generated Megafunction  ; C:/cvut/Bakalarka/Quartus_Projekt_BP/db/alt_u_div_0fe.tdf                  ;         ;
; lpm_mult.tdf                     ; yes             ; Megafunction                 ; c:/intelfpga_lite/17.1/quartus/libraries/megafunctions/lpm_mult.tdf        ;         ;
; lpm_add_sub.inc                  ; yes             ; Megafunction                 ; c:/intelfpga_lite/17.1/quartus/libraries/megafunctions/lpm_add_sub.inc     ;         ;
; multcore.inc                     ; yes             ; Megafunction                 ; c:/intelfpga_lite/17.1/quartus/libraries/megafunctions/multcore.inc        ;         ;
; bypassff.inc                     ; yes             ; Megafunction                 ; c:/intelfpga_lite/17.1/quartus/libraries/megafunctions/bypassff.inc        ;         ;
; altshift.inc                     ; yes             ; Megafunction                 ; c:/intelfpga_lite/17.1/quartus/libraries/megafunctions/altshift.inc        ;         ;
; multcore.tdf                     ; yes             ; Megafunction                 ; c:/intelfpga_lite/17.1/quartus/libraries/megafunctions/multcore.tdf        ;         ;
; csa_add.inc                      ; yes             ; Megafunction                 ; c:/intelfpga_lite/17.1/quartus/libraries/megafunctions/csa_add.inc         ;         ;
; mpar_add.inc                     ; yes             ; Megafunction                 ; c:/intelfpga_lite/17.1/quartus/libraries/megafunctions/mpar_add.inc        ;         ;
; muleabz.inc                      ; yes             ; Megafunction                 ; c:/intelfpga_lite/17.1/quartus/libraries/megafunctions/muleabz.inc         ;         ;
; mul_lfrg.inc                     ; yes             ; Megafunction                 ; c:/intelfpga_lite/17.1/quartus/libraries/megafunctions/mul_lfrg.inc        ;         ;
; mul_boothc.inc                   ; yes             ; Megafunction                 ; c:/intelfpga_lite/17.1/quartus/libraries/megafunctions/mul_boothc.inc      ;         ;
; alt_ded_mult.inc                 ; yes             ; Megafunction                 ; c:/intelfpga_lite/17.1/quartus/libraries/megafunctions/alt_ded_mult.inc    ;         ;
; alt_ded_mult_y.inc               ; yes             ; Megafunction                 ; c:/intelfpga_lite/17.1/quartus/libraries/megafunctions/alt_ded_mult_y.inc  ;         ;
; dffpipe.inc                      ; yes             ; Megafunction                 ; c:/intelfpga_lite/17.1/quartus/libraries/megafunctions/dffpipe.inc         ;         ;
; mpar_add.tdf                     ; yes             ; Megafunction                 ; c:/intelfpga_lite/17.1/quartus/libraries/megafunctions/mpar_add.tdf        ;         ;
; altshift.tdf                     ; yes             ; Megafunction                 ; c:/intelfpga_lite/17.1/quartus/libraries/megafunctions/altshift.tdf        ;         ;
; db/lpm_divide_ptl.tdf            ; yes             ; Auto-Generated Megafunction  ; C:/cvut/Bakalarka/Quartus_Projekt_BP/db/lpm_divide_ptl.tdf                 ;         ;
; db/sign_div_unsign_rlh.tdf       ; yes             ; Auto-Generated Megafunction  ; C:/cvut/Bakalarka/Quartus_Projekt_BP/db/sign_div_unsign_rlh.tdf            ;         ;
; db/alt_u_div_0ie.tdf             ; yes             ; Auto-Generated Megafunction  ; C:/cvut/Bakalarka/Quartus_Projekt_BP/db/alt_u_div_0ie.tdf                  ;         ;
; db/lpm_divide_8sl.tdf            ; yes             ; Auto-Generated Megafunction  ; C:/cvut/Bakalarka/Quartus_Projekt_BP/db/lpm_divide_8sl.tdf                 ;         ;
; db/sign_div_unsign_akh.tdf       ; yes             ; Auto-Generated Megafunction  ; C:/cvut/Bakalarka/Quartus_Projekt_BP/db/sign_div_unsign_akh.tdf            ;         ;
; db/alt_u_div_uee.tdf             ; yes             ; Auto-Generated Megafunction  ; C:/cvut/Bakalarka/Quartus_Projekt_BP/db/alt_u_div_uee.tdf                  ;         ;
; db/lpm_divide_ekl.tdf            ; yes             ; Auto-Generated Megafunction  ; C:/cvut/Bakalarka/Quartus_Projekt_BP/db/lpm_divide_ekl.tdf                 ;         ;
; db/sign_div_unsign_dkh.tdf       ; yes             ; Auto-Generated Megafunction  ; C:/cvut/Bakalarka/Quartus_Projekt_BP/db/sign_div_unsign_dkh.tdf            ;         ;
; db/alt_u_div_4fe.tdf             ; yes             ; Auto-Generated Megafunction  ; C:/cvut/Bakalarka/Quartus_Projekt_BP/db/alt_u_div_4fe.tdf                  ;         ;
+----------------------------------+-----------------+------------------------------+----------------------------------------------------------------------------+---------+


+-------------------------------------------------------------------------------------------------------------------------------------------------+
; Analysis & Synthesis Resource Usage Summary                                                                                                     ;
+---------------------------------------------+---------------------------------------------------------------------------------------------------+
; Resource                                    ; Usage                                                                                             ;
+---------------------------------------------+---------------------------------------------------------------------------------------------------+
; Estimated Total logic elements              ; 7,378                                                                                             ;
;                                             ;                                                                                                   ;
; Total combinational functions               ; 4270                                                                                              ;
; Logic element usage by number of LUT inputs ;                                                                                                   ;
;     -- 4 input functions                    ; 2858                                                                                              ;
;     -- 3 input functions                    ; 355                                                                                               ;
;     -- <=2 input functions                  ; 1057                                                                                              ;
;                                             ;                                                                                                   ;
; Logic elements by mode                      ;                                                                                                   ;
;     -- normal mode                          ; 3877                                                                                              ;
;     -- arithmetic mode                      ; 393                                                                                               ;
;                                             ;                                                                                                   ;
; Total registers                             ; 3420                                                                                              ;
;     -- Dedicated logic registers            ; 3420                                                                                              ;
;     -- I/O registers                        ; 0                                                                                                 ;
;                                             ;                                                                                                   ;
; I/O pins                                    ; 18                                                                                                ;
;                                             ;                                                                                                   ;
; Embedded Multiplier 9-bit elements          ; 0                                                                                                 ;
;                                             ;                                                                                                   ;
; Total PLLs                                  ; 2                                                                                                 ;
;     -- PLLs                                 ; 2                                                                                                 ;
;                                             ;                                                                                                   ;
; Maximum fan-out node                        ; pll_25MHz:pll_25MHz_inst|altpll:altpll_component|pll_25MHz_altpll:auto_generated|wire_pll1_clk[0] ;
; Maximum fan-out                             ; 3184                                                                                              ;
; Total fan-out                               ; 24713                                                                                             ;
; Average fan-out                             ; 3.20                                                                                              ;
+---------------------------------------------+---------------------------------------------------------------------------------------------------+


+------------------------------------------------------------------------------------------------------------------------------------------------------------------------------------------------------------------------------------------------------------------------------------------------------------------------------------------------------------------------------------+
; Analysis & Synthesis Resource Utilization by Entity                                                                                                                                                                                                                                                                                                                                ;
+---------------------------------------------+---------------------+---------------------------+-------------+------------+--------------+---------+-----------+------+--------------+------------+--------------------------------------------------------------------------------------------------------------------------------------------+---------------------+--------------+
; Compilation Hierarchy Node                  ; Combinational ALUTs ; Dedicated Logic Registers ; Memory Bits ; UFM Blocks ; DSP Elements ; DSP 9x9 ; DSP 18x18 ; Pins ; Virtual Pins ; ADC blocks ; Full Hierarchy Name                                                                                                                        ; Entity Name         ; Library Name ;
+---------------------------------------------+---------------------+---------------------------+-------------+------------+--------------+---------+-----------+------+--------------+------------+--------------------------------------------------------------------------------------------------------------------------------------------+---------------------+--------------+
; |BP                                         ; 4270 (2989)         ; 3420 (3086)               ; 0           ; 0          ; 0            ; 0       ; 0         ; 18   ; 0            ; 0          ; |BP                                                                                                                                        ; BP                  ; work         ;
;    |data_to_text_dht:data_to_text_dht_inst| ; 219 (59)            ; 13 (13)                   ; 0           ; 0          ; 0            ; 0       ; 0         ; 0    ; 0            ; 0          ; |BP|data_to_text_dht:data_to_text_dht_inst                                                                                                 ; data_to_text_dht    ; work         ;
;       |lpm_divide:Div0|                     ; 30 (0)              ; 0 (0)                     ; 0           ; 0          ; 0            ; 0       ; 0         ; 0    ; 0            ; 0          ; |BP|data_to_text_dht:data_to_text_dht_inst|lpm_divide:Div0                                                                                 ; lpm_divide          ; work         ;
;          |lpm_divide_7sl:auto_generated|    ; 30 (0)              ; 0 (0)                     ; 0           ; 0          ; 0            ; 0       ; 0         ; 0    ; 0            ; 0          ; |BP|data_to_text_dht:data_to_text_dht_inst|lpm_divide:Div0|lpm_divide_7sl:auto_generated                                                   ; lpm_divide_7sl      ; work         ;
;             |sign_div_unsign_9kh:divider|   ; 30 (0)              ; 0 (0)                     ; 0           ; 0          ; 0            ; 0       ; 0         ; 0    ; 0            ; 0          ; |BP|data_to_text_dht:data_to_text_dht_inst|lpm_divide:Div0|lpm_divide_7sl:auto_generated|sign_div_unsign_9kh:divider                       ; sign_div_unsign_9kh ; work         ;
;                |alt_u_div_see:divider|      ; 30 (30)             ; 0 (0)                     ; 0           ; 0          ; 0            ; 0       ; 0         ; 0    ; 0            ; 0          ; |BP|data_to_text_dht:data_to_text_dht_inst|lpm_divide:Div0|lpm_divide_7sl:auto_generated|sign_div_unsign_9kh:divider|alt_u_div_see:divider ; alt_u_div_see       ; work         ;
;       |lpm_divide:Div1|                     ; 43 (0)              ; 0 (0)                     ; 0           ; 0          ; 0            ; 0       ; 0         ; 0    ; 0            ; 0          ; |BP|data_to_text_dht:data_to_text_dht_inst|lpm_divide:Div1                                                                                 ; lpm_divide          ; work         ;
;          |lpm_divide_8sl:auto_generated|    ; 43 (0)              ; 0 (0)                     ; 0           ; 0          ; 0            ; 0       ; 0         ; 0    ; 0            ; 0          ; |BP|data_to_text_dht:data_to_text_dht_inst|lpm_divide:Div1|lpm_divide_8sl:auto_generated                                                   ; lpm_divide_8sl      ; work         ;
;             |sign_div_unsign_akh:divider|   ; 43 (0)              ; 0 (0)                     ; 0           ; 0          ; 0            ; 0       ; 0         ; 0    ; 0            ; 0          ; |BP|data_to_text_dht:data_to_text_dht_inst|lpm_divide:Div1|lpm_divide_8sl:auto_generated|sign_div_unsign_akh:divider                       ; sign_div_unsign_akh ; work         ;
;                |alt_u_div_uee:divider|      ; 43 (43)             ; 0 (0)                     ; 0           ; 0          ; 0            ; 0       ; 0         ; 0    ; 0            ; 0          ; |BP|data_to_text_dht:data_to_text_dht_inst|lpm_divide:Div1|lpm_divide_8sl:auto_generated|sign_div_unsign_akh:divider|alt_u_div_uee:divider ; alt_u_div_uee       ; work         ;
;       |lpm_divide:Mod0|                     ; 34 (0)              ; 0 (0)                     ; 0           ; 0          ; 0            ; 0       ; 0         ; 0    ; 0            ; 0          ; |BP|data_to_text_dht:data_to_text_dht_inst|lpm_divide:Mod0                                                                                 ; lpm_divide          ; work         ;
;          |lpm_divide_ckl:auto_generated|    ; 34 (0)              ; 0 (0)                     ; 0           ; 0          ; 0            ; 0       ; 0         ; 0    ; 0            ; 0          ; |BP|data_to_text_dht:data_to_text_dht_inst|lpm_divide:Mod0|lpm_divide_ckl:auto_generated                                                   ; lpm_divide_ckl      ; work         ;
;             |sign_div_unsign_bkh:divider|   ; 34 (0)              ; 0 (0)                     ; 0           ; 0          ; 0            ; 0       ; 0         ; 0    ; 0            ; 0          ; |BP|data_to_text_dht:data_to_text_dht_inst|lpm_divide:Mod0|lpm_divide_ckl:auto_generated|sign_div_unsign_bkh:divider                       ; sign_div_unsign_bkh ; work         ;
;                |alt_u_div_0fe:divider|      ; 34 (34)             ; 0 (0)                     ; 0           ; 0          ; 0            ; 0       ; 0         ; 0    ; 0            ; 0          ; |BP|data_to_text_dht:data_to_text_dht_inst|lpm_divide:Mod0|lpm_divide_ckl:auto_generated|sign_div_unsign_bkh:divider|alt_u_div_0fe:divider ; alt_u_div_0fe       ; work         ;
;       |lpm_divide:Mod1|                     ; 53 (0)              ; 0 (0)                     ; 0           ; 0          ; 0            ; 0       ; 0         ; 0    ; 0            ; 0          ; |BP|data_to_text_dht:data_to_text_dht_inst|lpm_divide:Mod1                                                                                 ; lpm_divide          ; work         ;
;          |lpm_divide_ekl:auto_generated|    ; 53 (0)              ; 0 (0)                     ; 0           ; 0          ; 0            ; 0       ; 0         ; 0    ; 0            ; 0          ; |BP|data_to_text_dht:data_to_text_dht_inst|lpm_divide:Mod1|lpm_divide_ekl:auto_generated                                                   ; lpm_divide_ekl      ; work         ;
;             |sign_div_unsign_dkh:divider|   ; 53 (0)              ; 0 (0)                     ; 0           ; 0          ; 0            ; 0       ; 0         ; 0    ; 0            ; 0          ; |BP|data_to_text_dht:data_to_text_dht_inst|lpm_divide:Mod1|lpm_divide_ekl:auto_generated|sign_div_unsign_dkh:divider                       ; sign_div_unsign_dkh ; work         ;
;                |alt_u_div_4fe:divider|      ; 53 (53)             ; 0 (0)                     ; 0           ; 0          ; 0            ; 0       ; 0         ; 0    ; 0            ; 0          ; |BP|data_to_text_dht:data_to_text_dht_inst|lpm_divide:Mod1|lpm_divide_ekl:auto_generated|sign_div_unsign_dkh:divider|alt_u_div_4fe:divider ; alt_u_div_4fe       ; work         ;
;    |data_to_text_ds:data_to_text_ds_inst|   ; 358 (70)            ; 10 (10)                   ; 0           ; 0          ; 0            ; 0       ; 0         ; 0    ; 0            ; 0          ; |BP|data_to_text_ds:data_to_text_ds_inst                                                                                                   ; data_to_text_ds     ; work         ;
;       |lpm_divide:Div0|                     ; 120 (0)             ; 0 (0)                     ; 0           ; 0          ; 0            ; 0       ; 0         ; 0    ; 0            ; 0          ; |BP|data_to_text_ds:data_to_text_ds_inst|lpm_divide:Div0                                                                                   ; lpm_divide          ; work         ;
;          |lpm_divide_ptl:auto_generated|    ; 120 (0)             ; 0 (0)                     ; 0           ; 0          ; 0            ; 0       ; 0         ; 0    ; 0            ; 0          ; |BP|data_to_text_ds:data_to_text_ds_inst|lpm_divide:Div0|lpm_divide_ptl:auto_generated                                                     ; lpm_divide_ptl      ; work         ;
;             |sign_div_unsign_rlh:divider|   ; 120 (0)             ; 0 (0)                     ; 0           ; 0          ; 0            ; 0       ; 0         ; 0    ; 0            ; 0          ; |BP|data_to_text_ds:data_to_text_ds_inst|lpm_divide:Div0|lpm_divide_ptl:auto_generated|sign_div_unsign_rlh:divider                         ; sign_div_unsign_rlh ; work         ;
;                |alt_u_div_0ie:divider|      ; 120 (120)           ; 0 (0)                     ; 0           ; 0          ; 0            ; 0       ; 0         ; 0    ; 0            ; 0          ; |BP|data_to_text_ds:data_to_text_ds_inst|lpm_divide:Div0|lpm_divide_ptl:auto_generated|sign_div_unsign_rlh:divider|alt_u_div_0ie:divider   ; alt_u_div_0ie       ; work         ;
;       |lpm_divide:Div1|                     ; 30 (0)              ; 0 (0)                     ; 0           ; 0          ; 0            ; 0       ; 0         ; 0    ; 0            ; 0          ; |BP|data_to_text_ds:data_to_text_ds_inst|lpm_divide:Div1                                                                                   ; lpm_divide          ; work         ;
;          |lpm_divide_7sl:auto_generated|    ; 30 (0)              ; 0 (0)                     ; 0           ; 0          ; 0            ; 0       ; 0         ; 0    ; 0            ; 0          ; |BP|data_to_text_ds:data_to_text_ds_inst|lpm_divide:Div1|lpm_divide_7sl:auto_generated                                                     ; lpm_divide_7sl      ; work         ;
;             |sign_div_unsign_9kh:divider|   ; 30 (0)              ; 0 (0)                     ; 0           ; 0          ; 0            ; 0       ; 0         ; 0    ; 0            ; 0          ; |BP|data_to_text_ds:data_to_text_ds_inst|lpm_divide:Div1|lpm_divide_7sl:auto_generated|sign_div_unsign_9kh:divider                         ; sign_div_unsign_9kh ; work         ;
;                |alt_u_div_see:divider|      ; 30 (30)             ; 0 (0)                     ; 0           ; 0          ; 0            ; 0       ; 0         ; 0    ; 0            ; 0          ; |BP|data_to_text_ds:data_to_text_ds_inst|lpm_divide:Div1|lpm_divide_7sl:auto_generated|sign_div_unsign_9kh:divider|alt_u_div_see:divider   ; alt_u_div_see       ; work         ;
;       |lpm_divide:Div2|                     ; 43 (0)              ; 0 (0)                     ; 0           ; 0          ; 0            ; 0       ; 0         ; 0    ; 0            ; 0          ; |BP|data_to_text_ds:data_to_text_ds_inst|lpm_divide:Div2                                                                                   ; lpm_divide          ; work         ;
;          |lpm_divide_8sl:auto_generated|    ; 43 (0)              ; 0 (0)                     ; 0           ; 0          ; 0            ; 0       ; 0         ; 0    ; 0            ; 0          ; |BP|data_to_text_ds:data_to_text_ds_inst|lpm_divide:Div2|lpm_divide_8sl:auto_generated                                                     ; lpm_divide_8sl      ; work         ;
;             |sign_div_unsign_akh:divider|   ; 43 (0)              ; 0 (0)                     ; 0           ; 0          ; 0            ; 0       ; 0         ; 0    ; 0            ; 0          ; |BP|data_to_text_ds:data_to_text_ds_inst|lpm_divide:Div2|lpm_divide_8sl:auto_generated|sign_div_unsign_akh:divider                         ; sign_div_unsign_akh ; work         ;
;                |alt_u_div_uee:divider|      ; 43 (43)             ; 0 (0)                     ; 0           ; 0          ; 0            ; 0       ; 0         ; 0    ; 0            ; 0          ; |BP|data_to_text_ds:data_to_text_ds_inst|lpm_divide:Div2|lpm_divide_8sl:auto_generated|sign_div_unsign_akh:divider|alt_u_div_uee:divider   ; alt_u_div_uee       ; work         ;
;       |lpm_divide:Mod0|                     ; 34 (0)              ; 0 (0)                     ; 0           ; 0          ; 0            ; 0       ; 0         ; 0    ; 0            ; 0          ; |BP|data_to_text_ds:data_to_text_ds_inst|lpm_divide:Mod0                                                                                   ; lpm_divide          ; work         ;
;          |lpm_divide_ckl:auto_generated|    ; 34 (0)              ; 0 (0)                     ; 0           ; 0          ; 0            ; 0       ; 0         ; 0    ; 0            ; 0          ; |BP|data_to_text_ds:data_to_text_ds_inst|lpm_divide:Mod0|lpm_divide_ckl:auto_generated                                                     ; lpm_divide_ckl      ; work         ;
;             |sign_div_unsign_bkh:divider|   ; 34 (0)              ; 0 (0)                     ; 0           ; 0          ; 0            ; 0       ; 0         ; 0    ; 0            ; 0          ; |BP|data_to_text_ds:data_to_text_ds_inst|lpm_divide:Mod0|lpm_divide_ckl:auto_generated|sign_div_unsign_bkh:divider                         ; sign_div_unsign_bkh ; work         ;
;                |alt_u_div_0fe:divider|      ; 34 (34)             ; 0 (0)                     ; 0           ; 0          ; 0            ; 0       ; 0         ; 0    ; 0            ; 0          ; |BP|data_to_text_ds:data_to_text_ds_inst|lpm_divide:Mod0|lpm_divide_ckl:auto_generated|sign_div_unsign_bkh:divider|alt_u_div_0fe:divider   ; alt_u_div_0fe       ; work         ;
;       |lpm_divide:Mod1|                     ; 53 (0)              ; 0 (0)                     ; 0           ; 0          ; 0            ; 0       ; 0         ; 0    ; 0            ; 0          ; |BP|data_to_text_ds:data_to_text_ds_inst|lpm_divide:Mod1                                                                                   ; lpm_divide          ; work         ;
;          |lpm_divide_ekl:auto_generated|    ; 53 (0)              ; 0 (0)                     ; 0           ; 0          ; 0            ; 0       ; 0         ; 0    ; 0            ; 0          ; |BP|data_to_text_ds:data_to_text_ds_inst|lpm_divide:Mod1|lpm_divide_ekl:auto_generated                                                     ; lpm_divide_ekl      ; work         ;
;             |sign_div_unsign_dkh:divider|   ; 53 (0)              ; 0 (0)                     ; 0           ; 0          ; 0            ; 0       ; 0         ; 0    ; 0            ; 0          ; |BP|data_to_text_ds:data_to_text_ds_inst|lpm_divide:Mod1|lpm_divide_ekl:auto_generated|sign_div_unsign_dkh:divider                         ; sign_div_unsign_dkh ; work         ;
;                |alt_u_div_4fe:divider|      ; 53 (53)             ; 0 (0)                     ; 0           ; 0          ; 0            ; 0       ; 0         ; 0    ; 0            ; 0          ; |BP|data_to_text_ds:data_to_text_ds_inst|lpm_divide:Mod1|lpm_divide_ekl:auto_generated|sign_div_unsign_dkh:divider|alt_u_div_4fe:divider   ; alt_u_div_4fe       ; work         ;
;       |lpm_mult:Mult0|                      ; 8 (0)               ; 0 (0)                     ; 0           ; 0          ; 0            ; 0       ; 0         ; 0    ; 0            ; 0          ; |BP|data_to_text_ds:data_to_text_ds_inst|lpm_mult:Mult0                                                                                    ; lpm_mult            ; work         ;
;          |multcore:mult_core|               ; 8 (8)               ; 0 (0)                     ; 0           ; 0          ; 0            ; 0       ; 0         ; 0    ; 0            ; 0          ; |BP|data_to_text_ds:data_to_text_ds_inst|lpm_mult:Mult0|multcore:mult_core                                                                 ; multcore            ; work         ;
;    |dht11_controller:dht11_inst|            ; 185 (185)           ; 95 (95)                   ; 0           ; 0          ; 0            ; 0       ; 0         ; 0    ; 0            ; 0          ; |BP|dht11_controller:dht11_inst                                                                                                            ; dht11_controller    ; work         ;
;    |ds18b20_controller:ds18b20_inst|        ; 161 (161)           ; 77 (77)                   ; 0           ; 0          ; 0            ; 0       ; 0         ; 0    ; 0            ; 0          ; |BP|ds18b20_controller:ds18b20_inst                                                                                                        ; ds18b20_controller  ; work         ;
;    |pll_1MHz:pll_inst|                      ; 0 (0)               ; 0 (0)                     ; 0           ; 0          ; 0            ; 0       ; 0         ; 0    ; 0            ; 0          ; |BP|pll_1MHz:pll_inst                                                                                                                      ; pll_1MHz            ; work         ;
;       |altpll:altpll_component|             ; 0 (0)               ; 0 (0)                     ; 0           ; 0          ; 0            ; 0       ; 0         ; 0    ; 0            ; 0          ; |BP|pll_1MHz:pll_inst|altpll:altpll_component                                                                                              ; altpll              ; work         ;
;          |pll_1MHz_altpll:auto_generated|   ; 0 (0)               ; 0 (0)                     ; 0           ; 0          ; 0            ; 0       ; 0         ; 0    ; 0            ; 0          ; |BP|pll_1MHz:pll_inst|altpll:altpll_component|pll_1MHz_altpll:auto_generated                                                               ; pll_1MHz_altpll     ; work         ;
;    |pll_25MHz:pll_25MHz_inst|               ; 0 (0)               ; 0 (0)                     ; 0           ; 0          ; 0            ; 0       ; 0         ; 0    ; 0            ; 0          ; |BP|pll_25MHz:pll_25MHz_inst                                                                                                               ; pll_25MHz           ; work         ;
;       |altpll:altpll_component|             ; 0 (0)               ; 0 (0)                     ; 0           ; 0          ; 0            ; 0       ; 0         ; 0    ; 0            ; 0          ; |BP|pll_25MHz:pll_25MHz_inst|altpll:altpll_component                                                                                       ; altpll              ; work         ;
;          |pll_25MHz_altpll:auto_generated|  ; 0 (0)               ; 0 (0)                     ; 0           ; 0          ; 0            ; 0       ; 0         ; 0    ; 0            ; 0          ; |BP|pll_25MHz:pll_25MHz_inst|altpll:altpll_component|pll_25MHz_altpll:auto_generated                                                       ; pll_25MHz_altpll    ; work         ;
;    |rom:rom_inst|                           ; 163 (163)           ; 15 (15)                   ; 0           ; 0          ; 0            ; 0       ; 0         ; 0    ; 0            ; 0          ; |BP|rom:rom_inst                                                                                                                           ; rom                 ; work         ;
;    |synch_reg_dht:synch_reg_dht_inst|       ; 60 (60)             ; 34 (34)                   ; 0           ; 0          ; 0            ; 0       ; 0         ; 0    ; 0            ; 0          ; |BP|synch_reg_dht:synch_reg_dht_inst                                                                                                       ; synch_reg_dht       ; work         ;
;    |synch_reg_ds:synch_reg_ds_inst|         ; 35 (35)             ; 25 (25)                   ; 0           ; 0          ; 0            ; 0       ; 0         ; 0    ; 0            ; 0          ; |BP|synch_reg_ds:synch_reg_ds_inst                                                                                                         ; synch_reg_ds        ; work         ;
;    |vga_controller:vga_controller_inst|     ; 100 (18)            ; 65 (0)                    ; 0           ; 0          ; 0            ; 0       ; 0         ; 0    ; 0            ; 0          ; |BP|vga_controller:vga_controller_inst                                                                                                     ; vga_controller      ; work         ;
;       |counter:h_citac|                     ; 45 (45)             ; 33 (33)                   ; 0           ; 0          ; 0            ; 0       ; 0         ; 0    ; 0            ; 0          ; |BP|vga_controller:vga_controller_inst|counter:h_citac                                                                                     ; counter             ; work         ;
;       |counter:v_citac|                     ; 37 (37)             ; 32 (32)                   ; 0           ; 0          ; 0            ; 0       ; 0         ; 0    ; 0            ; 0          ; |BP|vga_controller:vga_controller_inst|counter:v_citac                                                                                     ; counter             ; work         ;
+---------------------------------------------+---------------------+---------------------------+-------------+------------+--------------+---------+-----------+------+--------------+------------+--------------------------------------------------------------------------------------------------------------------------------------------+---------------------+--------------+
Note: For table entries with two numbers listed, the numbers in parentheses indicate the number of resources of the given type used by the specific entity alone. The numbers listed outside of parentheses indicate the total resources of the given type used by the specific entity and all of its sub-entities in the hierarchy.


+----------------------------------------------------------------------------------------------------------------+
; Analysis & Synthesis IP Cores Summary                                                                          ;
+--------+--------------+---------+--------------+--------------+------------------------------+-----------------+
; Vendor ; IP Core Name ; Version ; Release Date ; License Type ; Entity Instance              ; IP Include File ;
+--------+--------------+---------+--------------+--------------+------------------------------+-----------------+
; Altera ; ALTPLL       ; 20.1    ; N/A          ; N/A          ; |BP|pll_25MHz:pll_25MHz_inst ; pll_25MHz.vhd   ;
; Altera ; ALTPLL       ; 20.1    ; N/A          ; N/A          ; |BP|pll_1MHz:pll_inst        ; pll_1MHz.vhd    ;
+--------+--------------+---------+--------------+--------------+------------------------------+-----------------+


Encoding Type:  One-Hot
+-------------------------------------------------------------------------------------------------------------------------------------------------------------------------------------------------------------------------------------------------------+
; State Machine - |BP|ds18b20_controller:ds18b20_inst|current_state                                                                                                                                                                                     ;
+-------------------------------+-----------------------------+-------------------------------+-------------------------+------------------------+-----------------------------+----------------------------+---------------------+---------------------+
; Name                          ; current_state.CONVERT_DELAY ; current_state.READ_SCRATCHPAD ; current_state.CONVERT_T ; current_state.SKIP_ROM ; current_state.READ_TIMESLOT ; current_state.SEND_COMMAND ; current_state.RESET ; current_state.DELAY ;
+-------------------------------+-----------------------------+-------------------------------+-------------------------+------------------------+-----------------------------+----------------------------+---------------------+---------------------+
; current_state.DELAY           ; 0                           ; 0                             ; 0                       ; 0                      ; 0                           ; 0                          ; 0                   ; 0                   ;
; current_state.RESET           ; 0                           ; 0                             ; 0                       ; 0                      ; 0                           ; 0                          ; 1                   ; 1                   ;
; current_state.SEND_COMMAND    ; 0                           ; 0                             ; 0                       ; 0                      ; 0                           ; 1                          ; 0                   ; 1                   ;
; current_state.READ_TIMESLOT   ; 0                           ; 0                             ; 0                       ; 0                      ; 1                           ; 0                          ; 0                   ; 1                   ;
; current_state.SKIP_ROM        ; 0                           ; 0                             ; 0                       ; 1                      ; 0                           ; 0                          ; 0                   ; 1                   ;
; current_state.CONVERT_T       ; 0                           ; 0                             ; 1                       ; 0                      ; 0                           ; 0                          ; 0                   ; 1                   ;
; current_state.READ_SCRATCHPAD ; 0                           ; 1                             ; 0                       ; 0                      ; 0                           ; 0                          ; 0                   ; 1                   ;
; current_state.CONVERT_DELAY   ; 1                           ; 0                             ; 0                       ; 0                      ; 0                           ; 0                          ; 0                   ; 1                   ;
+-------------------------------+-----------------------------+-------------------------------+-------------------------+------------------------+-----------------------------+----------------------------+---------------------+---------------------+


Encoding Type:  One-Hot
+---------------------------------------------------------------------------------------------------------------------------------------------------------------+
; State Machine - |BP|dht11_controller:dht11_inst|current_state                                                                                                 ;
+------------------------------+----------------------+-------------------------+------------------------------+--------------------------+---------------------+
; Name                         ; current_state.FINISH ; current_state.DATA_SEND ; current_state.SLAVE_RESPONSE ; current_state.HOST_START ; current_state.DELAY ;
+------------------------------+----------------------+-------------------------+------------------------------+--------------------------+---------------------+
; current_state.DELAY          ; 0                    ; 0                       ; 0                            ; 0                        ; 0                   ;
; current_state.HOST_START     ; 0                    ; 0                       ; 0                            ; 1                        ; 1                   ;
; current_state.SLAVE_RESPONSE ; 0                    ; 0                       ; 1                            ; 0                        ; 1                   ;
; current_state.DATA_SEND      ; 0                    ; 1                       ; 0                            ; 0                        ; 1                   ;
; current_state.FINISH         ; 1                    ; 0                       ; 0                            ; 0                        ; 1                   ;
+------------------------------+----------------------+-------------------------+------------------------------+--------------------------+---------------------+


+-------------------------------------------------------------------------------------------------------------------------+
; Registers Removed During Synthesis                                                                                      ;
+-----------------------------------------------------+-------------------------------------------------------------------+
; Register name                                       ; Reason for Removal                                                ;
+-----------------------------------------------------+-------------------------------------------------------------------+
; G[3]~reg0                                           ; Stuck at GND due to stuck port data_in                            ;
; G[2]~reg0                                           ; Stuck at GND due to stuck port data_in                            ;
; G[1]~reg0                                           ; Stuck at GND due to stuck port data_in                            ;
; G[0]~reg0                                           ; Stuck at GND due to stuck port data_in                            ;
; ds18b20_controller:ds18b20_inst|data~reg0           ; Stuck at GND due to stuck port data_in                            ;
; dht11_controller:dht11_inst|data~reg0               ; Stuck at GND due to stuck port data_in                            ;
; rom:rom_inst|data_ds[0,7]                           ; Stuck at GND due to stuck port data_in                            ;
; rom:rom_inst|data_dht[0,7]                          ; Stuck at GND due to stuck port data_in                            ;
; ds18b20_controller:ds18b20_inst|command[4,5]        ; Merged with ds18b20_controller:ds18b20_inst|command[1]            ;
; framebuffer_dht[0][7]                               ; Merged with framebuffer_dht[0][0]                                 ;
; framebuffer_ds[0][0]                                ; Merged with framebuffer_dht[0][0]                                 ;
; framebuffer_ds[0][7]                                ; Merged with framebuffer_dht[0][0]                                 ;
; framebuffer_dht[0][8]                               ; Merged with framebuffer_dht[0][15]                                ;
; framebuffer_ds[0][15]                               ; Merged with framebuffer_dht[0][15]                                ;
; framebuffer_ds[0][8]                                ; Merged with framebuffer_dht[0][15]                                ;
; framebuffer_dht[0][23]                              ; Merged with framebuffer_dht[0][16]                                ;
; framebuffer_ds[0][16]                               ; Merged with framebuffer_dht[0][16]                                ;
; framebuffer_ds[0][23]                               ; Merged with framebuffer_dht[0][16]                                ;
; framebuffer_dht[0][31]                              ; Merged with framebuffer_dht[0][24]                                ;
; framebuffer_ds[0][24]                               ; Merged with framebuffer_dht[0][24]                                ;
; framebuffer_ds[0][31]                               ; Merged with framebuffer_dht[0][24]                                ;
; framebuffer_dht[0][39]                              ; Merged with framebuffer_dht[0][32]                                ;
; framebuffer_ds[0][32]                               ; Merged with framebuffer_dht[0][32]                                ;
; framebuffer_ds[0][39]                               ; Merged with framebuffer_dht[0][32]                                ;
; framebuffer_dht[0][47]                              ; Merged with framebuffer_dht[0][40]                                ;
; framebuffer_ds[0][40]                               ; Merged with framebuffer_dht[0][40]                                ;
; framebuffer_ds[0][47]                               ; Merged with framebuffer_dht[0][40]                                ;
; framebuffer_dht[0][55]                              ; Merged with framebuffer_dht[0][48]                                ;
; framebuffer_ds[0][48]                               ; Merged with framebuffer_dht[0][48]                                ;
; framebuffer_ds[0][55]                               ; Merged with framebuffer_dht[0][48]                                ;
; framebuffer_dht[0][63]                              ; Merged with framebuffer_dht[0][56]                                ;
; framebuffer_ds[0][56]                               ; Merged with framebuffer_dht[0][56]                                ;
; framebuffer_ds[0][63]                               ; Merged with framebuffer_dht[0][56]                                ;
; framebuffer_dht[0][71]                              ; Merged with framebuffer_dht[0][64]                                ;
; framebuffer_ds[0][64]                               ; Merged with framebuffer_dht[0][64]                                ;
; framebuffer_ds[0][71]                               ; Merged with framebuffer_dht[0][64]                                ;
; framebuffer_dht[0][79]                              ; Merged with framebuffer_dht[0][72]                                ;
; framebuffer_ds[0][72]                               ; Merged with framebuffer_dht[0][72]                                ;
; framebuffer_ds[0][79]                               ; Merged with framebuffer_dht[0][72]                                ;
; framebuffer_dht[0][87]                              ; Merged with framebuffer_dht[0][80]                                ;
; framebuffer_ds[0][80]                               ; Merged with framebuffer_dht[0][80]                                ;
; framebuffer_ds[0][87]                               ; Merged with framebuffer_dht[0][80]                                ;
; framebuffer_dht[0][95]                              ; Merged with framebuffer_dht[0][88]                                ;
; framebuffer_ds[0][88]                               ; Merged with framebuffer_dht[0][88]                                ;
; framebuffer_ds[0][95]                               ; Merged with framebuffer_dht[0][88]                                ;
; framebuffer_dht[0][96]                              ; Merged with framebuffer_dht[0][103]                               ;
; framebuffer_ds[0][103]                              ; Merged with framebuffer_dht[0][103]                               ;
; framebuffer_ds[0][96]                               ; Merged with framebuffer_dht[0][103]                               ;
; framebuffer_dht[0][111]                             ; Merged with framebuffer_dht[0][104]                               ;
; framebuffer_ds[0][104]                              ; Merged with framebuffer_dht[0][104]                               ;
; framebuffer_ds[0][111]                              ; Merged with framebuffer_dht[0][104]                               ;
; framebuffer_dht[0][119]                             ; Merged with framebuffer_dht[0][112]                               ;
; framebuffer_ds[0][112]                              ; Merged with framebuffer_dht[0][112]                               ;
; framebuffer_ds[0][119]                              ; Merged with framebuffer_dht[0][112]                               ;
; framebuffer_dht[0][127]                             ; Merged with framebuffer_dht[0][120]                               ;
; framebuffer_ds[0][120]                              ; Merged with framebuffer_dht[0][120]                               ;
; framebuffer_ds[0][127]                              ; Merged with framebuffer_dht[0][120]                               ;
; framebuffer_dht[0][135]                             ; Merged with framebuffer_dht[0][128]                               ;
; framebuffer_ds[0][128]                              ; Merged with framebuffer_dht[0][128]                               ;
; framebuffer_ds[0][135]                              ; Merged with framebuffer_dht[0][128]                               ;
; framebuffer_dht[0][143]                             ; Merged with framebuffer_dht[0][136]                               ;
; framebuffer_ds[0][136]                              ; Merged with framebuffer_dht[0][136]                               ;
; framebuffer_ds[0][143]                              ; Merged with framebuffer_dht[0][136]                               ;
; framebuffer_dht[0][151]                             ; Merged with framebuffer_dht[0][144]                               ;
; framebuffer_ds[0][144]                              ; Merged with framebuffer_dht[0][144]                               ;
; framebuffer_ds[0][151]                              ; Merged with framebuffer_dht[0][144]                               ;
; framebuffer_dht[0][159]                             ; Merged with framebuffer_dht[0][152]                               ;
; framebuffer_ds[0][152]                              ; Merged with framebuffer_dht[0][152]                               ;
; framebuffer_ds[0][159]                              ; Merged with framebuffer_dht[0][152]                               ;
; framebuffer_dht[0][167]                             ; Merged with framebuffer_dht[0][160]                               ;
; framebuffer_ds[0][160]                              ; Merged with framebuffer_dht[0][160]                               ;
; framebuffer_ds[0][167]                              ; Merged with framebuffer_dht[0][160]                               ;
; framebuffer_dht[0][175]                             ; Merged with framebuffer_dht[0][168]                               ;
; framebuffer_ds[0][168]                              ; Merged with framebuffer_dht[0][168]                               ;
; framebuffer_ds[0][175]                              ; Merged with framebuffer_dht[0][168]                               ;
; framebuffer_dht[0][183]                             ; Merged with framebuffer_dht[0][176]                               ;
; framebuffer_ds[0][176]                              ; Merged with framebuffer_dht[0][176]                               ;
; framebuffer_ds[0][183]                              ; Merged with framebuffer_dht[0][176]                               ;
; framebuffer_dht[0][191]                             ; Merged with framebuffer_dht[0][184]                               ;
; framebuffer_ds[0][184]                              ; Merged with framebuffer_dht[0][184]                               ;
; framebuffer_ds[0][191]                              ; Merged with framebuffer_dht[0][184]                               ;
; framebuffer_dht[0][199]                             ; Merged with framebuffer_dht[0][192]                               ;
; framebuffer_ds[0][192]                              ; Merged with framebuffer_dht[0][192]                               ;
; framebuffer_ds[0][199]                              ; Merged with framebuffer_dht[0][192]                               ;
; framebuffer_dht[0][207]                             ; Merged with framebuffer_dht[0][200]                               ;
; framebuffer_ds[0][200]                              ; Merged with framebuffer_dht[0][200]                               ;
; framebuffer_ds[0][207]                              ; Merged with framebuffer_dht[0][200]                               ;
; framebuffer_dht[0][215]                             ; Merged with framebuffer_dht[0][208]                               ;
; framebuffer_ds[0][208]                              ; Merged with framebuffer_dht[0][208]                               ;
; framebuffer_ds[0][215]                              ; Merged with framebuffer_dht[0][208]                               ;
; framebuffer_dht[0][223]                             ; Merged with framebuffer_dht[0][216]                               ;
; framebuffer_ds[0][216]                              ; Merged with framebuffer_dht[0][216]                               ;
; framebuffer_ds[0][223]                              ; Merged with framebuffer_dht[0][216]                               ;
; framebuffer_dht[0][231]                             ; Merged with framebuffer_dht[0][224]                               ;
; framebuffer_ds[0][224]                              ; Merged with framebuffer_dht[0][224]                               ;
; framebuffer_ds[0][231]                              ; Merged with framebuffer_dht[0][224]                               ;
; framebuffer_dht[0][239]                             ; Merged with framebuffer_dht[0][232]                               ;
; framebuffer_ds[0][232]                              ; Merged with framebuffer_dht[0][232]                               ;
; framebuffer_ds[0][239]                              ; Merged with framebuffer_dht[0][232]                               ;
; framebuffer_dht[0][247]                             ; Merged with framebuffer_dht[0][240]                               ;
; framebuffer_ds[0][240]                              ; Merged with framebuffer_dht[0][240]                               ;
; framebuffer_ds[0][247]                              ; Merged with framebuffer_dht[0][240]                               ;
; framebuffer_dht[0][255]                             ; Merged with framebuffer_dht[0][248]                               ;
; framebuffer_ds[0][248]                              ; Merged with framebuffer_dht[0][248]                               ;
; framebuffer_ds[0][255]                              ; Merged with framebuffer_dht[0][248]                               ;
; framebuffer_dht[1][7]                               ; Merged with framebuffer_dht[1][0]                                 ;
; framebuffer_ds[1][0]                                ; Merged with framebuffer_dht[1][0]                                 ;
; framebuffer_ds[1][7]                                ; Merged with framebuffer_dht[1][0]                                 ;
; framebuffer_dht[1][8]                               ; Merged with framebuffer_dht[1][15]                                ;
; framebuffer_ds[1][15]                               ; Merged with framebuffer_dht[1][15]                                ;
; framebuffer_ds[1][8]                                ; Merged with framebuffer_dht[1][15]                                ;
; framebuffer_dht[1][23]                              ; Merged with framebuffer_dht[1][16]                                ;
; framebuffer_ds[1][16]                               ; Merged with framebuffer_dht[1][16]                                ;
; framebuffer_ds[1][23]                               ; Merged with framebuffer_dht[1][16]                                ;
; framebuffer_dht[1][31]                              ; Merged with framebuffer_dht[1][24]                                ;
; framebuffer_ds[1][24]                               ; Merged with framebuffer_dht[1][24]                                ;
; framebuffer_ds[1][31]                               ; Merged with framebuffer_dht[1][24]                                ;
; framebuffer_dht[1][39]                              ; Merged with framebuffer_dht[1][32]                                ;
; framebuffer_ds[1][32]                               ; Merged with framebuffer_dht[1][32]                                ;
; framebuffer_ds[1][39]                               ; Merged with framebuffer_dht[1][32]                                ;
; framebuffer_dht[1][47]                              ; Merged with framebuffer_dht[1][40]                                ;
; framebuffer_ds[1][40]                               ; Merged with framebuffer_dht[1][40]                                ;
; framebuffer_ds[1][47]                               ; Merged with framebuffer_dht[1][40]                                ;
; framebuffer_dht[1][55]                              ; Merged with framebuffer_dht[1][48]                                ;
; framebuffer_ds[1][48]                               ; Merged with framebuffer_dht[1][48]                                ;
; framebuffer_ds[1][55]                               ; Merged with framebuffer_dht[1][48]                                ;
; framebuffer_dht[1][63]                              ; Merged with framebuffer_dht[1][56]                                ;
; framebuffer_ds[1][56]                               ; Merged with framebuffer_dht[1][56]                                ;
; framebuffer_ds[1][63]                               ; Merged with framebuffer_dht[1][56]                                ;
; framebuffer_dht[1][71]                              ; Merged with framebuffer_dht[1][64]                                ;
; framebuffer_ds[1][64]                               ; Merged with framebuffer_dht[1][64]                                ;
; framebuffer_ds[1][71]                               ; Merged with framebuffer_dht[1][64]                                ;
; framebuffer_dht[1][79]                              ; Merged with framebuffer_dht[1][72]                                ;
; framebuffer_ds[1][72]                               ; Merged with framebuffer_dht[1][72]                                ;
; framebuffer_ds[1][79]                               ; Merged with framebuffer_dht[1][72]                                ;
; framebuffer_dht[1][87]                              ; Merged with framebuffer_dht[1][80]                                ;
; framebuffer_ds[1][80]                               ; Merged with framebuffer_dht[1][80]                                ;
; framebuffer_ds[1][87]                               ; Merged with framebuffer_dht[1][80]                                ;
; framebuffer_dht[1][95]                              ; Merged with framebuffer_dht[1][88]                                ;
; framebuffer_ds[1][88]                               ; Merged with framebuffer_dht[1][88]                                ;
; framebuffer_ds[1][95]                               ; Merged with framebuffer_dht[1][88]                                ;
; framebuffer_dht[1][96]                              ; Merged with framebuffer_dht[1][103]                               ;
; framebuffer_ds[1][103]                              ; Merged with framebuffer_dht[1][103]                               ;
; framebuffer_ds[1][96]                               ; Merged with framebuffer_dht[1][103]                               ;
; framebuffer_dht[1][111]                             ; Merged with framebuffer_dht[1][104]                               ;
; framebuffer_ds[1][104]                              ; Merged with framebuffer_dht[1][104]                               ;
; framebuffer_ds[1][111]                              ; Merged with framebuffer_dht[1][104]                               ;
; framebuffer_dht[1][119]                             ; Merged with framebuffer_dht[1][112]                               ;
; framebuffer_ds[1][112]                              ; Merged with framebuffer_dht[1][112]                               ;
; framebuffer_ds[1][119]                              ; Merged with framebuffer_dht[1][112]                               ;
; framebuffer_dht[1][127]                             ; Merged with framebuffer_dht[1][120]                               ;
; framebuffer_ds[1][120]                              ; Merged with framebuffer_dht[1][120]                               ;
; framebuffer_ds[1][127]                              ; Merged with framebuffer_dht[1][120]                               ;
; framebuffer_dht[1][135]                             ; Merged with framebuffer_dht[1][128]                               ;
; framebuffer_ds[1][128]                              ; Merged with framebuffer_dht[1][128]                               ;
; framebuffer_ds[1][135]                              ; Merged with framebuffer_dht[1][128]                               ;
; framebuffer_dht[1][143]                             ; Merged with framebuffer_dht[1][136]                               ;
; framebuffer_ds[1][136]                              ; Merged with framebuffer_dht[1][136]                               ;
; framebuffer_ds[1][143]                              ; Merged with framebuffer_dht[1][136]                               ;
; framebuffer_dht[1][151]                             ; Merged with framebuffer_dht[1][144]                               ;
; framebuffer_ds[1][144]                              ; Merged with framebuffer_dht[1][144]                               ;
; framebuffer_ds[1][151]                              ; Merged with framebuffer_dht[1][144]                               ;
; framebuffer_dht[1][159]                             ; Merged with framebuffer_dht[1][152]                               ;
; framebuffer_ds[1][152]                              ; Merged with framebuffer_dht[1][152]                               ;
; framebuffer_ds[1][159]                              ; Merged with framebuffer_dht[1][152]                               ;
; framebuffer_dht[1][167]                             ; Merged with framebuffer_dht[1][160]                               ;
; framebuffer_ds[1][160]                              ; Merged with framebuffer_dht[1][160]                               ;
; framebuffer_ds[1][167]                              ; Merged with framebuffer_dht[1][160]                               ;
; framebuffer_dht[1][175]                             ; Merged with framebuffer_dht[1][168]                               ;
; framebuffer_ds[1][168]                              ; Merged with framebuffer_dht[1][168]                               ;
; framebuffer_ds[1][175]                              ; Merged with framebuffer_dht[1][168]                               ;
; framebuffer_dht[1][183]                             ; Merged with framebuffer_dht[1][176]                               ;
; framebuffer_ds[1][176]                              ; Merged with framebuffer_dht[1][176]                               ;
; framebuffer_ds[1][183]                              ; Merged with framebuffer_dht[1][176]                               ;
; framebuffer_dht[1][191]                             ; Merged with framebuffer_dht[1][184]                               ;
; framebuffer_ds[1][184]                              ; Merged with framebuffer_dht[1][184]                               ;
; framebuffer_ds[1][191]                              ; Merged with framebuffer_dht[1][184]                               ;
; framebuffer_dht[1][199]                             ; Merged with framebuffer_dht[1][192]                               ;
; framebuffer_ds[1][192]                              ; Merged with framebuffer_dht[1][192]                               ;
; framebuffer_ds[1][199]                              ; Merged with framebuffer_dht[1][192]                               ;
; framebuffer_dht[1][207]                             ; Merged with framebuffer_dht[1][200]                               ;
; framebuffer_ds[1][200]                              ; Merged with framebuffer_dht[1][200]                               ;
; framebuffer_ds[1][207]                              ; Merged with framebuffer_dht[1][200]                               ;
; framebuffer_dht[1][215]                             ; Merged with framebuffer_dht[1][208]                               ;
; framebuffer_ds[1][208]                              ; Merged with framebuffer_dht[1][208]                               ;
; framebuffer_ds[1][215]                              ; Merged with framebuffer_dht[1][208]                               ;
; framebuffer_dht[1][223]                             ; Merged with framebuffer_dht[1][216]                               ;
; framebuffer_ds[1][216]                              ; Merged with framebuffer_dht[1][216]                               ;
; framebuffer_ds[1][223]                              ; Merged with framebuffer_dht[1][216]                               ;
; framebuffer_dht[1][231]                             ; Merged with framebuffer_dht[1][224]                               ;
; framebuffer_ds[1][224]                              ; Merged with framebuffer_dht[1][224]                               ;
; framebuffer_ds[1][231]                              ; Merged with framebuffer_dht[1][224]                               ;
; framebuffer_dht[1][239]                             ; Merged with framebuffer_dht[1][232]                               ;
; framebuffer_ds[1][232]                              ; Merged with framebuffer_dht[1][232]                               ;
; framebuffer_ds[1][239]                              ; Merged with framebuffer_dht[1][232]                               ;
; framebuffer_dht[1][247]                             ; Merged with framebuffer_dht[1][240]                               ;
; framebuffer_ds[1][240]                              ; Merged with framebuffer_dht[1][240]                               ;
; framebuffer_ds[1][247]                              ; Merged with framebuffer_dht[1][240]                               ;
; framebuffer_dht[1][255]                             ; Merged with framebuffer_dht[1][248]                               ;
; framebuffer_ds[1][248]                              ; Merged with framebuffer_dht[1][248]                               ;
; framebuffer_ds[1][255]                              ; Merged with framebuffer_dht[1][248]                               ;
; framebuffer_dht[2][7]                               ; Merged with framebuffer_dht[2][0]                                 ;
; framebuffer_ds[2][0]                                ; Merged with framebuffer_dht[2][0]                                 ;
; framebuffer_ds[2][7]                                ; Merged with framebuffer_dht[2][0]                                 ;
; framebuffer_dht[2][8]                               ; Merged with framebuffer_dht[2][15]                                ;
; framebuffer_ds[2][15]                               ; Merged with framebuffer_dht[2][15]                                ;
; framebuffer_ds[2][8]                                ; Merged with framebuffer_dht[2][15]                                ;
; framebuffer_dht[2][23]                              ; Merged with framebuffer_dht[2][16]                                ;
; framebuffer_ds[2][16]                               ; Merged with framebuffer_dht[2][16]                                ;
; framebuffer_ds[2][23]                               ; Merged with framebuffer_dht[2][16]                                ;
; framebuffer_dht[2][31]                              ; Merged with framebuffer_dht[2][24]                                ;
; framebuffer_ds[2][24]                               ; Merged with framebuffer_dht[2][24]                                ;
; framebuffer_ds[2][31]                               ; Merged with framebuffer_dht[2][24]                                ;
; framebuffer_dht[2][39]                              ; Merged with framebuffer_dht[2][32]                                ;
; framebuffer_ds[2][32]                               ; Merged with framebuffer_dht[2][32]                                ;
; framebuffer_ds[2][39]                               ; Merged with framebuffer_dht[2][32]                                ;
; framebuffer_dht[2][47]                              ; Merged with framebuffer_dht[2][40]                                ;
; framebuffer_ds[2][40]                               ; Merged with framebuffer_dht[2][40]                                ;
; framebuffer_ds[2][47]                               ; Merged with framebuffer_dht[2][40]                                ;
; framebuffer_dht[2][55]                              ; Merged with framebuffer_dht[2][48]                                ;
; framebuffer_ds[2][48]                               ; Merged with framebuffer_dht[2][48]                                ;
; framebuffer_ds[2][55]                               ; Merged with framebuffer_dht[2][48]                                ;
; framebuffer_dht[2][63]                              ; Merged with framebuffer_dht[2][56]                                ;
; framebuffer_ds[2][56]                               ; Merged with framebuffer_dht[2][56]                                ;
; framebuffer_ds[2][63]                               ; Merged with framebuffer_dht[2][56]                                ;
; framebuffer_dht[2][71]                              ; Merged with framebuffer_dht[2][64]                                ;
; framebuffer_ds[2][64]                               ; Merged with framebuffer_dht[2][64]                                ;
; framebuffer_ds[2][71]                               ; Merged with framebuffer_dht[2][64]                                ;
; framebuffer_dht[2][79]                              ; Merged with framebuffer_dht[2][72]                                ;
; framebuffer_ds[2][72]                               ; Merged with framebuffer_dht[2][72]                                ;
; framebuffer_ds[2][79]                               ; Merged with framebuffer_dht[2][72]                                ;
; framebuffer_dht[2][87]                              ; Merged with framebuffer_dht[2][80]                                ;
; framebuffer_ds[2][80]                               ; Merged with framebuffer_dht[2][80]                                ;
; framebuffer_ds[2][87]                               ; Merged with framebuffer_dht[2][80]                                ;
; framebuffer_dht[2][95]                              ; Merged with framebuffer_dht[2][88]                                ;
; framebuffer_ds[2][88]                               ; Merged with framebuffer_dht[2][88]                                ;
; framebuffer_ds[2][95]                               ; Merged with framebuffer_dht[2][88]                                ;
; framebuffer_dht[2][96]                              ; Merged with framebuffer_dht[2][103]                               ;
; framebuffer_ds[2][103]                              ; Merged with framebuffer_dht[2][103]                               ;
; framebuffer_ds[2][96]                               ; Merged with framebuffer_dht[2][103]                               ;
; framebuffer_dht[2][111]                             ; Merged with framebuffer_dht[2][104]                               ;
; framebuffer_ds[2][104]                              ; Merged with framebuffer_dht[2][104]                               ;
; framebuffer_ds[2][111]                              ; Merged with framebuffer_dht[2][104]                               ;
; framebuffer_dht[2][119]                             ; Merged with framebuffer_dht[2][112]                               ;
; framebuffer_ds[2][112]                              ; Merged with framebuffer_dht[2][112]                               ;
; framebuffer_ds[2][119]                              ; Merged with framebuffer_dht[2][112]                               ;
; framebuffer_dht[2][127]                             ; Merged with framebuffer_dht[2][120]                               ;
; framebuffer_ds[2][120]                              ; Merged with framebuffer_dht[2][120]                               ;
; framebuffer_ds[2][127]                              ; Merged with framebuffer_dht[2][120]                               ;
; framebuffer_dht[2][135]                             ; Merged with framebuffer_dht[2][128]                               ;
; framebuffer_ds[2][128]                              ; Merged with framebuffer_dht[2][128]                               ;
; framebuffer_ds[2][135]                              ; Merged with framebuffer_dht[2][128]                               ;
; framebuffer_dht[2][143]                             ; Merged with framebuffer_dht[2][136]                               ;
; framebuffer_ds[2][136]                              ; Merged with framebuffer_dht[2][136]                               ;
; framebuffer_ds[2][143]                              ; Merged with framebuffer_dht[2][136]                               ;
; framebuffer_dht[2][151]                             ; Merged with framebuffer_dht[2][144]                               ;
; framebuffer_ds[2][144]                              ; Merged with framebuffer_dht[2][144]                               ;
; framebuffer_ds[2][151]                              ; Merged with framebuffer_dht[2][144]                               ;
; framebuffer_dht[2][159]                             ; Merged with framebuffer_dht[2][152]                               ;
; framebuffer_ds[2][152]                              ; Merged with framebuffer_dht[2][152]                               ;
; framebuffer_ds[2][159]                              ; Merged with framebuffer_dht[2][152]                               ;
; framebuffer_dht[2][167]                             ; Merged with framebuffer_dht[2][160]                               ;
; framebuffer_ds[2][160]                              ; Merged with framebuffer_dht[2][160]                               ;
; framebuffer_ds[2][167]                              ; Merged with framebuffer_dht[2][160]                               ;
; framebuffer_dht[2][175]                             ; Merged with framebuffer_dht[2][168]                               ;
; framebuffer_ds[2][168]                              ; Merged with framebuffer_dht[2][168]                               ;
; framebuffer_ds[2][175]                              ; Merged with framebuffer_dht[2][168]                               ;
; framebuffer_dht[2][183]                             ; Merged with framebuffer_dht[2][176]                               ;
; framebuffer_ds[2][176]                              ; Merged with framebuffer_dht[2][176]                               ;
; framebuffer_ds[2][183]                              ; Merged with framebuffer_dht[2][176]                               ;
; framebuffer_dht[2][191]                             ; Merged with framebuffer_dht[2][184]                               ;
; framebuffer_ds[2][184]                              ; Merged with framebuffer_dht[2][184]                               ;
; framebuffer_ds[2][191]                              ; Merged with framebuffer_dht[2][184]                               ;
; framebuffer_dht[2][199]                             ; Merged with framebuffer_dht[2][192]                               ;
; framebuffer_ds[2][192]                              ; Merged with framebuffer_dht[2][192]                               ;
; framebuffer_ds[2][199]                              ; Merged with framebuffer_dht[2][192]                               ;
; framebuffer_dht[2][207]                             ; Merged with framebuffer_dht[2][200]                               ;
; framebuffer_ds[2][200]                              ; Merged with framebuffer_dht[2][200]                               ;
; framebuffer_ds[2][207]                              ; Merged with framebuffer_dht[2][200]                               ;
; framebuffer_dht[2][215]                             ; Merged with framebuffer_dht[2][208]                               ;
; framebuffer_ds[2][208]                              ; Merged with framebuffer_dht[2][208]                               ;
; framebuffer_ds[2][215]                              ; Merged with framebuffer_dht[2][208]                               ;
; framebuffer_dht[2][223]                             ; Merged with framebuffer_dht[2][216]                               ;
; framebuffer_ds[2][216]                              ; Merged with framebuffer_dht[2][216]                               ;
; framebuffer_ds[2][223]                              ; Merged with framebuffer_dht[2][216]                               ;
; framebuffer_dht[2][231]                             ; Merged with framebuffer_dht[2][224]                               ;
; framebuffer_ds[2][224]                              ; Merged with framebuffer_dht[2][224]                               ;
; framebuffer_ds[2][231]                              ; Merged with framebuffer_dht[2][224]                               ;
; framebuffer_dht[2][239]                             ; Merged with framebuffer_dht[2][232]                               ;
; framebuffer_ds[2][232]                              ; Merged with framebuffer_dht[2][232]                               ;
; framebuffer_ds[2][239]                              ; Merged with framebuffer_dht[2][232]                               ;
; framebuffer_dht[2][247]                             ; Merged with framebuffer_dht[2][240]                               ;
; framebuffer_ds[2][240]                              ; Merged with framebuffer_dht[2][240]                               ;
; framebuffer_ds[2][247]                              ; Merged with framebuffer_dht[2][240]                               ;
; framebuffer_dht[2][255]                             ; Merged with framebuffer_dht[2][248]                               ;
; framebuffer_ds[2][248]                              ; Merged with framebuffer_dht[2][248]                               ;
; framebuffer_ds[2][255]                              ; Merged with framebuffer_dht[2][248]                               ;
; framebuffer_dht[3][7]                               ; Merged with framebuffer_dht[3][0]                                 ;
; framebuffer_ds[3][0]                                ; Merged with framebuffer_dht[3][0]                                 ;
; framebuffer_ds[3][7]                                ; Merged with framebuffer_dht[3][0]                                 ;
; framebuffer_dht[3][8]                               ; Merged with framebuffer_dht[3][15]                                ;
; framebuffer_ds[3][15]                               ; Merged with framebuffer_dht[3][15]                                ;
; framebuffer_ds[3][8]                                ; Merged with framebuffer_dht[3][15]                                ;
; framebuffer_dht[3][23]                              ; Merged with framebuffer_dht[3][16]                                ;
; framebuffer_ds[3][16]                               ; Merged with framebuffer_dht[3][16]                                ;
; framebuffer_ds[3][23]                               ; Merged with framebuffer_dht[3][16]                                ;
; framebuffer_dht[3][31]                              ; Merged with framebuffer_dht[3][24]                                ;
; framebuffer_ds[3][24]                               ; Merged with framebuffer_dht[3][24]                                ;
; framebuffer_ds[3][31]                               ; Merged with framebuffer_dht[3][24]                                ;
; framebuffer_dht[3][39]                              ; Merged with framebuffer_dht[3][32]                                ;
; framebuffer_ds[3][32]                               ; Merged with framebuffer_dht[3][32]                                ;
; framebuffer_ds[3][39]                               ; Merged with framebuffer_dht[3][32]                                ;
; framebuffer_dht[3][47]                              ; Merged with framebuffer_dht[3][40]                                ;
; framebuffer_ds[3][40]                               ; Merged with framebuffer_dht[3][40]                                ;
; framebuffer_ds[3][47]                               ; Merged with framebuffer_dht[3][40]                                ;
; framebuffer_dht[3][55]                              ; Merged with framebuffer_dht[3][48]                                ;
; framebuffer_ds[3][48]                               ; Merged with framebuffer_dht[3][48]                                ;
; framebuffer_ds[3][55]                               ; Merged with framebuffer_dht[3][48]                                ;
; framebuffer_dht[3][63]                              ; Merged with framebuffer_dht[3][56]                                ;
; framebuffer_ds[3][56]                               ; Merged with framebuffer_dht[3][56]                                ;
; framebuffer_ds[3][63]                               ; Merged with framebuffer_dht[3][56]                                ;
; framebuffer_dht[3][71]                              ; Merged with framebuffer_dht[3][64]                                ;
; framebuffer_ds[3][64]                               ; Merged with framebuffer_dht[3][64]                                ;
; framebuffer_ds[3][71]                               ; Merged with framebuffer_dht[3][64]                                ;
; framebuffer_dht[3][79]                              ; Merged with framebuffer_dht[3][72]                                ;
; framebuffer_ds[3][72]                               ; Merged with framebuffer_dht[3][72]                                ;
; framebuffer_ds[3][79]                               ; Merged with framebuffer_dht[3][72]                                ;
; framebuffer_dht[3][87]                              ; Merged with framebuffer_dht[3][80]                                ;
; framebuffer_ds[3][80]                               ; Merged with framebuffer_dht[3][80]                                ;
; framebuffer_ds[3][87]                               ; Merged with framebuffer_dht[3][80]                                ;
; framebuffer_dht[3][95]                              ; Merged with framebuffer_dht[3][88]                                ;
; framebuffer_ds[3][88]                               ; Merged with framebuffer_dht[3][88]                                ;
; framebuffer_ds[3][95]                               ; Merged with framebuffer_dht[3][88]                                ;
; framebuffer_dht[3][96]                              ; Merged with framebuffer_dht[3][103]                               ;
; framebuffer_ds[3][103]                              ; Merged with framebuffer_dht[3][103]                               ;
; framebuffer_ds[3][96]                               ; Merged with framebuffer_dht[3][103]                               ;
; framebuffer_dht[3][111]                             ; Merged with framebuffer_dht[3][104]                               ;
; framebuffer_ds[3][104]                              ; Merged with framebuffer_dht[3][104]                               ;
; framebuffer_ds[3][111]                              ; Merged with framebuffer_dht[3][104]                               ;
; framebuffer_dht[3][119]                             ; Merged with framebuffer_dht[3][112]                               ;
; framebuffer_ds[3][112]                              ; Merged with framebuffer_dht[3][112]                               ;
; framebuffer_ds[3][119]                              ; Merged with framebuffer_dht[3][112]                               ;
; framebuffer_dht[3][127]                             ; Merged with framebuffer_dht[3][120]                               ;
; framebuffer_ds[3][120]                              ; Merged with framebuffer_dht[3][120]                               ;
; framebuffer_ds[3][127]                              ; Merged with framebuffer_dht[3][120]                               ;
; framebuffer_dht[3][135]                             ; Merged with framebuffer_dht[3][128]                               ;
; framebuffer_ds[3][128]                              ; Merged with framebuffer_dht[3][128]                               ;
; framebuffer_ds[3][135]                              ; Merged with framebuffer_dht[3][128]                               ;
; framebuffer_dht[3][143]                             ; Merged with framebuffer_dht[3][136]                               ;
; framebuffer_ds[3][136]                              ; Merged with framebuffer_dht[3][136]                               ;
; framebuffer_ds[3][143]                              ; Merged with framebuffer_dht[3][136]                               ;
; framebuffer_dht[3][151]                             ; Merged with framebuffer_dht[3][144]                               ;
; framebuffer_ds[3][144]                              ; Merged with framebuffer_dht[3][144]                               ;
; framebuffer_ds[3][151]                              ; Merged with framebuffer_dht[3][144]                               ;
; framebuffer_dht[3][159]                             ; Merged with framebuffer_dht[3][152]                               ;
; framebuffer_ds[3][152]                              ; Merged with framebuffer_dht[3][152]                               ;
; framebuffer_ds[3][159]                              ; Merged with framebuffer_dht[3][152]                               ;
; framebuffer_dht[3][167]                             ; Merged with framebuffer_dht[3][160]                               ;
; framebuffer_ds[3][160]                              ; Merged with framebuffer_dht[3][160]                               ;
; framebuffer_ds[3][167]                              ; Merged with framebuffer_dht[3][160]                               ;
; framebuffer_dht[3][175]                             ; Merged with framebuffer_dht[3][168]                               ;
; framebuffer_ds[3][168]                              ; Merged with framebuffer_dht[3][168]                               ;
; framebuffer_ds[3][175]                              ; Merged with framebuffer_dht[3][168]                               ;
; framebuffer_dht[3][183]                             ; Merged with framebuffer_dht[3][176]                               ;
; framebuffer_ds[3][176]                              ; Merged with framebuffer_dht[3][176]                               ;
; framebuffer_ds[3][183]                              ; Merged with framebuffer_dht[3][176]                               ;
; framebuffer_dht[3][191]                             ; Merged with framebuffer_dht[3][184]                               ;
; framebuffer_ds[3][184]                              ; Merged with framebuffer_dht[3][184]                               ;
; framebuffer_ds[3][191]                              ; Merged with framebuffer_dht[3][184]                               ;
; framebuffer_dht[3][199]                             ; Merged with framebuffer_dht[3][192]                               ;
; framebuffer_ds[3][192]                              ; Merged with framebuffer_dht[3][192]                               ;
; framebuffer_ds[3][199]                              ; Merged with framebuffer_dht[3][192]                               ;
; framebuffer_dht[3][207]                             ; Merged with framebuffer_dht[3][200]                               ;
; framebuffer_ds[3][200]                              ; Merged with framebuffer_dht[3][200]                               ;
; framebuffer_ds[3][207]                              ; Merged with framebuffer_dht[3][200]                               ;
; framebuffer_dht[3][215]                             ; Merged with framebuffer_dht[3][208]                               ;
; framebuffer_ds[3][208]                              ; Merged with framebuffer_dht[3][208]                               ;
; framebuffer_ds[3][215]                              ; Merged with framebuffer_dht[3][208]                               ;
; framebuffer_dht[3][223]                             ; Merged with framebuffer_dht[3][216]                               ;
; framebuffer_ds[3][216]                              ; Merged with framebuffer_dht[3][216]                               ;
; framebuffer_ds[3][223]                              ; Merged with framebuffer_dht[3][216]                               ;
; framebuffer_dht[3][231]                             ; Merged with framebuffer_dht[3][224]                               ;
; framebuffer_ds[3][224]                              ; Merged with framebuffer_dht[3][224]                               ;
; framebuffer_ds[3][231]                              ; Merged with framebuffer_dht[3][224]                               ;
; framebuffer_dht[3][239]                             ; Merged with framebuffer_dht[3][232]                               ;
; framebuffer_ds[3][232]                              ; Merged with framebuffer_dht[3][232]                               ;
; framebuffer_ds[3][239]                              ; Merged with framebuffer_dht[3][232]                               ;
; framebuffer_dht[3][247]                             ; Merged with framebuffer_dht[3][240]                               ;
; framebuffer_ds[3][240]                              ; Merged with framebuffer_dht[3][240]                               ;
; framebuffer_ds[3][247]                              ; Merged with framebuffer_dht[3][240]                               ;
; framebuffer_dht[3][255]                             ; Merged with framebuffer_dht[3][248]                               ;
; framebuffer_ds[3][248]                              ; Merged with framebuffer_dht[3][248]                               ;
; framebuffer_ds[3][255]                              ; Merged with framebuffer_dht[3][248]                               ;
; framebuffer_dht[4][7]                               ; Merged with framebuffer_dht[4][0]                                 ;
; framebuffer_ds[4][0]                                ; Merged with framebuffer_dht[4][0]                                 ;
; framebuffer_ds[4][7]                                ; Merged with framebuffer_dht[4][0]                                 ;
; framebuffer_dht[4][8]                               ; Merged with framebuffer_dht[4][15]                                ;
; framebuffer_ds[4][15]                               ; Merged with framebuffer_dht[4][15]                                ;
; framebuffer_ds[4][8]                                ; Merged with framebuffer_dht[4][15]                                ;
; framebuffer_dht[4][23]                              ; Merged with framebuffer_dht[4][16]                                ;
; framebuffer_ds[4][16]                               ; Merged with framebuffer_dht[4][16]                                ;
; framebuffer_ds[4][23]                               ; Merged with framebuffer_dht[4][16]                                ;
; framebuffer_dht[4][31]                              ; Merged with framebuffer_dht[4][24]                                ;
; framebuffer_ds[4][24]                               ; Merged with framebuffer_dht[4][24]                                ;
; framebuffer_ds[4][31]                               ; Merged with framebuffer_dht[4][24]                                ;
; framebuffer_dht[4][39]                              ; Merged with framebuffer_dht[4][32]                                ;
; framebuffer_ds[4][32]                               ; Merged with framebuffer_dht[4][32]                                ;
; framebuffer_ds[4][39]                               ; Merged with framebuffer_dht[4][32]                                ;
; framebuffer_dht[4][47]                              ; Merged with framebuffer_dht[4][40]                                ;
; framebuffer_ds[4][40]                               ; Merged with framebuffer_dht[4][40]                                ;
; framebuffer_ds[4][47]                               ; Merged with framebuffer_dht[4][40]                                ;
; framebuffer_dht[4][55]                              ; Merged with framebuffer_dht[4][48]                                ;
; framebuffer_ds[4][48]                               ; Merged with framebuffer_dht[4][48]                                ;
; framebuffer_ds[4][55]                               ; Merged with framebuffer_dht[4][48]                                ;
; framebuffer_dht[4][63]                              ; Merged with framebuffer_dht[4][56]                                ;
; framebuffer_ds[4][56]                               ; Merged with framebuffer_dht[4][56]                                ;
; framebuffer_ds[4][63]                               ; Merged with framebuffer_dht[4][56]                                ;
; framebuffer_dht[4][71]                              ; Merged with framebuffer_dht[4][64]                                ;
; framebuffer_ds[4][64]                               ; Merged with framebuffer_dht[4][64]                                ;
; framebuffer_ds[4][71]                               ; Merged with framebuffer_dht[4][64]                                ;
; framebuffer_dht[4][79]                              ; Merged with framebuffer_dht[4][72]                                ;
; framebuffer_ds[4][72]                               ; Merged with framebuffer_dht[4][72]                                ;
; framebuffer_ds[4][79]                               ; Merged with framebuffer_dht[4][72]                                ;
; framebuffer_dht[4][87]                              ; Merged with framebuffer_dht[4][80]                                ;
; framebuffer_ds[4][80]                               ; Merged with framebuffer_dht[4][80]                                ;
; framebuffer_ds[4][87]                               ; Merged with framebuffer_dht[4][80]                                ;
; framebuffer_dht[4][95]                              ; Merged with framebuffer_dht[4][88]                                ;
; framebuffer_ds[4][88]                               ; Merged with framebuffer_dht[4][88]                                ;
; framebuffer_ds[4][95]                               ; Merged with framebuffer_dht[4][88]                                ;
; framebuffer_dht[4][96]                              ; Merged with framebuffer_dht[4][103]                               ;
; framebuffer_ds[4][103]                              ; Merged with framebuffer_dht[4][103]                               ;
; framebuffer_ds[4][96]                               ; Merged with framebuffer_dht[4][103]                               ;
; framebuffer_dht[4][111]                             ; Merged with framebuffer_dht[4][104]                               ;
; framebuffer_ds[4][104]                              ; Merged with framebuffer_dht[4][104]                               ;
; framebuffer_ds[4][111]                              ; Merged with framebuffer_dht[4][104]                               ;
; framebuffer_dht[4][119]                             ; Merged with framebuffer_dht[4][112]                               ;
; framebuffer_ds[4][112]                              ; Merged with framebuffer_dht[4][112]                               ;
; framebuffer_ds[4][119]                              ; Merged with framebuffer_dht[4][112]                               ;
; framebuffer_dht[4][127]                             ; Merged with framebuffer_dht[4][120]                               ;
; framebuffer_ds[4][120]                              ; Merged with framebuffer_dht[4][120]                               ;
; framebuffer_ds[4][127]                              ; Merged with framebuffer_dht[4][120]                               ;
; framebuffer_dht[4][135]                             ; Merged with framebuffer_dht[4][128]                               ;
; framebuffer_ds[4][128]                              ; Merged with framebuffer_dht[4][128]                               ;
; framebuffer_ds[4][135]                              ; Merged with framebuffer_dht[4][128]                               ;
; framebuffer_dht[4][143]                             ; Merged with framebuffer_dht[4][136]                               ;
; framebuffer_ds[4][136]                              ; Merged with framebuffer_dht[4][136]                               ;
; framebuffer_ds[4][143]                              ; Merged with framebuffer_dht[4][136]                               ;
; framebuffer_dht[4][151]                             ; Merged with framebuffer_dht[4][144]                               ;
; framebuffer_ds[4][144]                              ; Merged with framebuffer_dht[4][144]                               ;
; framebuffer_ds[4][151]                              ; Merged with framebuffer_dht[4][144]                               ;
; framebuffer_dht[4][159]                             ; Merged with framebuffer_dht[4][152]                               ;
; framebuffer_ds[4][152]                              ; Merged with framebuffer_dht[4][152]                               ;
; framebuffer_ds[4][159]                              ; Merged with framebuffer_dht[4][152]                               ;
; framebuffer_dht[4][167]                             ; Merged with framebuffer_dht[4][160]                               ;
; framebuffer_ds[4][160]                              ; Merged with framebuffer_dht[4][160]                               ;
; framebuffer_ds[4][167]                              ; Merged with framebuffer_dht[4][160]                               ;
; framebuffer_dht[4][175]                             ; Merged with framebuffer_dht[4][168]                               ;
; framebuffer_ds[4][168]                              ; Merged with framebuffer_dht[4][168]                               ;
; framebuffer_ds[4][175]                              ; Merged with framebuffer_dht[4][168]                               ;
; framebuffer_dht[4][183]                             ; Merged with framebuffer_dht[4][176]                               ;
; framebuffer_ds[4][176]                              ; Merged with framebuffer_dht[4][176]                               ;
; framebuffer_ds[4][183]                              ; Merged with framebuffer_dht[4][176]                               ;
; framebuffer_dht[4][191]                             ; Merged with framebuffer_dht[4][184]                               ;
; framebuffer_ds[4][184]                              ; Merged with framebuffer_dht[4][184]                               ;
; framebuffer_ds[4][191]                              ; Merged with framebuffer_dht[4][184]                               ;
; framebuffer_dht[4][199]                             ; Merged with framebuffer_dht[4][192]                               ;
; framebuffer_ds[4][192]                              ; Merged with framebuffer_dht[4][192]                               ;
; framebuffer_ds[4][199]                              ; Merged with framebuffer_dht[4][192]                               ;
; framebuffer_dht[4][207]                             ; Merged with framebuffer_dht[4][200]                               ;
; framebuffer_ds[4][200]                              ; Merged with framebuffer_dht[4][200]                               ;
; framebuffer_ds[4][207]                              ; Merged with framebuffer_dht[4][200]                               ;
; framebuffer_dht[4][215]                             ; Merged with framebuffer_dht[4][208]                               ;
; framebuffer_ds[4][208]                              ; Merged with framebuffer_dht[4][208]                               ;
; framebuffer_ds[4][215]                              ; Merged with framebuffer_dht[4][208]                               ;
; framebuffer_dht[4][223]                             ; Merged with framebuffer_dht[4][216]                               ;
; framebuffer_ds[4][216]                              ; Merged with framebuffer_dht[4][216]                               ;
; framebuffer_ds[4][223]                              ; Merged with framebuffer_dht[4][216]                               ;
; framebuffer_dht[4][231]                             ; Merged with framebuffer_dht[4][224]                               ;
; framebuffer_ds[4][224]                              ; Merged with framebuffer_dht[4][224]                               ;
; framebuffer_ds[4][231]                              ; Merged with framebuffer_dht[4][224]                               ;
; framebuffer_dht[4][239]                             ; Merged with framebuffer_dht[4][232]                               ;
; framebuffer_ds[4][232]                              ; Merged with framebuffer_dht[4][232]                               ;
; framebuffer_ds[4][239]                              ; Merged with framebuffer_dht[4][232]                               ;
; framebuffer_dht[4][247]                             ; Merged with framebuffer_dht[4][240]                               ;
; framebuffer_ds[4][240]                              ; Merged with framebuffer_dht[4][240]                               ;
; framebuffer_ds[4][247]                              ; Merged with framebuffer_dht[4][240]                               ;
; framebuffer_dht[4][255]                             ; Merged with framebuffer_dht[4][248]                               ;
; framebuffer_ds[4][248]                              ; Merged with framebuffer_dht[4][248]                               ;
; framebuffer_ds[4][255]                              ; Merged with framebuffer_dht[4][248]                               ;
; framebuffer_dht[5][7]                               ; Merged with framebuffer_dht[5][0]                                 ;
; framebuffer_ds[5][0]                                ; Merged with framebuffer_dht[5][0]                                 ;
; framebuffer_ds[5][7]                                ; Merged with framebuffer_dht[5][0]                                 ;
; framebuffer_dht[5][8]                               ; Merged with framebuffer_dht[5][15]                                ;
; framebuffer_ds[5][15]                               ; Merged with framebuffer_dht[5][15]                                ;
; framebuffer_ds[5][8]                                ; Merged with framebuffer_dht[5][15]                                ;
; framebuffer_dht[5][23]                              ; Merged with framebuffer_dht[5][16]                                ;
; framebuffer_ds[5][16]                               ; Merged with framebuffer_dht[5][16]                                ;
; framebuffer_ds[5][23]                               ; Merged with framebuffer_dht[5][16]                                ;
; framebuffer_dht[5][31]                              ; Merged with framebuffer_dht[5][24]                                ;
; framebuffer_ds[5][24]                               ; Merged with framebuffer_dht[5][24]                                ;
; framebuffer_ds[5][31]                               ; Merged with framebuffer_dht[5][24]                                ;
; framebuffer_dht[5][39]                              ; Merged with framebuffer_dht[5][32]                                ;
; framebuffer_ds[5][32]                               ; Merged with framebuffer_dht[5][32]                                ;
; framebuffer_ds[5][39]                               ; Merged with framebuffer_dht[5][32]                                ;
; framebuffer_dht[5][47]                              ; Merged with framebuffer_dht[5][40]                                ;
; framebuffer_ds[5][40]                               ; Merged with framebuffer_dht[5][40]                                ;
; framebuffer_ds[5][47]                               ; Merged with framebuffer_dht[5][40]                                ;
; framebuffer_dht[5][55]                              ; Merged with framebuffer_dht[5][48]                                ;
; framebuffer_ds[5][48]                               ; Merged with framebuffer_dht[5][48]                                ;
; framebuffer_ds[5][55]                               ; Merged with framebuffer_dht[5][48]                                ;
; framebuffer_dht[5][63]                              ; Merged with framebuffer_dht[5][56]                                ;
; framebuffer_ds[5][56]                               ; Merged with framebuffer_dht[5][56]                                ;
; framebuffer_ds[5][63]                               ; Merged with framebuffer_dht[5][56]                                ;
; framebuffer_dht[5][71]                              ; Merged with framebuffer_dht[5][64]                                ;
; framebuffer_ds[5][64]                               ; Merged with framebuffer_dht[5][64]                                ;
; framebuffer_ds[5][71]                               ; Merged with framebuffer_dht[5][64]                                ;
; framebuffer_dht[5][79]                              ; Merged with framebuffer_dht[5][72]                                ;
; framebuffer_ds[5][72]                               ; Merged with framebuffer_dht[5][72]                                ;
; framebuffer_ds[5][79]                               ; Merged with framebuffer_dht[5][72]                                ;
; framebuffer_dht[5][87]                              ; Merged with framebuffer_dht[5][80]                                ;
; framebuffer_ds[5][80]                               ; Merged with framebuffer_dht[5][80]                                ;
; framebuffer_ds[5][87]                               ; Merged with framebuffer_dht[5][80]                                ;
; framebuffer_dht[5][95]                              ; Merged with framebuffer_dht[5][88]                                ;
; framebuffer_ds[5][88]                               ; Merged with framebuffer_dht[5][88]                                ;
; framebuffer_ds[5][95]                               ; Merged with framebuffer_dht[5][88]                                ;
; framebuffer_dht[5][96]                              ; Merged with framebuffer_dht[5][103]                               ;
; framebuffer_ds[5][103]                              ; Merged with framebuffer_dht[5][103]                               ;
; framebuffer_ds[5][96]                               ; Merged with framebuffer_dht[5][103]                               ;
; framebuffer_dht[5][111]                             ; Merged with framebuffer_dht[5][104]                               ;
; framebuffer_ds[5][104]                              ; Merged with framebuffer_dht[5][104]                               ;
; framebuffer_ds[5][111]                              ; Merged with framebuffer_dht[5][104]                               ;
; framebuffer_dht[5][119]                             ; Merged with framebuffer_dht[5][112]                               ;
; framebuffer_ds[5][112]                              ; Merged with framebuffer_dht[5][112]                               ;
; framebuffer_ds[5][119]                              ; Merged with framebuffer_dht[5][112]                               ;
; framebuffer_dht[5][127]                             ; Merged with framebuffer_dht[5][120]                               ;
; framebuffer_ds[5][120]                              ; Merged with framebuffer_dht[5][120]                               ;
; framebuffer_ds[5][127]                              ; Merged with framebuffer_dht[5][120]                               ;
; framebuffer_dht[5][135]                             ; Merged with framebuffer_dht[5][128]                               ;
; framebuffer_ds[5][128]                              ; Merged with framebuffer_dht[5][128]                               ;
; framebuffer_ds[5][135]                              ; Merged with framebuffer_dht[5][128]                               ;
; framebuffer_dht[5][143]                             ; Merged with framebuffer_dht[5][136]                               ;
; framebuffer_ds[5][136]                              ; Merged with framebuffer_dht[5][136]                               ;
; framebuffer_ds[5][143]                              ; Merged with framebuffer_dht[5][136]                               ;
; framebuffer_dht[5][151]                             ; Merged with framebuffer_dht[5][144]                               ;
; framebuffer_ds[5][144]                              ; Merged with framebuffer_dht[5][144]                               ;
; framebuffer_ds[5][151]                              ; Merged with framebuffer_dht[5][144]                               ;
; framebuffer_dht[5][159]                             ; Merged with framebuffer_dht[5][152]                               ;
; framebuffer_ds[5][152]                              ; Merged with framebuffer_dht[5][152]                               ;
; framebuffer_ds[5][159]                              ; Merged with framebuffer_dht[5][152]                               ;
; framebuffer_dht[5][167]                             ; Merged with framebuffer_dht[5][160]                               ;
; framebuffer_ds[5][160]                              ; Merged with framebuffer_dht[5][160]                               ;
; framebuffer_ds[5][167]                              ; Merged with framebuffer_dht[5][160]                               ;
; framebuffer_dht[5][175]                             ; Merged with framebuffer_dht[5][168]                               ;
; framebuffer_ds[5][168]                              ; Merged with framebuffer_dht[5][168]                               ;
; framebuffer_ds[5][175]                              ; Merged with framebuffer_dht[5][168]                               ;
; framebuffer_dht[5][183]                             ; Merged with framebuffer_dht[5][176]                               ;
; framebuffer_ds[5][176]                              ; Merged with framebuffer_dht[5][176]                               ;
; framebuffer_ds[5][183]                              ; Merged with framebuffer_dht[5][176]                               ;
; framebuffer_dht[5][191]                             ; Merged with framebuffer_dht[5][184]                               ;
; framebuffer_ds[5][184]                              ; Merged with framebuffer_dht[5][184]                               ;
; framebuffer_ds[5][191]                              ; Merged with framebuffer_dht[5][184]                               ;
; framebuffer_dht[5][199]                             ; Merged with framebuffer_dht[5][192]                               ;
; framebuffer_ds[5][192]                              ; Merged with framebuffer_dht[5][192]                               ;
; framebuffer_ds[5][199]                              ; Merged with framebuffer_dht[5][192]                               ;
; framebuffer_dht[5][207]                             ; Merged with framebuffer_dht[5][200]                               ;
; framebuffer_ds[5][200]                              ; Merged with framebuffer_dht[5][200]                               ;
; framebuffer_ds[5][207]                              ; Merged with framebuffer_dht[5][200]                               ;
; framebuffer_dht[5][215]                             ; Merged with framebuffer_dht[5][208]                               ;
; framebuffer_ds[5][208]                              ; Merged with framebuffer_dht[5][208]                               ;
; framebuffer_ds[5][215]                              ; Merged with framebuffer_dht[5][208]                               ;
; framebuffer_dht[5][223]                             ; Merged with framebuffer_dht[5][216]                               ;
; framebuffer_ds[5][216]                              ; Merged with framebuffer_dht[5][216]                               ;
; framebuffer_ds[5][223]                              ; Merged with framebuffer_dht[5][216]                               ;
; framebuffer_dht[5][231]                             ; Merged with framebuffer_dht[5][224]                               ;
; framebuffer_ds[5][224]                              ; Merged with framebuffer_dht[5][224]                               ;
; framebuffer_ds[5][231]                              ; Merged with framebuffer_dht[5][224]                               ;
; framebuffer_dht[5][239]                             ; Merged with framebuffer_dht[5][232]                               ;
; framebuffer_ds[5][232]                              ; Merged with framebuffer_dht[5][232]                               ;
; framebuffer_ds[5][239]                              ; Merged with framebuffer_dht[5][232]                               ;
; framebuffer_dht[5][247]                             ; Merged with framebuffer_dht[5][240]                               ;
; framebuffer_ds[5][240]                              ; Merged with framebuffer_dht[5][240]                               ;
; framebuffer_ds[5][247]                              ; Merged with framebuffer_dht[5][240]                               ;
; framebuffer_dht[5][255]                             ; Merged with framebuffer_dht[5][248]                               ;
; framebuffer_ds[5][248]                              ; Merged with framebuffer_dht[5][248]                               ;
; framebuffer_ds[5][255]                              ; Merged with framebuffer_dht[5][248]                               ;
; framebuffer_dht[6][7]                               ; Merged with framebuffer_dht[6][0]                                 ;
; framebuffer_ds[6][0]                                ; Merged with framebuffer_dht[6][0]                                 ;
; framebuffer_ds[6][7]                                ; Merged with framebuffer_dht[6][0]                                 ;
; framebuffer_dht[6][8]                               ; Merged with framebuffer_dht[6][15]                                ;
; framebuffer_ds[6][15]                               ; Merged with framebuffer_dht[6][15]                                ;
; framebuffer_ds[6][8]                                ; Merged with framebuffer_dht[6][15]                                ;
; framebuffer_dht[6][23]                              ; Merged with framebuffer_dht[6][16]                                ;
; framebuffer_ds[6][16]                               ; Merged with framebuffer_dht[6][16]                                ;
; framebuffer_ds[6][23]                               ; Merged with framebuffer_dht[6][16]                                ;
; framebuffer_dht[6][31]                              ; Merged with framebuffer_dht[6][24]                                ;
; framebuffer_ds[6][24]                               ; Merged with framebuffer_dht[6][24]                                ;
; framebuffer_ds[6][31]                               ; Merged with framebuffer_dht[6][24]                                ;
; framebuffer_dht[6][39]                              ; Merged with framebuffer_dht[6][32]                                ;
; framebuffer_ds[6][32]                               ; Merged with framebuffer_dht[6][32]                                ;
; framebuffer_ds[6][39]                               ; Merged with framebuffer_dht[6][32]                                ;
; framebuffer_dht[6][47]                              ; Merged with framebuffer_dht[6][40]                                ;
; framebuffer_ds[6][40]                               ; Merged with framebuffer_dht[6][40]                                ;
; framebuffer_ds[6][47]                               ; Merged with framebuffer_dht[6][40]                                ;
; framebuffer_dht[6][55]                              ; Merged with framebuffer_dht[6][48]                                ;
; framebuffer_ds[6][48]                               ; Merged with framebuffer_dht[6][48]                                ;
; framebuffer_ds[6][55]                               ; Merged with framebuffer_dht[6][48]                                ;
; framebuffer_dht[6][63]                              ; Merged with framebuffer_dht[6][56]                                ;
; framebuffer_ds[6][56]                               ; Merged with framebuffer_dht[6][56]                                ;
; framebuffer_ds[6][63]                               ; Merged with framebuffer_dht[6][56]                                ;
; framebuffer_dht[6][71]                              ; Merged with framebuffer_dht[6][64]                                ;
; framebuffer_ds[6][64]                               ; Merged with framebuffer_dht[6][64]                                ;
; framebuffer_ds[6][71]                               ; Merged with framebuffer_dht[6][64]                                ;
; framebuffer_dht[6][79]                              ; Merged with framebuffer_dht[6][72]                                ;
; framebuffer_ds[6][72]                               ; Merged with framebuffer_dht[6][72]                                ;
; framebuffer_ds[6][79]                               ; Merged with framebuffer_dht[6][72]                                ;
; framebuffer_dht[6][87]                              ; Merged with framebuffer_dht[6][80]                                ;
; framebuffer_ds[6][80]                               ; Merged with framebuffer_dht[6][80]                                ;
; framebuffer_ds[6][87]                               ; Merged with framebuffer_dht[6][80]                                ;
; framebuffer_dht[6][95]                              ; Merged with framebuffer_dht[6][88]                                ;
; framebuffer_ds[6][88]                               ; Merged with framebuffer_dht[6][88]                                ;
; framebuffer_ds[6][95]                               ; Merged with framebuffer_dht[6][88]                                ;
; framebuffer_dht[6][96]                              ; Merged with framebuffer_dht[6][103]                               ;
; framebuffer_ds[6][103]                              ; Merged with framebuffer_dht[6][103]                               ;
; framebuffer_ds[6][96]                               ; Merged with framebuffer_dht[6][103]                               ;
; framebuffer_dht[6][111]                             ; Merged with framebuffer_dht[6][104]                               ;
; framebuffer_ds[6][104]                              ; Merged with framebuffer_dht[6][104]                               ;
; framebuffer_ds[6][111]                              ; Merged with framebuffer_dht[6][104]                               ;
; framebuffer_dht[6][119]                             ; Merged with framebuffer_dht[6][112]                               ;
; framebuffer_ds[6][112]                              ; Merged with framebuffer_dht[6][112]                               ;
; framebuffer_ds[6][119]                              ; Merged with framebuffer_dht[6][112]                               ;
; framebuffer_dht[6][127]                             ; Merged with framebuffer_dht[6][120]                               ;
; framebuffer_ds[6][120]                              ; Merged with framebuffer_dht[6][120]                               ;
; framebuffer_ds[6][127]                              ; Merged with framebuffer_dht[6][120]                               ;
; framebuffer_dht[6][135]                             ; Merged with framebuffer_dht[6][128]                               ;
; framebuffer_ds[6][128]                              ; Merged with framebuffer_dht[6][128]                               ;
; framebuffer_ds[6][135]                              ; Merged with framebuffer_dht[6][128]                               ;
; framebuffer_dht[6][143]                             ; Merged with framebuffer_dht[6][136]                               ;
; framebuffer_ds[6][136]                              ; Merged with framebuffer_dht[6][136]                               ;
; framebuffer_ds[6][143]                              ; Merged with framebuffer_dht[6][136]                               ;
; framebuffer_dht[6][151]                             ; Merged with framebuffer_dht[6][144]                               ;
; framebuffer_ds[6][144]                              ; Merged with framebuffer_dht[6][144]                               ;
; framebuffer_ds[6][151]                              ; Merged with framebuffer_dht[6][144]                               ;
; framebuffer_dht[6][159]                             ; Merged with framebuffer_dht[6][152]                               ;
; framebuffer_ds[6][152]                              ; Merged with framebuffer_dht[6][152]                               ;
; framebuffer_ds[6][159]                              ; Merged with framebuffer_dht[6][152]                               ;
; framebuffer_dht[6][167]                             ; Merged with framebuffer_dht[6][160]                               ;
; framebuffer_ds[6][160]                              ; Merged with framebuffer_dht[6][160]                               ;
; framebuffer_ds[6][167]                              ; Merged with framebuffer_dht[6][160]                               ;
; framebuffer_dht[6][175]                             ; Merged with framebuffer_dht[6][168]                               ;
; framebuffer_ds[6][168]                              ; Merged with framebuffer_dht[6][168]                               ;
; framebuffer_ds[6][175]                              ; Merged with framebuffer_dht[6][168]                               ;
; framebuffer_dht[6][183]                             ; Merged with framebuffer_dht[6][176]                               ;
; framebuffer_ds[6][176]                              ; Merged with framebuffer_dht[6][176]                               ;
; framebuffer_ds[6][183]                              ; Merged with framebuffer_dht[6][176]                               ;
; framebuffer_dht[6][191]                             ; Merged with framebuffer_dht[6][184]                               ;
; framebuffer_ds[6][184]                              ; Merged with framebuffer_dht[6][184]                               ;
; framebuffer_ds[6][191]                              ; Merged with framebuffer_dht[6][184]                               ;
; framebuffer_dht[6][199]                             ; Merged with framebuffer_dht[6][192]                               ;
; framebuffer_ds[6][192]                              ; Merged with framebuffer_dht[6][192]                               ;
; framebuffer_ds[6][199]                              ; Merged with framebuffer_dht[6][192]                               ;
; framebuffer_dht[6][207]                             ; Merged with framebuffer_dht[6][200]                               ;
; framebuffer_ds[6][200]                              ; Merged with framebuffer_dht[6][200]                               ;
; framebuffer_ds[6][207]                              ; Merged with framebuffer_dht[6][200]                               ;
; framebuffer_dht[6][215]                             ; Merged with framebuffer_dht[6][208]                               ;
; framebuffer_ds[6][208]                              ; Merged with framebuffer_dht[6][208]                               ;
; framebuffer_ds[6][215]                              ; Merged with framebuffer_dht[6][208]                               ;
; framebuffer_dht[6][223]                             ; Merged with framebuffer_dht[6][216]                               ;
; framebuffer_ds[6][216]                              ; Merged with framebuffer_dht[6][216]                               ;
; framebuffer_ds[6][223]                              ; Merged with framebuffer_dht[6][216]                               ;
; framebuffer_dht[6][231]                             ; Merged with framebuffer_dht[6][224]                               ;
; framebuffer_ds[6][224]                              ; Merged with framebuffer_dht[6][224]                               ;
; framebuffer_ds[6][231]                              ; Merged with framebuffer_dht[6][224]                               ;
; framebuffer_dht[6][239]                             ; Merged with framebuffer_dht[6][232]                               ;
; framebuffer_ds[6][232]                              ; Merged with framebuffer_dht[6][232]                               ;
; framebuffer_ds[6][239]                              ; Merged with framebuffer_dht[6][232]                               ;
; framebuffer_dht[6][247]                             ; Merged with framebuffer_dht[6][240]                               ;
; framebuffer_ds[6][240]                              ; Merged with framebuffer_dht[6][240]                               ;
; framebuffer_ds[6][247]                              ; Merged with framebuffer_dht[6][240]                               ;
; framebuffer_dht[6][255]                             ; Merged with framebuffer_dht[6][248]                               ;
; framebuffer_ds[6][248]                              ; Merged with framebuffer_dht[6][248]                               ;
; framebuffer_ds[6][255]                              ; Merged with framebuffer_dht[6][248]                               ;
; framebuffer_dht[7][7]                               ; Merged with framebuffer_dht[7][0]                                 ;
; framebuffer_ds[7][0]                                ; Merged with framebuffer_dht[7][0]                                 ;
; framebuffer_ds[7][7]                                ; Merged with framebuffer_dht[7][0]                                 ;
; framebuffer_dht[7][8]                               ; Merged with framebuffer_dht[7][15]                                ;
; framebuffer_ds[7][15]                               ; Merged with framebuffer_dht[7][15]                                ;
; framebuffer_ds[7][8]                                ; Merged with framebuffer_dht[7][15]                                ;
; framebuffer_dht[7][23]                              ; Merged with framebuffer_dht[7][16]                                ;
; framebuffer_ds[7][16]                               ; Merged with framebuffer_dht[7][16]                                ;
; framebuffer_ds[7][23]                               ; Merged with framebuffer_dht[7][16]                                ;
; framebuffer_dht[7][31]                              ; Merged with framebuffer_dht[7][24]                                ;
; framebuffer_ds[7][24]                               ; Merged with framebuffer_dht[7][24]                                ;
; framebuffer_ds[7][31]                               ; Merged with framebuffer_dht[7][24]                                ;
; framebuffer_dht[7][39]                              ; Merged with framebuffer_dht[7][32]                                ;
; framebuffer_ds[7][32]                               ; Merged with framebuffer_dht[7][32]                                ;
; framebuffer_ds[7][39]                               ; Merged with framebuffer_dht[7][32]                                ;
; framebuffer_dht[7][47]                              ; Merged with framebuffer_dht[7][40]                                ;
; framebuffer_ds[7][40]                               ; Merged with framebuffer_dht[7][40]                                ;
; framebuffer_ds[7][47]                               ; Merged with framebuffer_dht[7][40]                                ;
; framebuffer_dht[7][55]                              ; Merged with framebuffer_dht[7][48]                                ;
; framebuffer_ds[7][48]                               ; Merged with framebuffer_dht[7][48]                                ;
; framebuffer_ds[7][55]                               ; Merged with framebuffer_dht[7][48]                                ;
; framebuffer_dht[7][63]                              ; Merged with framebuffer_dht[7][56]                                ;
; framebuffer_ds[7][56]                               ; Merged with framebuffer_dht[7][56]                                ;
; framebuffer_ds[7][63]                               ; Merged with framebuffer_dht[7][56]                                ;
; framebuffer_dht[7][71]                              ; Merged with framebuffer_dht[7][64]                                ;
; framebuffer_ds[7][64]                               ; Merged with framebuffer_dht[7][64]                                ;
; framebuffer_ds[7][71]                               ; Merged with framebuffer_dht[7][64]                                ;
; framebuffer_dht[7][79]                              ; Merged with framebuffer_dht[7][72]                                ;
; framebuffer_ds[7][72]                               ; Merged with framebuffer_dht[7][72]                                ;
; framebuffer_ds[7][79]                               ; Merged with framebuffer_dht[7][72]                                ;
; framebuffer_dht[7][87]                              ; Merged with framebuffer_dht[7][80]                                ;
; framebuffer_ds[7][80]                               ; Merged with framebuffer_dht[7][80]                                ;
; framebuffer_ds[7][87]                               ; Merged with framebuffer_dht[7][80]                                ;
; framebuffer_dht[7][95]                              ; Merged with framebuffer_dht[7][88]                                ;
; framebuffer_ds[7][88]                               ; Merged with framebuffer_dht[7][88]                                ;
; framebuffer_ds[7][95]                               ; Merged with framebuffer_dht[7][88]                                ;
; framebuffer_dht[7][96]                              ; Merged with framebuffer_dht[7][103]                               ;
; framebuffer_ds[7][103]                              ; Merged with framebuffer_dht[7][103]                               ;
; framebuffer_ds[7][96]                               ; Merged with framebuffer_dht[7][103]                               ;
; framebuffer_dht[7][111]                             ; Merged with framebuffer_dht[7][104]                               ;
; framebuffer_ds[7][104]                              ; Merged with framebuffer_dht[7][104]                               ;
; framebuffer_ds[7][111]                              ; Merged with framebuffer_dht[7][104]                               ;
; framebuffer_dht[7][119]                             ; Merged with framebuffer_dht[7][112]                               ;
; framebuffer_ds[7][112]                              ; Merged with framebuffer_dht[7][112]                               ;
; framebuffer_ds[7][119]                              ; Merged with framebuffer_dht[7][112]                               ;
; framebuffer_dht[7][127]                             ; Merged with framebuffer_dht[7][120]                               ;
; framebuffer_ds[7][120]                              ; Merged with framebuffer_dht[7][120]                               ;
; framebuffer_ds[7][127]                              ; Merged with framebuffer_dht[7][120]                               ;
; framebuffer_dht[7][135]                             ; Merged with framebuffer_dht[7][128]                               ;
; framebuffer_ds[7][128]                              ; Merged with framebuffer_dht[7][128]                               ;
; framebuffer_ds[7][135]                              ; Merged with framebuffer_dht[7][128]                               ;
; framebuffer_dht[7][143]                             ; Merged with framebuffer_dht[7][136]                               ;
; framebuffer_ds[7][136]                              ; Merged with framebuffer_dht[7][136]                               ;
; framebuffer_ds[7][143]                              ; Merged with framebuffer_dht[7][136]                               ;
; framebuffer_dht[7][151]                             ; Merged with framebuffer_dht[7][144]                               ;
; framebuffer_ds[7][144]                              ; Merged with framebuffer_dht[7][144]                               ;
; framebuffer_ds[7][151]                              ; Merged with framebuffer_dht[7][144]                               ;
; framebuffer_dht[7][159]                             ; Merged with framebuffer_dht[7][152]                               ;
; framebuffer_ds[7][152]                              ; Merged with framebuffer_dht[7][152]                               ;
; framebuffer_ds[7][159]                              ; Merged with framebuffer_dht[7][152]                               ;
; framebuffer_dht[7][167]                             ; Merged with framebuffer_dht[7][160]                               ;
; framebuffer_ds[7][160]                              ; Merged with framebuffer_dht[7][160]                               ;
; framebuffer_ds[7][167]                              ; Merged with framebuffer_dht[7][160]                               ;
; framebuffer_dht[7][175]                             ; Merged with framebuffer_dht[7][168]                               ;
; framebuffer_ds[7][168]                              ; Merged with framebuffer_dht[7][168]                               ;
; framebuffer_ds[7][175]                              ; Merged with framebuffer_dht[7][168]                               ;
; framebuffer_dht[7][183]                             ; Merged with framebuffer_dht[7][176]                               ;
; framebuffer_ds[7][176]                              ; Merged with framebuffer_dht[7][176]                               ;
; framebuffer_ds[7][183]                              ; Merged with framebuffer_dht[7][176]                               ;
; framebuffer_dht[7][191]                             ; Merged with framebuffer_dht[7][184]                               ;
; framebuffer_ds[7][184]                              ; Merged with framebuffer_dht[7][184]                               ;
; framebuffer_ds[7][191]                              ; Merged with framebuffer_dht[7][184]                               ;
; framebuffer_dht[7][199]                             ; Merged with framebuffer_dht[7][192]                               ;
; framebuffer_ds[7][192]                              ; Merged with framebuffer_dht[7][192]                               ;
; framebuffer_ds[7][199]                              ; Merged with framebuffer_dht[7][192]                               ;
; framebuffer_dht[7][207]                             ; Merged with framebuffer_dht[7][200]                               ;
; framebuffer_ds[7][200]                              ; Merged with framebuffer_dht[7][200]                               ;
; framebuffer_ds[7][207]                              ; Merged with framebuffer_dht[7][200]                               ;
; framebuffer_dht[7][215]                             ; Merged with framebuffer_dht[7][208]                               ;
; framebuffer_ds[7][208]                              ; Merged with framebuffer_dht[7][208]                               ;
; framebuffer_ds[7][215]                              ; Merged with framebuffer_dht[7][208]                               ;
; framebuffer_dht[7][223]                             ; Merged with framebuffer_dht[7][216]                               ;
; framebuffer_ds[7][216]                              ; Merged with framebuffer_dht[7][216]                               ;
; framebuffer_ds[7][223]                              ; Merged with framebuffer_dht[7][216]                               ;
; framebuffer_dht[7][231]                             ; Merged with framebuffer_dht[7][224]                               ;
; framebuffer_ds[7][224]                              ; Merged with framebuffer_dht[7][224]                               ;
; framebuffer_ds[7][231]                              ; Merged with framebuffer_dht[7][224]                               ;
; framebuffer_dht[7][239]                             ; Merged with framebuffer_dht[7][232]                               ;
; framebuffer_ds[7][232]                              ; Merged with framebuffer_dht[7][232]                               ;
; framebuffer_ds[7][239]                              ; Merged with framebuffer_dht[7][232]                               ;
; framebuffer_dht[7][247]                             ; Merged with framebuffer_dht[7][240]                               ;
; framebuffer_ds[7][240]                              ; Merged with framebuffer_dht[7][240]                               ;
; framebuffer_ds[7][247]                              ; Merged with framebuffer_dht[7][240]                               ;
; framebuffer_dht[7][255]                             ; Merged with framebuffer_dht[7][248]                               ;
; framebuffer_ds[7][248]                              ; Merged with framebuffer_dht[7][248]                               ;
; framebuffer_ds[7][255]                              ; Merged with framebuffer_dht[7][248]                               ;
; row_counter_var[2]                                  ; Merged with rom:rom_inst|row_counter[2]                           ;
; row_counter_var[1]                                  ; Merged with rom:rom_inst|row_counter[1]                           ;
; row_counter_var[0]                                  ; Merged with rom:rom_inst|row_counter[0]                           ;
; data_to_text_ds:data_to_text_ds_inst|row_counter[2] ; Merged with data_to_text_dht:data_to_text_dht_inst|row_counter[2] ;
; data_to_text_ds:data_to_text_ds_inst|row_counter[1] ; Merged with data_to_text_dht:data_to_text_dht_inst|row_counter[1] ;
; data_to_text_ds:data_to_text_ds_inst|row_counter[0] ; Merged with data_to_text_dht:data_to_text_dht_inst|row_counter[0] ;
; ds18b20_controller:ds18b20_inst|command[7]          ; Merged with ds18b20_controller:ds18b20_inst|command[3]            ;
; framebuffer_dht[7][248]                             ; Stuck at GND due to stuck port data_in                            ;
; framebuffer_dht[7][240]                             ; Stuck at GND due to stuck port data_in                            ;
; framebuffer_dht[7][232]                             ; Stuck at GND due to stuck port data_in                            ;
; framebuffer_dht[7][224]                             ; Stuck at GND due to stuck port data_in                            ;
; framebuffer_dht[7][216]                             ; Stuck at GND due to stuck port data_in                            ;
; framebuffer_dht[7][208]                             ; Stuck at GND due to stuck port data_in                            ;
; framebuffer_dht[7][200]                             ; Stuck at GND due to stuck port data_in                            ;
; framebuffer_dht[7][192]                             ; Stuck at GND due to stuck port data_in                            ;
; framebuffer_dht[7][184]                             ; Stuck at GND due to stuck port data_in                            ;
; framebuffer_dht[7][176]                             ; Stuck at GND due to stuck port data_in                            ;
; framebuffer_dht[7][168]                             ; Stuck at GND due to stuck port data_in                            ;
; framebuffer_dht[7][160]                             ; Stuck at GND due to stuck port data_in                            ;
; framebuffer_dht[7][152]                             ; Stuck at GND due to stuck port data_in                            ;
; framebuffer_dht[7][144]                             ; Stuck at GND due to stuck port data_in                            ;
; framebuffer_dht[7][136]                             ; Stuck at GND due to stuck port data_in                            ;
; framebuffer_dht[7][128]                             ; Stuck at GND due to stuck port data_in                            ;
; framebuffer_dht[7][120]                             ; Stuck at GND due to stuck port data_in                            ;
; framebuffer_dht[7][112]                             ; Stuck at GND due to stuck port data_in                            ;
; framebuffer_dht[7][104]                             ; Stuck at GND due to stuck port data_in                            ;
; framebuffer_dht[7][103]                             ; Stuck at GND due to stuck port data_in                            ;
; framebuffer_dht[7][88]                              ; Stuck at GND due to stuck port data_in                            ;
; framebuffer_dht[7][80]                              ; Stuck at GND due to stuck port data_in                            ;
; framebuffer_dht[7][72]                              ; Stuck at GND due to stuck port data_in                            ;
; framebuffer_dht[7][64]                              ; Stuck at GND due to stuck port data_in                            ;
; framebuffer_dht[7][56]                              ; Stuck at GND due to stuck port data_in                            ;
; framebuffer_dht[7][48]                              ; Stuck at GND due to stuck port data_in                            ;
; framebuffer_dht[7][40]                              ; Stuck at GND due to stuck port data_in                            ;
; framebuffer_dht[7][32]                              ; Stuck at GND due to stuck port data_in                            ;
; framebuffer_dht[7][24]                              ; Stuck at GND due to stuck port data_in                            ;
; framebuffer_dht[7][16]                              ; Stuck at GND due to stuck port data_in                            ;
; framebuffer_dht[7][15]                              ; Stuck at GND due to stuck port data_in                            ;
; framebuffer_dht[7][0]                               ; Stuck at GND due to stuck port data_in                            ;
; framebuffer_dht[6][248]                             ; Stuck at GND due to stuck port data_in                            ;
; framebuffer_dht[6][240]                             ; Stuck at GND due to stuck port data_in                            ;
; framebuffer_dht[6][232]                             ; Stuck at GND due to stuck port data_in                            ;
; framebuffer_dht[6][224]                             ; Stuck at GND due to stuck port data_in                            ;
; framebuffer_dht[6][216]                             ; Stuck at GND due to stuck port data_in                            ;
; framebuffer_dht[6][208]                             ; Stuck at GND due to stuck port data_in                            ;
; framebuffer_dht[6][200]                             ; Stuck at GND due to stuck port data_in                            ;
; framebuffer_dht[6][192]                             ; Stuck at GND due to stuck port data_in                            ;
; framebuffer_dht[6][184]                             ; Stuck at GND due to stuck port data_in                            ;
; framebuffer_dht[6][176]                             ; Stuck at GND due to stuck port data_in                            ;
; framebuffer_dht[6][168]                             ; Stuck at GND due to stuck port data_in                            ;
; framebuffer_dht[6][160]                             ; Stuck at GND due to stuck port data_in                            ;
; framebuffer_dht[6][152]                             ; Stuck at GND due to stuck port data_in                            ;
; framebuffer_dht[6][144]                             ; Stuck at GND due to stuck port data_in                            ;
; framebuffer_dht[6][136]                             ; Stuck at GND due to stuck port data_in                            ;
; framebuffer_dht[6][128]                             ; Stuck at GND due to stuck port data_in                            ;
; framebuffer_dht[6][120]                             ; Stuck at GND due to stuck port data_in                            ;
; framebuffer_dht[6][112]                             ; Stuck at GND due to stuck port data_in                            ;
; framebuffer_dht[6][104]                             ; Stuck at GND due to stuck port data_in                            ;
; framebuffer_dht[6][103]                             ; Stuck at GND due to stuck port data_in                            ;
; framebuffer_dht[6][88]                              ; Stuck at GND due to stuck port data_in                            ;
; framebuffer_dht[6][80]                              ; Stuck at GND due to stuck port data_in                            ;
; framebuffer_dht[6][72]                              ; Stuck at GND due to stuck port data_in                            ;
; framebuffer_dht[6][64]                              ; Stuck at GND due to stuck port data_in                            ;
; framebuffer_dht[6][56]                              ; Stuck at GND due to stuck port data_in                            ;
; framebuffer_dht[6][48]                              ; Stuck at GND due to stuck port data_in                            ;
; framebuffer_dht[6][40]                              ; Stuck at GND due to stuck port data_in                            ;
; framebuffer_dht[6][32]                              ; Stuck at GND due to stuck port data_in                            ;
; framebuffer_dht[6][24]                              ; Stuck at GND due to stuck port data_in                            ;
; framebuffer_dht[6][16]                              ; Stuck at GND due to stuck port data_in                            ;
; framebuffer_dht[6][15]                              ; Stuck at GND due to stuck port data_in                            ;
; framebuffer_dht[6][0]                               ; Stuck at GND due to stuck port data_in                            ;
; framebuffer_dht[5][248]                             ; Stuck at GND due to stuck port data_in                            ;
; framebuffer_dht[5][240]                             ; Stuck at GND due to stuck port data_in                            ;
; framebuffer_dht[5][232]                             ; Stuck at GND due to stuck port data_in                            ;
; framebuffer_dht[5][224]                             ; Stuck at GND due to stuck port data_in                            ;
; framebuffer_dht[5][216]                             ; Stuck at GND due to stuck port data_in                            ;
; framebuffer_dht[5][208]                             ; Stuck at GND due to stuck port data_in                            ;
; framebuffer_dht[5][200]                             ; Stuck at GND due to stuck port data_in                            ;
; framebuffer_dht[5][192]                             ; Stuck at GND due to stuck port data_in                            ;
; framebuffer_dht[5][184]                             ; Stuck at GND due to stuck port data_in                            ;
; framebuffer_dht[5][176]                             ; Stuck at GND due to stuck port data_in                            ;
; framebuffer_dht[5][168]                             ; Stuck at GND due to stuck port data_in                            ;
; framebuffer_dht[5][160]                             ; Stuck at GND due to stuck port data_in                            ;
; framebuffer_dht[5][152]                             ; Stuck at GND due to stuck port data_in                            ;
; framebuffer_dht[5][144]                             ; Stuck at GND due to stuck port data_in                            ;
; framebuffer_dht[5][136]                             ; Stuck at GND due to stuck port data_in                            ;
; framebuffer_dht[5][128]                             ; Stuck at GND due to stuck port data_in                            ;
; framebuffer_dht[5][120]                             ; Stuck at GND due to stuck port data_in                            ;
; framebuffer_dht[5][112]                             ; Stuck at GND due to stuck port data_in                            ;
; framebuffer_dht[5][104]                             ; Stuck at GND due to stuck port data_in                            ;
; framebuffer_dht[5][103]                             ; Stuck at GND due to stuck port data_in                            ;
; framebuffer_dht[5][88]                              ; Stuck at GND due to stuck port data_in                            ;
; framebuffer_dht[5][80]                              ; Stuck at GND due to stuck port data_in                            ;
; framebuffer_dht[5][72]                              ; Stuck at GND due to stuck port data_in                            ;
; framebuffer_dht[5][64]                              ; Stuck at GND due to stuck port data_in                            ;
; framebuffer_dht[5][56]                              ; Stuck at GND due to stuck port data_in                            ;
; framebuffer_dht[5][48]                              ; Stuck at GND due to stuck port data_in                            ;
; framebuffer_dht[5][40]                              ; Stuck at GND due to stuck port data_in                            ;
; framebuffer_dht[5][32]                              ; Stuck at GND due to stuck port data_in                            ;
; framebuffer_dht[5][24]                              ; Stuck at GND due to stuck port data_in                            ;
; framebuffer_dht[5][16]                              ; Stuck at GND due to stuck port data_in                            ;
; framebuffer_dht[5][15]                              ; Stuck at GND due to stuck port data_in                            ;
; framebuffer_dht[5][0]                               ; Stuck at GND due to stuck port data_in                            ;
; framebuffer_dht[4][248]                             ; Stuck at GND due to stuck port data_in                            ;
; framebuffer_dht[4][240]                             ; Stuck at GND due to stuck port data_in                            ;
; framebuffer_dht[4][232]                             ; Stuck at GND due to stuck port data_in                            ;
; framebuffer_dht[4][224]                             ; Stuck at GND due to stuck port data_in                            ;
; framebuffer_dht[4][216]                             ; Stuck at GND due to stuck port data_in                            ;
; framebuffer_dht[4][208]                             ; Stuck at GND due to stuck port data_in                            ;
; framebuffer_dht[4][200]                             ; Stuck at GND due to stuck port data_in                            ;
; framebuffer_dht[4][192]                             ; Stuck at GND due to stuck port data_in                            ;
; framebuffer_dht[4][184]                             ; Stuck at GND due to stuck port data_in                            ;
; framebuffer_dht[4][176]                             ; Stuck at GND due to stuck port data_in                            ;
; framebuffer_dht[4][168]                             ; Stuck at GND due to stuck port data_in                            ;
; framebuffer_dht[4][160]                             ; Stuck at GND due to stuck port data_in                            ;
; framebuffer_dht[4][152]                             ; Stuck at GND due to stuck port data_in                            ;
; framebuffer_dht[4][144]                             ; Stuck at GND due to stuck port data_in                            ;
; framebuffer_dht[4][136]                             ; Stuck at GND due to stuck port data_in                            ;
; framebuffer_dht[4][128]                             ; Stuck at GND due to stuck port data_in                            ;
; framebuffer_dht[4][120]                             ; Stuck at GND due to stuck port data_in                            ;
; framebuffer_dht[4][112]                             ; Stuck at GND due to stuck port data_in                            ;
; framebuffer_dht[4][104]                             ; Stuck at GND due to stuck port data_in                            ;
; framebuffer_dht[4][103]                             ; Stuck at GND due to stuck port data_in                            ;
; framebuffer_dht[4][88]                              ; Stuck at GND due to stuck port data_in                            ;
; framebuffer_dht[4][80]                              ; Stuck at GND due to stuck port data_in                            ;
; framebuffer_dht[4][72]                              ; Stuck at GND due to stuck port data_in                            ;
; framebuffer_dht[4][64]                              ; Stuck at GND due to stuck port data_in                            ;
; framebuffer_dht[4][56]                              ; Stuck at GND due to stuck port data_in                            ;
; framebuffer_dht[4][48]                              ; Stuck at GND due to stuck port data_in                            ;
; framebuffer_dht[4][40]                              ; Stuck at GND due to stuck port data_in                            ;
; framebuffer_dht[4][32]                              ; Stuck at GND due to stuck port data_in                            ;
; framebuffer_dht[4][24]                              ; Stuck at GND due to stuck port data_in                            ;
; framebuffer_dht[4][16]                              ; Stuck at GND due to stuck port data_in                            ;
; framebuffer_dht[4][15]                              ; Stuck at GND due to stuck port data_in                            ;
; framebuffer_dht[4][0]                               ; Stuck at GND due to stuck port data_in                            ;
; framebuffer_dht[3][248]                             ; Stuck at GND due to stuck port data_in                            ;
; framebuffer_dht[3][240]                             ; Stuck at GND due to stuck port data_in                            ;
; framebuffer_dht[3][232]                             ; Stuck at GND due to stuck port data_in                            ;
; framebuffer_dht[3][224]                             ; Stuck at GND due to stuck port data_in                            ;
; framebuffer_dht[3][216]                             ; Stuck at GND due to stuck port data_in                            ;
; framebuffer_dht[3][208]                             ; Stuck at GND due to stuck port data_in                            ;
; framebuffer_dht[3][200]                             ; Stuck at GND due to stuck port data_in                            ;
; framebuffer_dht[3][192]                             ; Stuck at GND due to stuck port data_in                            ;
; framebuffer_dht[3][184]                             ; Stuck at GND due to stuck port data_in                            ;
; framebuffer_dht[3][176]                             ; Stuck at GND due to stuck port data_in                            ;
; framebuffer_dht[3][168]                             ; Stuck at GND due to stuck port data_in                            ;
; framebuffer_dht[3][160]                             ; Stuck at GND due to stuck port data_in                            ;
; framebuffer_dht[3][152]                             ; Stuck at GND due to stuck port data_in                            ;
; framebuffer_dht[3][144]                             ; Stuck at GND due to stuck port data_in                            ;
; framebuffer_dht[3][136]                             ; Stuck at GND due to stuck port data_in                            ;
; framebuffer_dht[3][128]                             ; Stuck at GND due to stuck port data_in                            ;
; framebuffer_dht[3][120]                             ; Stuck at GND due to stuck port data_in                            ;
; framebuffer_dht[3][112]                             ; Stuck at GND due to stuck port data_in                            ;
; framebuffer_dht[3][104]                             ; Stuck at GND due to stuck port data_in                            ;
; framebuffer_dht[3][103]                             ; Stuck at GND due to stuck port data_in                            ;
; framebuffer_dht[3][88]                              ; Stuck at GND due to stuck port data_in                            ;
; framebuffer_dht[3][80]                              ; Stuck at GND due to stuck port data_in                            ;
; framebuffer_dht[3][72]                              ; Stuck at GND due to stuck port data_in                            ;
; framebuffer_dht[3][64]                              ; Stuck at GND due to stuck port data_in                            ;
; framebuffer_dht[3][56]                              ; Stuck at GND due to stuck port data_in                            ;
; framebuffer_dht[3][48]                              ; Stuck at GND due to stuck port data_in                            ;
; framebuffer_dht[3][40]                              ; Stuck at GND due to stuck port data_in                            ;
; framebuffer_dht[3][32]                              ; Stuck at GND due to stuck port data_in                            ;
; framebuffer_dht[3][24]                              ; Stuck at GND due to stuck port data_in                            ;
; framebuffer_dht[3][16]                              ; Stuck at GND due to stuck port data_in                            ;
; framebuffer_dht[3][15]                              ; Stuck at GND due to stuck port data_in                            ;
; framebuffer_dht[3][0]                               ; Stuck at GND due to stuck port data_in                            ;
; framebuffer_dht[2][248]                             ; Stuck at GND due to stuck port data_in                            ;
; framebuffer_dht[2][240]                             ; Stuck at GND due to stuck port data_in                            ;
; framebuffer_dht[2][232]                             ; Stuck at GND due to stuck port data_in                            ;
; framebuffer_dht[2][224]                             ; Stuck at GND due to stuck port data_in                            ;
; framebuffer_dht[2][216]                             ; Stuck at GND due to stuck port data_in                            ;
; framebuffer_dht[2][208]                             ; Stuck at GND due to stuck port data_in                            ;
; framebuffer_dht[2][200]                             ; Stuck at GND due to stuck port data_in                            ;
; framebuffer_dht[2][192]                             ; Stuck at GND due to stuck port data_in                            ;
; framebuffer_dht[2][184]                             ; Stuck at GND due to stuck port data_in                            ;
; framebuffer_dht[2][176]                             ; Stuck at GND due to stuck port data_in                            ;
; framebuffer_dht[2][168]                             ; Stuck at GND due to stuck port data_in                            ;
; framebuffer_dht[2][160]                             ; Stuck at GND due to stuck port data_in                            ;
; framebuffer_dht[2][152]                             ; Stuck at GND due to stuck port data_in                            ;
; framebuffer_dht[2][144]                             ; Stuck at GND due to stuck port data_in                            ;
; framebuffer_dht[2][136]                             ; Stuck at GND due to stuck port data_in                            ;
; framebuffer_dht[2][128]                             ; Stuck at GND due to stuck port data_in                            ;
; framebuffer_dht[2][120]                             ; Stuck at GND due to stuck port data_in                            ;
; framebuffer_dht[2][112]                             ; Stuck at GND due to stuck port data_in                            ;
; framebuffer_dht[2][104]                             ; Stuck at GND due to stuck port data_in                            ;
; framebuffer_dht[2][103]                             ; Stuck at GND due to stuck port data_in                            ;
; framebuffer_dht[2][88]                              ; Stuck at GND due to stuck port data_in                            ;
; framebuffer_dht[2][80]                              ; Stuck at GND due to stuck port data_in                            ;
; framebuffer_dht[2][72]                              ; Stuck at GND due to stuck port data_in                            ;
; framebuffer_dht[2][64]                              ; Stuck at GND due to stuck port data_in                            ;
; framebuffer_dht[2][56]                              ; Stuck at GND due to stuck port data_in                            ;
; framebuffer_dht[2][48]                              ; Stuck at GND due to stuck port data_in                            ;
; framebuffer_dht[2][40]                              ; Stuck at GND due to stuck port data_in                            ;
; framebuffer_dht[2][32]                              ; Stuck at GND due to stuck port data_in                            ;
; framebuffer_dht[2][24]                              ; Stuck at GND due to stuck port data_in                            ;
; framebuffer_dht[2][16]                              ; Stuck at GND due to stuck port data_in                            ;
; framebuffer_dht[2][15]                              ; Stuck at GND due to stuck port data_in                            ;
; framebuffer_dht[2][0]                               ; Stuck at GND due to stuck port data_in                            ;
; framebuffer_dht[1][248]                             ; Stuck at GND due to stuck port data_in                            ;
; framebuffer_dht[1][240]                             ; Stuck at GND due to stuck port data_in                            ;
; framebuffer_dht[1][232]                             ; Stuck at GND due to stuck port data_in                            ;
; framebuffer_dht[1][224]                             ; Stuck at GND due to stuck port data_in                            ;
; framebuffer_dht[1][216]                             ; Stuck at GND due to stuck port data_in                            ;
; framebuffer_dht[1][208]                             ; Stuck at GND due to stuck port data_in                            ;
; framebuffer_dht[1][200]                             ; Stuck at GND due to stuck port data_in                            ;
; framebuffer_dht[1][192]                             ; Stuck at GND due to stuck port data_in                            ;
; framebuffer_dht[1][184]                             ; Stuck at GND due to stuck port data_in                            ;
; framebuffer_dht[1][176]                             ; Stuck at GND due to stuck port data_in                            ;
; framebuffer_dht[1][168]                             ; Stuck at GND due to stuck port data_in                            ;
; framebuffer_dht[1][160]                             ; Stuck at GND due to stuck port data_in                            ;
; framebuffer_dht[1][152]                             ; Stuck at GND due to stuck port data_in                            ;
; framebuffer_dht[1][144]                             ; Stuck at GND due to stuck port data_in                            ;
; framebuffer_dht[1][136]                             ; Stuck at GND due to stuck port data_in                            ;
; framebuffer_dht[1][128]                             ; Stuck at GND due to stuck port data_in                            ;
; framebuffer_dht[1][120]                             ; Stuck at GND due to stuck port data_in                            ;
; framebuffer_dht[1][112]                             ; Stuck at GND due to stuck port data_in                            ;
; framebuffer_dht[1][104]                             ; Stuck at GND due to stuck port data_in                            ;
; framebuffer_dht[1][103]                             ; Stuck at GND due to stuck port data_in                            ;
; framebuffer_dht[1][88]                              ; Stuck at GND due to stuck port data_in                            ;
; framebuffer_dht[1][80]                              ; Stuck at GND due to stuck port data_in                            ;
; framebuffer_dht[1][72]                              ; Stuck at GND due to stuck port data_in                            ;
; framebuffer_dht[1][64]                              ; Stuck at GND due to stuck port data_in                            ;
; framebuffer_dht[1][56]                              ; Stuck at GND due to stuck port data_in                            ;
; framebuffer_dht[1][48]                              ; Stuck at GND due to stuck port data_in                            ;
; framebuffer_dht[1][40]                              ; Stuck at GND due to stuck port data_in                            ;
; framebuffer_dht[1][32]                              ; Stuck at GND due to stuck port data_in                            ;
; framebuffer_dht[1][24]                              ; Stuck at GND due to stuck port data_in                            ;
; framebuffer_dht[1][16]                              ; Stuck at GND due to stuck port data_in                            ;
; framebuffer_dht[1][15]                              ; Stuck at GND due to stuck port data_in                            ;
; framebuffer_dht[1][0]                               ; Stuck at GND due to stuck port data_in                            ;
; framebuffer_dht[0][248]                             ; Stuck at GND due to stuck port data_in                            ;
; framebuffer_dht[0][240]                             ; Stuck at GND due to stuck port data_in                            ;
; framebuffer_dht[0][232]                             ; Stuck at GND due to stuck port data_in                            ;
; framebuffer_dht[0][224]                             ; Stuck at GND due to stuck port data_in                            ;
; framebuffer_dht[0][216]                             ; Stuck at GND due to stuck port data_in                            ;
; framebuffer_dht[0][208]                             ; Stuck at GND due to stuck port data_in                            ;
; framebuffer_dht[0][200]                             ; Stuck at GND due to stuck port data_in                            ;
; framebuffer_dht[0][192]                             ; Stuck at GND due to stuck port data_in                            ;
; framebuffer_dht[0][184]                             ; Stuck at GND due to stuck port data_in                            ;
; framebuffer_dht[0][176]                             ; Stuck at GND due to stuck port data_in                            ;
; framebuffer_dht[0][168]                             ; Stuck at GND due to stuck port data_in                            ;
; framebuffer_dht[0][160]                             ; Stuck at GND due to stuck port data_in                            ;
; framebuffer_dht[0][152]                             ; Stuck at GND due to stuck port data_in                            ;
; framebuffer_dht[0][144]                             ; Stuck at GND due to stuck port data_in                            ;
; framebuffer_dht[0][136]                             ; Stuck at GND due to stuck port data_in                            ;
; framebuffer_dht[0][128]                             ; Stuck at GND due to stuck port data_in                            ;
; framebuffer_dht[0][120]                             ; Stuck at GND due to stuck port data_in                            ;
; framebuffer_dht[0][112]                             ; Stuck at GND due to stuck port data_in                            ;
; framebuffer_dht[0][104]                             ; Stuck at GND due to stuck port data_in                            ;
; framebuffer_dht[0][103]                             ; Stuck at GND due to stuck port data_in                            ;
; framebuffer_dht[0][88]                              ; Stuck at GND due to stuck port data_in                            ;
; framebuffer_dht[0][80]                              ; Stuck at GND due to stuck port data_in                            ;
; framebuffer_dht[0][72]                              ; Stuck at GND due to stuck port data_in                            ;
; framebuffer_dht[0][64]                              ; Stuck at GND due to stuck port data_in                            ;
; framebuffer_dht[0][56]                              ; Stuck at GND due to stuck port data_in                            ;
; framebuffer_dht[0][48]                              ; Stuck at GND due to stuck port data_in                            ;
; framebuffer_dht[0][40]                              ; Stuck at GND due to stuck port data_in                            ;
; framebuffer_dht[0][32]                              ; Stuck at GND due to stuck port data_in                            ;
; framebuffer_dht[0][24]                              ; Stuck at GND due to stuck port data_in                            ;
; framebuffer_dht[0][16]                              ; Stuck at GND due to stuck port data_in                            ;
; framebuffer_dht[0][15]                              ; Stuck at GND due to stuck port data_in                            ;
; framebuffer_dht[0][0]                               ; Stuck at GND due to stuck port data_in                            ;
; ds18b20_controller:ds18b20_inst|command[0]          ; Stuck at GND due to stuck port data_in                            ;
; Total Number of Removed Registers = 1044            ;                                                                   ;
+-----------------------------------------------------+-------------------------------------------------------------------+


+-----------------------------------------------------------------------------------------------------------------------------------+
; Removed Registers Triggering Further Register Optimizations                                                                       ;
+--------------------------+---------------------------+----------------------------------------------------------------------------+
; Register name            ; Reason for Removal        ; Registers Removed due to This Register                                     ;
+--------------------------+---------------------------+----------------------------------------------------------------------------+
; rom:rom_inst|data_dht[7] ; Stuck at GND              ; framebuffer_dht[7][248], framebuffer_dht[7][240], framebuffer_dht[7][232], ;
;                          ; due to stuck port data_in ; framebuffer_dht[7][224], framebuffer_dht[7][216], framebuffer_dht[7][208], ;
;                          ;                           ; framebuffer_dht[7][200], framebuffer_dht[7][192], framebuffer_dht[7][184], ;
;                          ;                           ; framebuffer_dht[7][176], framebuffer_dht[7][168], framebuffer_dht[7][160], ;
;                          ;                           ; framebuffer_dht[7][152], framebuffer_dht[7][144], framebuffer_dht[7][136], ;
;                          ;                           ; framebuffer_dht[7][128], framebuffer_dht[7][120], framebuffer_dht[7][112], ;
;                          ;                           ; framebuffer_dht[7][104], framebuffer_dht[7][88], framebuffer_dht[7][80],   ;
;                          ;                           ; framebuffer_dht[7][72], framebuffer_dht[7][64], framebuffer_dht[7][56],    ;
;                          ;                           ; framebuffer_dht[7][48], framebuffer_dht[7][40], framebuffer_dht[7][32],    ;
;                          ;                           ; framebuffer_dht[7][24], framebuffer_dht[7][16], framebuffer_dht[7][0],     ;
;                          ;                           ; framebuffer_dht[6][248], framebuffer_dht[6][240], framebuffer_dht[6][232], ;
;                          ;                           ; framebuffer_dht[6][224], framebuffer_dht[6][216], framebuffer_dht[6][208], ;
;                          ;                           ; framebuffer_dht[6][200], framebuffer_dht[6][192], framebuffer_dht[6][184], ;
;                          ;                           ; framebuffer_dht[6][176], framebuffer_dht[6][168], framebuffer_dht[6][160], ;
;                          ;                           ; framebuffer_dht[6][152], framebuffer_dht[6][144], framebuffer_dht[6][136], ;
;                          ;                           ; framebuffer_dht[6][128], framebuffer_dht[6][120], framebuffer_dht[6][112], ;
;                          ;                           ; framebuffer_dht[6][104], framebuffer_dht[6][88], framebuffer_dht[6][80],   ;
;                          ;                           ; framebuffer_dht[6][72], framebuffer_dht[6][64], framebuffer_dht[6][56],    ;
;                          ;                           ; framebuffer_dht[6][48], framebuffer_dht[6][40], framebuffer_dht[6][32],    ;
;                          ;                           ; framebuffer_dht[6][24], framebuffer_dht[6][16], framebuffer_dht[6][0],     ;
;                          ;                           ; framebuffer_dht[5][248], framebuffer_dht[5][240], framebuffer_dht[5][232], ;
;                          ;                           ; framebuffer_dht[5][224], framebuffer_dht[5][216], framebuffer_dht[5][208], ;
;                          ;                           ; framebuffer_dht[5][200], framebuffer_dht[5][192], framebuffer_dht[5][184], ;
;                          ;                           ; framebuffer_dht[5][176], framebuffer_dht[5][168], framebuffer_dht[5][160], ;
;                          ;                           ; framebuffer_dht[5][152], framebuffer_dht[5][144], framebuffer_dht[5][136], ;
;                          ;                           ; framebuffer_dht[5][128], framebuffer_dht[5][120], framebuffer_dht[5][112], ;
;                          ;                           ; framebuffer_dht[5][104], framebuffer_dht[5][88], framebuffer_dht[5][80],   ;
;                          ;                           ; framebuffer_dht[5][72], framebuffer_dht[5][64], framebuffer_dht[5][56],    ;
;                          ;                           ; framebuffer_dht[5][48], framebuffer_dht[5][40], framebuffer_dht[5][32],    ;
;                          ;                           ; framebuffer_dht[5][24], framebuffer_dht[5][16], framebuffer_dht[5][0],     ;
;                          ;                           ; framebuffer_dht[4][248], framebuffer_dht[4][240], framebuffer_dht[4][232], ;
;                          ;                           ; framebuffer_dht[4][224], framebuffer_dht[4][216], framebuffer_dht[4][208], ;
;                          ;                           ; framebuffer_dht[4][200], framebuffer_dht[4][192], framebuffer_dht[4][184], ;
;                          ;                           ; framebuffer_dht[4][176], framebuffer_dht[4][168], framebuffer_dht[4][160], ;
;                          ;                           ; framebuffer_dht[4][152], framebuffer_dht[4][144], framebuffer_dht[4][136], ;
;                          ;                           ; framebuffer_dht[4][128], framebuffer_dht[4][120], framebuffer_dht[4][112], ;
;                          ;                           ; framebuffer_dht[4][104], framebuffer_dht[4][88], framebuffer_dht[4][80],   ;
;                          ;                           ; framebuffer_dht[4][72], framebuffer_dht[4][64], framebuffer_dht[4][56],    ;
;                          ;                           ; framebuffer_dht[4][48], framebuffer_dht[4][40], framebuffer_dht[4][32],    ;
;                          ;                           ; framebuffer_dht[4][24], framebuffer_dht[4][16], framebuffer_dht[4][0],     ;
;                          ;                           ; framebuffer_dht[3][248], framebuffer_dht[3][240], framebuffer_dht[3][232], ;
;                          ;                           ; framebuffer_dht[3][224], framebuffer_dht[3][216], framebuffer_dht[3][208], ;
;                          ;                           ; framebuffer_dht[3][200], framebuffer_dht[3][192], framebuffer_dht[3][184], ;
;                          ;                           ; framebuffer_dht[3][176], framebuffer_dht[3][168], framebuffer_dht[3][160], ;
;                          ;                           ; framebuffer_dht[3][152], framebuffer_dht[3][144], framebuffer_dht[3][136], ;
;                          ;                           ; framebuffer_dht[3][128], framebuffer_dht[3][120], framebuffer_dht[3][112], ;
;                          ;                           ; framebuffer_dht[3][104], framebuffer_dht[3][88], framebuffer_dht[3][80],   ;
;                          ;                           ; framebuffer_dht[3][72], framebuffer_dht[3][64], framebuffer_dht[3][56],    ;
;                          ;                           ; framebuffer_dht[3][48], framebuffer_dht[3][40], framebuffer_dht[3][32],    ;
;                          ;                           ; framebuffer_dht[3][24], framebuffer_dht[3][16], framebuffer_dht[3][0],     ;
;                          ;                           ; framebuffer_dht[2][248], framebuffer_dht[2][240], framebuffer_dht[2][232], ;
;                          ;                           ; framebuffer_dht[2][224], framebuffer_dht[2][216], framebuffer_dht[2][208], ;
;                          ;                           ; framebuffer_dht[2][200], framebuffer_dht[2][192], framebuffer_dht[2][184], ;
;                          ;                           ; framebuffer_dht[2][176], framebuffer_dht[2][168], framebuffer_dht[2][160], ;
;                          ;                           ; framebuffer_dht[2][152], framebuffer_dht[2][144], framebuffer_dht[2][136], ;
;                          ;                           ; framebuffer_dht[2][128], framebuffer_dht[2][120], framebuffer_dht[2][112], ;
;                          ;                           ; framebuffer_dht[2][104], framebuffer_dht[2][88], framebuffer_dht[2][80],   ;
;                          ;                           ; framebuffer_dht[2][72], framebuffer_dht[2][64], framebuffer_dht[2][56],    ;
;                          ;                           ; framebuffer_dht[2][48], framebuffer_dht[2][40], framebuffer_dht[2][32],    ;
;                          ;                           ; framebuffer_dht[2][24], framebuffer_dht[2][16], framebuffer_dht[2][0],     ;
;                          ;                           ; framebuffer_dht[1][248], framebuffer_dht[1][240], framebuffer_dht[1][232], ;
;                          ;                           ; framebuffer_dht[1][224], framebuffer_dht[1][216], framebuffer_dht[1][208], ;
;                          ;                           ; framebuffer_dht[1][200], framebuffer_dht[1][192], framebuffer_dht[1][184], ;
;                          ;                           ; framebuffer_dht[1][176], framebuffer_dht[1][168], framebuffer_dht[1][160], ;
;                          ;                           ; framebuffer_dht[1][152], framebuffer_dht[1][144], framebuffer_dht[1][136], ;
;                          ;                           ; framebuffer_dht[1][128], framebuffer_dht[1][120], framebuffer_dht[1][112], ;
;                          ;                           ; framebuffer_dht[1][104], framebuffer_dht[1][88], framebuffer_dht[1][80],   ;
;                          ;                           ; framebuffer_dht[1][72], framebuffer_dht[1][64], framebuffer_dht[1][56],    ;
;                          ;                           ; framebuffer_dht[1][48], framebuffer_dht[1][40], framebuffer_dht[1][32],    ;
;                          ;                           ; framebuffer_dht[1][24], framebuffer_dht[1][16], framebuffer_dht[1][0],     ;
;                          ;                           ; framebuffer_dht[0][248], framebuffer_dht[0][240], framebuffer_dht[0][232], ;
;                          ;                           ; framebuffer_dht[0][224], framebuffer_dht[0][216], framebuffer_dht[0][208], ;
;                          ;                           ; framebuffer_dht[0][200], framebuffer_dht[0][192], framebuffer_dht[0][184], ;
;                          ;                           ; framebuffer_dht[0][176], framebuffer_dht[0][168], framebuffer_dht[0][160], ;
;                          ;                           ; framebuffer_dht[0][152], framebuffer_dht[0][144], framebuffer_dht[0][136], ;
;                          ;                           ; framebuffer_dht[0][128], framebuffer_dht[0][120], framebuffer_dht[0][112], ;
;                          ;                           ; framebuffer_dht[0][104], framebuffer_dht[0][88], framebuffer_dht[0][80],   ;
;                          ;                           ; framebuffer_dht[0][72], framebuffer_dht[0][64], framebuffer_dht[0][56],    ;
;                          ;                           ; framebuffer_dht[0][48], framebuffer_dht[0][40], framebuffer_dht[0][32],    ;
;                          ;                           ; framebuffer_dht[0][24], framebuffer_dht[0][16], framebuffer_dht[0][0]      ;
; rom:rom_inst|data_dht[0] ; Stuck at GND              ; framebuffer_dht[7][103], framebuffer_dht[7][15], framebuffer_dht[6][103],  ;
;                          ; due to stuck port data_in ; framebuffer_dht[6][15], framebuffer_dht[5][103], framebuffer_dht[5][15],   ;
;                          ;                           ; framebuffer_dht[4][103], framebuffer_dht[4][15], framebuffer_dht[3][103],  ;
;                          ;                           ; framebuffer_dht[3][15], framebuffer_dht[2][103], framebuffer_dht[2][15],   ;
;                          ;                           ; framebuffer_dht[1][103], framebuffer_dht[1][15], framebuffer_dht[0][103],  ;
;                          ;                           ; framebuffer_dht[0][15]                                                     ;
+--------------------------+---------------------------+----------------------------------------------------------------------------+


+------------------------------------------------------+
; General Register Statistics                          ;
+----------------------------------------------+-------+
; Statistic                                    ; Value ;
+----------------------------------------------+-------+
; Total registers                              ; 3420  ;
; Number of registers using Synchronous Clear  ; 101   ;
; Number of registers using Synchronous Load   ; 4     ;
; Number of registers using Asynchronous Clear ; 0     ;
; Number of registers using Asynchronous Load  ; 0     ;
; Number of registers using Clock Enable       ; 3201  ;
; Number of registers using Preset             ; 0     ;
+----------------------------------------------+-------+


+-----------------------------------------------------------------+
; Inverted Register Statistics                                    ;
+-------------------------------------------------------+---------+
; Inverted Register                                     ; Fan out ;
+-------------------------------------------------------+---------+
; data_to_text_dht:data_to_text_dht_inst|row_counter[2] ; 2       ;
; data_to_text_dht:data_to_text_dht_inst|row_counter[1] ; 3       ;
; data_to_text_dht:data_to_text_dht_inst|row_counter[0] ; 4       ;
; dht11_controller:dht11_inst|data_bit[2]               ; 18      ;
; dht11_controller:dht11_inst|data_bit[0]               ; 10      ;
; dht11_controller:dht11_inst|data_bit[1]               ; 10      ;
; dht11_controller:dht11_inst|data_bit[5]               ; 7       ;
; Total number of inverted registers = 7                ;         ;
+-------------------------------------------------------+---------+


+-------------------------------------------------------------------------------------------------------------------------------------------------------------------------------+
; Multiplexer Restructuring Statistics (Restructuring Performed)                                                                                                                ;
+--------------------+-----------+---------------+----------------------+------------------------+------------+-----------------------------------------------------------------+
; Multiplexer Inputs ; Bus Width ; Baseline Area ; Area if Restructured ; Saving if Restructured ; Registered ; Example Multiplexer Output                                      ;
+--------------------+-----------+---------------+----------------------+------------------------+------------+-----------------------------------------------------------------+
; 3:1                ; 32 bits   ; 64 LEs        ; 32 LEs               ; 32 LEs                 ; Yes        ; |BP|vga_controller:vga_controller_inst|counter:v_citac|stav[12] ;
; 3:1                ; 32 bits   ; 64 LEs        ; 32 LEs               ; 32 LEs                 ; Yes        ; |BP|vga_controller:vga_controller_inst|counter:h_citac|stav[6]  ;
; 3:1                ; 4 bits    ; 8 LEs         ; 4 LEs                ; 4 LEs                  ; Yes        ; |BP|ds18b20_controller:ds18b20_inst|command_bit[0]              ;
; 3:1                ; 12 bits   ; 24 LEs        ; 12 LEs               ; 12 LEs                 ; Yes        ; |BP|framebuffer_dht[0][1]                                       ;
; 3:1                ; 12 bits   ; 24 LEs        ; 12 LEs               ; 12 LEs                 ; Yes        ; |BP|framebuffer_dht[0][12]                                      ;
; 3:1                ; 12 bits   ; 24 LEs        ; 12 LEs               ; 12 LEs                 ; Yes        ; |BP|framebuffer_ds[0][18]                                       ;
; 3:1                ; 12 bits   ; 24 LEs        ; 12 LEs               ; 12 LEs                 ; Yes        ; |BP|framebuffer_dht[0][29]                                      ;
; 3:1                ; 12 bits   ; 24 LEs        ; 12 LEs               ; 12 LEs                 ; Yes        ; |BP|framebuffer_ds[0][34]                                       ;
; 3:1                ; 12 bits   ; 24 LEs        ; 12 LEs               ; 12 LEs                 ; Yes        ; |BP|framebuffer_dht[0][42]                                      ;
; 3:1                ; 12 bits   ; 24 LEs        ; 12 LEs               ; 12 LEs                 ; Yes        ; |BP|framebuffer_ds[0][49]                                       ;
; 3:1                ; 12 bits   ; 24 LEs        ; 12 LEs               ; 12 LEs                 ; Yes        ; |BP|framebuffer_dht[0][62]                                      ;
; 3:1                ; 12 bits   ; 24 LEs        ; 12 LEs               ; 12 LEs                 ; Yes        ; |BP|framebuffer_ds[0][67]                                       ;
; 3:1                ; 12 bits   ; 24 LEs        ; 12 LEs               ; 12 LEs                 ; Yes        ; |BP|framebuffer_dht[0][76]                                      ;
; 3:1                ; 12 bits   ; 24 LEs        ; 12 LEs               ; 12 LEs                 ; Yes        ; |BP|framebuffer_ds[0][84]                                       ;
; 3:1                ; 12 bits   ; 24 LEs        ; 12 LEs               ; 12 LEs                 ; Yes        ; |BP|framebuffer_ds[0][89]                                       ;
; 3:1                ; 12 bits   ; 24 LEs        ; 12 LEs               ; 12 LEs                 ; Yes        ; |BP|framebuffer_dht[0][98]                                      ;
; 3:1                ; 12 bits   ; 24 LEs        ; 12 LEs               ; 12 LEs                 ; Yes        ; |BP|framebuffer_dht[0][105]                                     ;
; 3:1                ; 12 bits   ; 24 LEs        ; 12 LEs               ; 12 LEs                 ; Yes        ; |BP|framebuffer_dht[0][113]                                     ;
; 3:1                ; 12 bits   ; 24 LEs        ; 12 LEs               ; 12 LEs                 ; Yes        ; |BP|framebuffer_ds[0][126]                                      ;
; 3:1                ; 12 bits   ; 24 LEs        ; 12 LEs               ; 12 LEs                 ; Yes        ; |BP|framebuffer_ds[0][130]                                      ;
; 3:1                ; 12 bits   ; 24 LEs        ; 12 LEs               ; 12 LEs                 ; Yes        ; |BP|framebuffer_ds[0][142]                                      ;
; 3:1                ; 12 bits   ; 24 LEs        ; 12 LEs               ; 12 LEs                 ; Yes        ; |BP|framebuffer_dht[0][149]                                     ;
; 3:1                ; 12 bits   ; 24 LEs        ; 12 LEs               ; 12 LEs                 ; Yes        ; |BP|framebuffer_ds[0][158]                                      ;
; 3:1                ; 12 bits   ; 24 LEs        ; 12 LEs               ; 12 LEs                 ; Yes        ; |BP|framebuffer_ds[0][161]                                      ;
; 3:1                ; 12 bits   ; 24 LEs        ; 12 LEs               ; 12 LEs                 ; Yes        ; |BP|framebuffer_ds[0][172]                                      ;
; 3:1                ; 12 bits   ; 24 LEs        ; 12 LEs               ; 12 LEs                 ; Yes        ; |BP|framebuffer_dht[0][177]                                     ;
; 3:1                ; 12 bits   ; 24 LEs        ; 12 LEs               ; 12 LEs                 ; Yes        ; |BP|framebuffer_dht[0][185]                                     ;
; 3:1                ; 12 bits   ; 24 LEs        ; 12 LEs               ; 12 LEs                 ; Yes        ; |BP|framebuffer_ds[0][193]                                      ;
; 3:1                ; 12 bits   ; 24 LEs        ; 12 LEs               ; 12 LEs                 ; Yes        ; |BP|framebuffer_ds[0][204]                                      ;
; 3:1                ; 12 bits   ; 24 LEs        ; 12 LEs               ; 12 LEs                 ; Yes        ; |BP|framebuffer_dht[0][209]                                     ;
; 3:1                ; 12 bits   ; 24 LEs        ; 12 LEs               ; 12 LEs                 ; Yes        ; |BP|framebuffer_dht[0][221]                                     ;
; 3:1                ; 12 bits   ; 24 LEs        ; 12 LEs               ; 12 LEs                 ; Yes        ; |BP|framebuffer_dht[0][228]                                     ;
; 3:1                ; 12 bits   ; 24 LEs        ; 12 LEs               ; 12 LEs                 ; Yes        ; |BP|framebuffer_ds[0][235]                                      ;
; 3:1                ; 12 bits   ; 24 LEs        ; 12 LEs               ; 12 LEs                 ; Yes        ; |BP|framebuffer_ds[0][246]                                      ;
; 3:1                ; 12 bits   ; 24 LEs        ; 12 LEs               ; 12 LEs                 ; Yes        ; |BP|framebuffer_dht[0][249]                                     ;
; 3:1                ; 12 bits   ; 24 LEs        ; 12 LEs               ; 12 LEs                 ; Yes        ; |BP|framebuffer_dht[1][1]                                       ;
; 3:1                ; 12 bits   ; 24 LEs        ; 12 LEs               ; 12 LEs                 ; Yes        ; |BP|framebuffer_dht[1][9]                                       ;
; 3:1                ; 12 bits   ; 24 LEs        ; 12 LEs               ; 12 LEs                 ; Yes        ; |BP|framebuffer_ds[1][17]                                       ;
; 3:1                ; 12 bits   ; 24 LEs        ; 12 LEs               ; 12 LEs                 ; Yes        ; |BP|framebuffer_dht[1][30]                                      ;
; 3:1                ; 12 bits   ; 24 LEs        ; 12 LEs               ; 12 LEs                 ; Yes        ; |BP|framebuffer_ds[1][37]                                       ;
; 3:1                ; 12 bits   ; 24 LEs        ; 12 LEs               ; 12 LEs                 ; Yes        ; |BP|framebuffer_dht[1][41]                                      ;
; 3:1                ; 12 bits   ; 24 LEs        ; 12 LEs               ; 12 LEs                 ; Yes        ; |BP|framebuffer_dht[1][51]                                      ;
; 3:1                ; 12 bits   ; 24 LEs        ; 12 LEs               ; 12 LEs                 ; Yes        ; |BP|framebuffer_dht[1][61]                                      ;
; 3:1                ; 12 bits   ; 24 LEs        ; 12 LEs               ; 12 LEs                 ; Yes        ; |BP|framebuffer_dht[1][67]                                      ;
; 3:1                ; 12 bits   ; 24 LEs        ; 12 LEs               ; 12 LEs                 ; Yes        ; |BP|framebuffer_ds[1][74]                                       ;
; 3:1                ; 12 bits   ; 24 LEs        ; 12 LEs               ; 12 LEs                 ; Yes        ; |BP|framebuffer_dht[1][85]                                      ;
; 3:1                ; 12 bits   ; 24 LEs        ; 12 LEs               ; 12 LEs                 ; Yes        ; |BP|framebuffer_ds[1][90]                                       ;
; 3:1                ; 12 bits   ; 24 LEs        ; 12 LEs               ; 12 LEs                 ; Yes        ; |BP|framebuffer_ds[1][101]                                      ;
; 3:1                ; 12 bits   ; 24 LEs        ; 12 LEs               ; 12 LEs                 ; Yes        ; |BP|framebuffer_dht[1][110]                                     ;
; 3:1                ; 12 bits   ; 24 LEs        ; 12 LEs               ; 12 LEs                 ; Yes        ; |BP|framebuffer_ds[1][118]                                      ;
; 3:1                ; 12 bits   ; 24 LEs        ; 12 LEs               ; 12 LEs                 ; Yes        ; |BP|framebuffer_ds[1][124]                                      ;
; 3:1                ; 12 bits   ; 24 LEs        ; 12 LEs               ; 12 LEs                 ; Yes        ; |BP|framebuffer_ds[1][133]                                      ;
; 3:1                ; 12 bits   ; 24 LEs        ; 12 LEs               ; 12 LEs                 ; Yes        ; |BP|framebuffer_ds[1][138]                                      ;
; 3:1                ; 12 bits   ; 24 LEs        ; 12 LEs               ; 12 LEs                 ; Yes        ; |BP|framebuffer_ds[1][145]                                      ;
; 3:1                ; 12 bits   ; 24 LEs        ; 12 LEs               ; 12 LEs                 ; Yes        ; |BP|framebuffer_dht[1][157]                                     ;
; 3:1                ; 12 bits   ; 24 LEs        ; 12 LEs               ; 12 LEs                 ; Yes        ; |BP|framebuffer_dht[1][163]                                     ;
; 3:1                ; 12 bits   ; 24 LEs        ; 12 LEs               ; 12 LEs                 ; Yes        ; |BP|framebuffer_dht[1][170]                                     ;
; 3:1                ; 12 bits   ; 24 LEs        ; 12 LEs               ; 12 LEs                 ; Yes        ; |BP|framebuffer_dht[1][177]                                     ;
; 3:1                ; 12 bits   ; 24 LEs        ; 12 LEs               ; 12 LEs                 ; Yes        ; |BP|framebuffer_dht[1][187]                                     ;
; 3:1                ; 12 bits   ; 24 LEs        ; 12 LEs               ; 12 LEs                 ; Yes        ; |BP|framebuffer_dht[1][193]                                     ;
; 3:1                ; 12 bits   ; 24 LEs        ; 12 LEs               ; 12 LEs                 ; Yes        ; |BP|framebuffer_dht[1][202]                                     ;
; 3:1                ; 12 bits   ; 24 LEs        ; 12 LEs               ; 12 LEs                 ; Yes        ; |BP|framebuffer_dht[1][210]                                     ;
; 3:1                ; 12 bits   ; 24 LEs        ; 12 LEs               ; 12 LEs                 ; Yes        ; |BP|framebuffer_dht[1][217]                                     ;
; 3:1                ; 12 bits   ; 24 LEs        ; 12 LEs               ; 12 LEs                 ; Yes        ; |BP|framebuffer_dht[1][227]                                     ;
; 3:1                ; 12 bits   ; 24 LEs        ; 12 LEs               ; 12 LEs                 ; Yes        ; |BP|framebuffer_dht[1][234]                                     ;
; 3:1                ; 12 bits   ; 24 LEs        ; 12 LEs               ; 12 LEs                 ; Yes        ; |BP|framebuffer_dht[1][244]                                     ;
; 3:1                ; 12 bits   ; 24 LEs        ; 12 LEs               ; 12 LEs                 ; Yes        ; |BP|framebuffer_ds[1][252]                                      ;
; 3:1                ; 12 bits   ; 24 LEs        ; 12 LEs               ; 12 LEs                 ; Yes        ; |BP|framebuffer_dht[2][2]                                       ;
; 3:1                ; 12 bits   ; 24 LEs        ; 12 LEs               ; 12 LEs                 ; Yes        ; |BP|framebuffer_ds[2][9]                                        ;
; 3:1                ; 12 bits   ; 24 LEs        ; 12 LEs               ; 12 LEs                 ; Yes        ; |BP|framebuffer_dht[2][20]                                      ;
; 3:1                ; 12 bits   ; 24 LEs        ; 12 LEs               ; 12 LEs                 ; Yes        ; |BP|framebuffer_dht[2][27]                                      ;
; 3:1                ; 12 bits   ; 24 LEs        ; 12 LEs               ; 12 LEs                 ; Yes        ; |BP|framebuffer_ds[2][36]                                       ;
; 3:1                ; 12 bits   ; 24 LEs        ; 12 LEs               ; 12 LEs                 ; Yes        ; |BP|framebuffer_ds[2][43]                                       ;
; 3:1                ; 12 bits   ; 24 LEs        ; 12 LEs               ; 12 LEs                 ; Yes        ; |BP|framebuffer_dht[2][49]                                      ;
; 3:1                ; 12 bits   ; 24 LEs        ; 12 LEs               ; 12 LEs                 ; Yes        ; |BP|framebuffer_ds[2][58]                                       ;
; 3:1                ; 12 bits   ; 24 LEs        ; 12 LEs               ; 12 LEs                 ; Yes        ; |BP|framebuffer_ds[2][70]                                       ;
; 3:1                ; 12 bits   ; 24 LEs        ; 12 LEs               ; 12 LEs                 ; Yes        ; |BP|framebuffer_ds[2][78]                                       ;
; 3:1                ; 12 bits   ; 24 LEs        ; 12 LEs               ; 12 LEs                 ; Yes        ; |BP|framebuffer_dht[2][83]                                      ;
; 3:1                ; 12 bits   ; 24 LEs        ; 12 LEs               ; 12 LEs                 ; Yes        ; |BP|framebuffer_dht[2][91]                                      ;
; 3:1                ; 12 bits   ; 24 LEs        ; 12 LEs               ; 12 LEs                 ; Yes        ; |BP|framebuffer_ds[2][102]                                      ;
; 3:1                ; 12 bits   ; 24 LEs        ; 12 LEs               ; 12 LEs                 ; Yes        ; |BP|framebuffer_dht[2][107]                                     ;
; 3:1                ; 12 bits   ; 24 LEs        ; 12 LEs               ; 12 LEs                 ; Yes        ; |BP|framebuffer_dht[2][114]                                     ;
; 3:1                ; 12 bits   ; 24 LEs        ; 12 LEs               ; 12 LEs                 ; Yes        ; |BP|framebuffer_dht[2][124]                                     ;
; 3:1                ; 12 bits   ; 24 LEs        ; 12 LEs               ; 12 LEs                 ; Yes        ; |BP|framebuffer_dht[2][134]                                     ;
; 3:1                ; 12 bits   ; 24 LEs        ; 12 LEs               ; 12 LEs                 ; Yes        ; |BP|framebuffer_ds[2][140]                                      ;
; 3:1                ; 12 bits   ; 24 LEs        ; 12 LEs               ; 12 LEs                 ; Yes        ; |BP|framebuffer_dht[2][148]                                     ;
; 3:1                ; 12 bits   ; 24 LEs        ; 12 LEs               ; 12 LEs                 ; Yes        ; |BP|framebuffer_dht[2][158]                                     ;
; 3:1                ; 12 bits   ; 24 LEs        ; 12 LEs               ; 12 LEs                 ; Yes        ; |BP|framebuffer_ds[2][164]                                      ;
; 3:1                ; 12 bits   ; 24 LEs        ; 12 LEs               ; 12 LEs                 ; Yes        ; |BP|framebuffer_dht[2][173]                                     ;
; 3:1                ; 12 bits   ; 24 LEs        ; 12 LEs               ; 12 LEs                 ; Yes        ; |BP|framebuffer_dht[2][177]                                     ;
; 3:1                ; 12 bits   ; 24 LEs        ; 12 LEs               ; 12 LEs                 ; Yes        ; |BP|framebuffer_dht[2][185]                                     ;
; 3:1                ; 12 bits   ; 24 LEs        ; 12 LEs               ; 12 LEs                 ; Yes        ; |BP|framebuffer_ds[2][198]                                      ;
; 3:1                ; 12 bits   ; 24 LEs        ; 12 LEs               ; 12 LEs                 ; Yes        ; |BP|framebuffer_dht[2][202]                                     ;
; 3:1                ; 12 bits   ; 24 LEs        ; 12 LEs               ; 12 LEs                 ; Yes        ; |BP|framebuffer_dht[2][210]                                     ;
; 3:1                ; 12 bits   ; 24 LEs        ; 12 LEs               ; 12 LEs                 ; Yes        ; |BP|framebuffer_dht[2][222]                                     ;
; 3:1                ; 12 bits   ; 24 LEs        ; 12 LEs               ; 12 LEs                 ; Yes        ; |BP|framebuffer_dht[2][230]                                     ;
; 3:1                ; 12 bits   ; 24 LEs        ; 12 LEs               ; 12 LEs                 ; Yes        ; |BP|framebuffer_ds[2][234]                                      ;
; 3:1                ; 12 bits   ; 24 LEs        ; 12 LEs               ; 12 LEs                 ; Yes        ; |BP|framebuffer_dht[2][244]                                     ;
; 3:1                ; 12 bits   ; 24 LEs        ; 12 LEs               ; 12 LEs                 ; Yes        ; |BP|framebuffer_dht[2][254]                                     ;
; 3:1                ; 12 bits   ; 24 LEs        ; 12 LEs               ; 12 LEs                 ; Yes        ; |BP|framebuffer_ds[3][4]                                        ;
; 3:1                ; 12 bits   ; 24 LEs        ; 12 LEs               ; 12 LEs                 ; Yes        ; |BP|framebuffer_ds[3][12]                                       ;
; 3:1                ; 12 bits   ; 24 LEs        ; 12 LEs               ; 12 LEs                 ; Yes        ; |BP|framebuffer_dht[3][22]                                      ;
; 3:1                ; 12 bits   ; 24 LEs        ; 12 LEs               ; 12 LEs                 ; Yes        ; |BP|framebuffer_ds[3][30]                                       ;
; 3:1                ; 12 bits   ; 24 LEs        ; 12 LEs               ; 12 LEs                 ; Yes        ; |BP|framebuffer_dht[3][38]                                      ;
; 3:1                ; 12 bits   ; 24 LEs        ; 12 LEs               ; 12 LEs                 ; Yes        ; |BP|framebuffer_ds[3][42]                                       ;
; 3:1                ; 12 bits   ; 24 LEs        ; 12 LEs               ; 12 LEs                 ; Yes        ; |BP|framebuffer_dht[3][51]                                      ;
; 3:1                ; 12 bits   ; 24 LEs        ; 12 LEs               ; 12 LEs                 ; Yes        ; |BP|framebuffer_dht[3][61]                                      ;
; 3:1                ; 12 bits   ; 24 LEs        ; 12 LEs               ; 12 LEs                 ; Yes        ; |BP|framebuffer_dht[3][67]                                      ;
; 3:1                ; 12 bits   ; 24 LEs        ; 12 LEs               ; 12 LEs                 ; Yes        ; |BP|framebuffer_dht[3][78]                                      ;
; 3:1                ; 12 bits   ; 24 LEs        ; 12 LEs               ; 12 LEs                 ; Yes        ; |BP|framebuffer_dht[3][82]                                      ;
; 3:1                ; 12 bits   ; 24 LEs        ; 12 LEs               ; 12 LEs                 ; Yes        ; |BP|framebuffer_dht[3][89]                                      ;
; 3:1                ; 12 bits   ; 24 LEs        ; 12 LEs               ; 12 LEs                 ; Yes        ; |BP|framebuffer_ds[3][97]                                       ;
; 3:1                ; 12 bits   ; 24 LEs        ; 12 LEs               ; 12 LEs                 ; Yes        ; |BP|framebuffer_dht[3][110]                                     ;
; 3:1                ; 12 bits   ; 24 LEs        ; 12 LEs               ; 12 LEs                 ; Yes        ; |BP|framebuffer_ds[3][115]                                      ;
; 3:1                ; 12 bits   ; 24 LEs        ; 12 LEs               ; 12 LEs                 ; Yes        ; |BP|framebuffer_ds[3][126]                                      ;
; 3:1                ; 12 bits   ; 24 LEs        ; 12 LEs               ; 12 LEs                 ; Yes        ; |BP|framebuffer_dht[3][134]                                     ;
; 3:1                ; 12 bits   ; 24 LEs        ; 12 LEs               ; 12 LEs                 ; Yes        ; |BP|framebuffer_ds[3][138]                                      ;
; 3:1                ; 12 bits   ; 24 LEs        ; 12 LEs               ; 12 LEs                 ; Yes        ; |BP|framebuffer_ds[3][150]                                      ;
; 3:1                ; 12 bits   ; 24 LEs        ; 12 LEs               ; 12 LEs                 ; Yes        ; |BP|framebuffer_dht[3][158]                                     ;
; 3:1                ; 12 bits   ; 24 LEs        ; 12 LEs               ; 12 LEs                 ; Yes        ; |BP|framebuffer_dht[3][166]                                     ;
; 3:1                ; 12 bits   ; 24 LEs        ; 12 LEs               ; 12 LEs                 ; Yes        ; |BP|framebuffer_ds[3][170]                                      ;
; 3:1                ; 12 bits   ; 24 LEs        ; 12 LEs               ; 12 LEs                 ; Yes        ; |BP|framebuffer_dht[3][179]                                     ;
; 3:1                ; 12 bits   ; 24 LEs        ; 12 LEs               ; 12 LEs                 ; Yes        ; |BP|framebuffer_ds[3][185]                                      ;
; 3:1                ; 12 bits   ; 24 LEs        ; 12 LEs               ; 12 LEs                 ; Yes        ; |BP|framebuffer_dht[3][198]                                     ;
; 3:1                ; 12 bits   ; 24 LEs        ; 12 LEs               ; 12 LEs                 ; Yes        ; |BP|framebuffer_dht[3][204]                                     ;
; 3:1                ; 12 bits   ; 24 LEs        ; 12 LEs               ; 12 LEs                 ; Yes        ; |BP|framebuffer_ds[3][213]                                      ;
; 3:1                ; 12 bits   ; 24 LEs        ; 12 LEs               ; 12 LEs                 ; Yes        ; |BP|framebuffer_ds[3][221]                                      ;
; 3:1                ; 12 bits   ; 24 LEs        ; 12 LEs               ; 12 LEs                 ; Yes        ; |BP|framebuffer_dht[3][225]                                     ;
; 3:1                ; 12 bits   ; 24 LEs        ; 12 LEs               ; 12 LEs                 ; Yes        ; |BP|framebuffer_ds[3][238]                                      ;
; 3:1                ; 12 bits   ; 24 LEs        ; 12 LEs               ; 12 LEs                 ; Yes        ; |BP|framebuffer_dht[3][244]                                     ;
; 3:1                ; 12 bits   ; 24 LEs        ; 12 LEs               ; 12 LEs                 ; Yes        ; |BP|framebuffer_dht[3][254]                                     ;
; 3:1                ; 12 bits   ; 24 LEs        ; 12 LEs               ; 12 LEs                 ; Yes        ; |BP|framebuffer_dht[4][3]                                       ;
; 3:1                ; 12 bits   ; 24 LEs        ; 12 LEs               ; 12 LEs                 ; Yes        ; |BP|framebuffer_ds[4][14]                                       ;
; 3:1                ; 12 bits   ; 24 LEs        ; 12 LEs               ; 12 LEs                 ; Yes        ; |BP|framebuffer_ds[4][17]                                       ;
; 3:1                ; 12 bits   ; 24 LEs        ; 12 LEs               ; 12 LEs                 ; Yes        ; |BP|framebuffer_ds[4][29]                                       ;
; 3:1                ; 12 bits   ; 24 LEs        ; 12 LEs               ; 12 LEs                 ; Yes        ; |BP|framebuffer_ds[4][34]                                       ;
; 3:1                ; 12 bits   ; 24 LEs        ; 12 LEs               ; 12 LEs                 ; Yes        ; |BP|framebuffer_ds[4][41]                                       ;
; 3:1                ; 12 bits   ; 24 LEs        ; 12 LEs               ; 12 LEs                 ; Yes        ; |BP|framebuffer_dht[4][49]                                      ;
; 3:1                ; 12 bits   ; 24 LEs        ; 12 LEs               ; 12 LEs                 ; Yes        ; |BP|framebuffer_ds[4][58]                                       ;
; 3:1                ; 12 bits   ; 24 LEs        ; 12 LEs               ; 12 LEs                 ; Yes        ; |BP|framebuffer_ds[4][65]                                       ;
; 3:1                ; 12 bits   ; 24 LEs        ; 12 LEs               ; 12 LEs                 ; Yes        ; |BP|framebuffer_ds[4][78]                                       ;
; 3:1                ; 12 bits   ; 24 LEs        ; 12 LEs               ; 12 LEs                 ; Yes        ; |BP|framebuffer_dht[4][82]                                      ;
; 3:1                ; 12 bits   ; 24 LEs        ; 12 LEs               ; 12 LEs                 ; Yes        ; |BP|framebuffer_dht[4][93]                                      ;
; 3:1                ; 12 bits   ; 24 LEs        ; 12 LEs               ; 12 LEs                 ; Yes        ; |BP|framebuffer_ds[4][98]                                       ;
; 3:1                ; 12 bits   ; 24 LEs        ; 12 LEs               ; 12 LEs                 ; Yes        ; |BP|framebuffer_dht[4][107]                                     ;
; 3:1                ; 12 bits   ; 24 LEs        ; 12 LEs               ; 12 LEs                 ; Yes        ; |BP|framebuffer_ds[4][113]                                      ;
; 3:1                ; 12 bits   ; 24 LEs        ; 12 LEs               ; 12 LEs                 ; Yes        ; |BP|framebuffer_ds[4][121]                                      ;
; 3:1                ; 12 bits   ; 24 LEs        ; 12 LEs               ; 12 LEs                 ; Yes        ; |BP|framebuffer_ds[4][134]                                      ;
; 3:1                ; 12 bits   ; 24 LEs        ; 12 LEs               ; 12 LEs                 ; Yes        ; |BP|framebuffer_ds[4][142]                                      ;
; 3:1                ; 12 bits   ; 24 LEs        ; 12 LEs               ; 12 LEs                 ; Yes        ; |BP|framebuffer_dht[4][150]                                     ;
; 3:1                ; 12 bits   ; 24 LEs        ; 12 LEs               ; 12 LEs                 ; Yes        ; |BP|framebuffer_ds[4][153]                                      ;
; 3:1                ; 12 bits   ; 24 LEs        ; 12 LEs               ; 12 LEs                 ; Yes        ; |BP|framebuffer_ds[4][162]                                      ;
; 3:1                ; 12 bits   ; 24 LEs        ; 12 LEs               ; 12 LEs                 ; Yes        ; |BP|framebuffer_ds[4][173]                                      ;
; 3:1                ; 12 bits   ; 24 LEs        ; 12 LEs               ; 12 LEs                 ; Yes        ; |BP|framebuffer_ds[4][181]                                      ;
; 3:1                ; 12 bits   ; 24 LEs        ; 12 LEs               ; 12 LEs                 ; Yes        ; |BP|framebuffer_dht[4][190]                                     ;
; 3:1                ; 12 bits   ; 24 LEs        ; 12 LEs               ; 12 LEs                 ; Yes        ; |BP|framebuffer_ds[4][193]                                      ;
; 3:1                ; 12 bits   ; 24 LEs        ; 12 LEs               ; 12 LEs                 ; Yes        ; |BP|framebuffer_ds[4][206]                                      ;
; 3:1                ; 12 bits   ; 24 LEs        ; 12 LEs               ; 12 LEs                 ; Yes        ; |BP|framebuffer_dht[4][210]                                     ;
; 3:1                ; 12 bits   ; 24 LEs        ; 12 LEs               ; 12 LEs                 ; Yes        ; |BP|framebuffer_dht[4][218]                                     ;
; 3:1                ; 12 bits   ; 24 LEs        ; 12 LEs               ; 12 LEs                 ; Yes        ; |BP|framebuffer_dht[4][227]                                     ;
; 3:1                ; 12 bits   ; 24 LEs        ; 12 LEs               ; 12 LEs                 ; Yes        ; |BP|framebuffer_ds[4][235]                                      ;
; 3:1                ; 12 bits   ; 24 LEs        ; 12 LEs               ; 12 LEs                 ; Yes        ; |BP|framebuffer_ds[4][244]                                      ;
; 3:1                ; 12 bits   ; 24 LEs        ; 12 LEs               ; 12 LEs                 ; Yes        ; |BP|framebuffer_dht[4][254]                                     ;
; 3:1                ; 12 bits   ; 24 LEs        ; 12 LEs               ; 12 LEs                 ; Yes        ; |BP|framebuffer_ds[5][5]                                        ;
; 3:1                ; 12 bits   ; 24 LEs        ; 12 LEs               ; 12 LEs                 ; Yes        ; |BP|framebuffer_ds[5][9]                                        ;
; 3:1                ; 12 bits   ; 24 LEs        ; 12 LEs               ; 12 LEs                 ; Yes        ; |BP|framebuffer_dht[5][22]                                      ;
; 3:1                ; 12 bits   ; 24 LEs        ; 12 LEs               ; 12 LEs                 ; Yes        ; |BP|framebuffer_ds[5][25]                                       ;
; 3:1                ; 12 bits   ; 24 LEs        ; 12 LEs               ; 12 LEs                 ; Yes        ; |BP|framebuffer_dht[5][38]                                      ;
; 3:1                ; 12 bits   ; 24 LEs        ; 12 LEs               ; 12 LEs                 ; Yes        ; |BP|framebuffer_dht[5][45]                                      ;
; 3:1                ; 12 bits   ; 24 LEs        ; 12 LEs               ; 12 LEs                 ; Yes        ; |BP|framebuffer_ds[5][52]                                       ;
; 3:1                ; 12 bits   ; 24 LEs        ; 12 LEs               ; 12 LEs                 ; Yes        ; |BP|framebuffer_ds[5][57]                                       ;
; 3:1                ; 12 bits   ; 24 LEs        ; 12 LEs               ; 12 LEs                 ; Yes        ; |BP|framebuffer_dht[5][65]                                      ;
; 3:1                ; 12 bits   ; 24 LEs        ; 12 LEs               ; 12 LEs                 ; Yes        ; |BP|framebuffer_ds[5][76]                                       ;
; 3:1                ; 12 bits   ; 24 LEs        ; 12 LEs               ; 12 LEs                 ; Yes        ; |BP|framebuffer_dht[5][86]                                      ;
; 3:1                ; 12 bits   ; 24 LEs        ; 12 LEs               ; 12 LEs                 ; Yes        ; |BP|framebuffer_ds[5][90]                                       ;
; 3:1                ; 12 bits   ; 24 LEs        ; 12 LEs               ; 12 LEs                 ; Yes        ; |BP|framebuffer_dht[5][97]                                      ;
; 3:1                ; 12 bits   ; 24 LEs        ; 12 LEs               ; 12 LEs                 ; Yes        ; |BP|framebuffer_dht[5][109]                                     ;
; 3:1                ; 12 bits   ; 24 LEs        ; 12 LEs               ; 12 LEs                 ; Yes        ; |BP|framebuffer_dht[5][118]                                     ;
; 3:1                ; 12 bits   ; 24 LEs        ; 12 LEs               ; 12 LEs                 ; Yes        ; |BP|framebuffer_dht[5][126]                                     ;
; 3:1                ; 12 bits   ; 24 LEs        ; 12 LEs               ; 12 LEs                 ; Yes        ; |BP|framebuffer_dht[5][134]                                     ;
; 3:1                ; 12 bits   ; 24 LEs        ; 12 LEs               ; 12 LEs                 ; Yes        ; |BP|framebuffer_ds[5][142]                                      ;
; 3:1                ; 12 bits   ; 24 LEs        ; 12 LEs               ; 12 LEs                 ; Yes        ; |BP|framebuffer_dht[5][147]                                     ;
; 3:1                ; 12 bits   ; 24 LEs        ; 12 LEs               ; 12 LEs                 ; Yes        ; |BP|framebuffer_dht[5][158]                                     ;
; 3:1                ; 12 bits   ; 24 LEs        ; 12 LEs               ; 12 LEs                 ; Yes        ; |BP|framebuffer_ds[5][161]                                      ;
; 3:1                ; 12 bits   ; 24 LEs        ; 12 LEs               ; 12 LEs                 ; Yes        ; |BP|framebuffer_ds[5][173]                                      ;
; 3:1                ; 12 bits   ; 24 LEs        ; 12 LEs               ; 12 LEs                 ; Yes        ; |BP|framebuffer_dht[5][178]                                     ;
; 3:1                ; 12 bits   ; 24 LEs        ; 12 LEs               ; 12 LEs                 ; Yes        ; |BP|framebuffer_ds[5][185]                                      ;
; 3:1                ; 12 bits   ; 24 LEs        ; 12 LEs               ; 12 LEs                 ; Yes        ; |BP|framebuffer_dht[5][196]                                     ;
; 3:1                ; 12 bits   ; 24 LEs        ; 12 LEs               ; 12 LEs                 ; Yes        ; |BP|framebuffer_dht[5][204]                                     ;
; 3:1                ; 12 bits   ; 24 LEs        ; 12 LEs               ; 12 LEs                 ; Yes        ; |BP|framebuffer_dht[5][211]                                     ;
; 3:1                ; 12 bits   ; 24 LEs        ; 12 LEs               ; 12 LEs                 ; Yes        ; |BP|framebuffer_dht[5][218]                                     ;
; 3:1                ; 12 bits   ; 24 LEs        ; 12 LEs               ; 12 LEs                 ; Yes        ; |BP|framebuffer_dht[5][225]                                     ;
; 3:1                ; 12 bits   ; 24 LEs        ; 12 LEs               ; 12 LEs                 ; Yes        ; |BP|framebuffer_dht[5][235]                                     ;
; 3:1                ; 12 bits   ; 24 LEs        ; 12 LEs               ; 12 LEs                 ; Yes        ; |BP|framebuffer_ds[5][242]                                      ;
; 3:1                ; 12 bits   ; 24 LEs        ; 12 LEs               ; 12 LEs                 ; Yes        ; |BP|framebuffer_ds[5][250]                                      ;
; 3:1                ; 12 bits   ; 24 LEs        ; 12 LEs               ; 12 LEs                 ; Yes        ; |BP|framebuffer_ds[6][2]                                        ;
; 3:1                ; 12 bits   ; 24 LEs        ; 12 LEs               ; 12 LEs                 ; Yes        ; |BP|framebuffer_ds[6][14]                                       ;
; 3:1                ; 12 bits   ; 24 LEs        ; 12 LEs               ; 12 LEs                 ; Yes        ; |BP|framebuffer_dht[6][22]                                      ;
; 3:1                ; 12 bits   ; 24 LEs        ; 12 LEs               ; 12 LEs                 ; Yes        ; |BP|framebuffer_ds[6][29]                                       ;
; 3:1                ; 12 bits   ; 24 LEs        ; 12 LEs               ; 12 LEs                 ; Yes        ; |BP|framebuffer_ds[6][33]                                       ;
; 3:1                ; 12 bits   ; 24 LEs        ; 12 LEs               ; 12 LEs                 ; Yes        ; |BP|framebuffer_ds[6][44]                                       ;
; 3:1                ; 12 bits   ; 24 LEs        ; 12 LEs               ; 12 LEs                 ; Yes        ; |BP|framebuffer_ds[6][53]                                       ;
; 3:1                ; 12 bits   ; 24 LEs        ; 12 LEs               ; 12 LEs                 ; Yes        ; |BP|framebuffer_ds[6][58]                                       ;
; 3:1                ; 12 bits   ; 24 LEs        ; 12 LEs               ; 12 LEs                 ; Yes        ; |BP|framebuffer_dht[6][65]                                      ;
; 3:1                ; 12 bits   ; 24 LEs        ; 12 LEs               ; 12 LEs                 ; Yes        ; |BP|framebuffer_ds[6][78]                                       ;
; 3:1                ; 12 bits   ; 24 LEs        ; 12 LEs               ; 12 LEs                 ; Yes        ; |BP|framebuffer_ds[6][86]                                       ;
; 3:1                ; 12 bits   ; 24 LEs        ; 12 LEs               ; 12 LEs                 ; Yes        ; |BP|framebuffer_dht[6][89]                                      ;
; 3:1                ; 12 bits   ; 24 LEs        ; 12 LEs               ; 12 LEs                 ; Yes        ; |BP|framebuffer_ds[6][102]                                      ;
; 3:1                ; 12 bits   ; 24 LEs        ; 12 LEs               ; 12 LEs                 ; Yes        ; |BP|framebuffer_ds[6][109]                                      ;
; 3:1                ; 12 bits   ; 24 LEs        ; 12 LEs               ; 12 LEs                 ; Yes        ; |BP|framebuffer_ds[6][113]                                      ;
; 3:1                ; 12 bits   ; 24 LEs        ; 12 LEs               ; 12 LEs                 ; Yes        ; |BP|framebuffer_ds[6][121]                                      ;
; 3:1                ; 12 bits   ; 24 LEs        ; 12 LEs               ; 12 LEs                 ; Yes        ; |BP|framebuffer_ds[6][132]                                      ;
; 3:1                ; 12 bits   ; 24 LEs        ; 12 LEs               ; 12 LEs                 ; Yes        ; |BP|framebuffer_dht[6][142]                                     ;
; 3:1                ; 12 bits   ; 24 LEs        ; 12 LEs               ; 12 LEs                 ; Yes        ; |BP|framebuffer_ds[6][146]                                      ;
; 3:1                ; 12 bits   ; 24 LEs        ; 12 LEs               ; 12 LEs                 ; Yes        ; |BP|framebuffer_ds[6][153]                                      ;
; 3:1                ; 12 bits   ; 24 LEs        ; 12 LEs               ; 12 LEs                 ; Yes        ; |BP|framebuffer_ds[6][161]                                      ;
; 3:1                ; 12 bits   ; 24 LEs        ; 12 LEs               ; 12 LEs                 ; Yes        ; |BP|framebuffer_ds[6][169]                                      ;
; 3:1                ; 12 bits   ; 24 LEs        ; 12 LEs               ; 12 LEs                 ; Yes        ; |BP|framebuffer_ds[6][177]                                      ;
; 3:1                ; 12 bits   ; 24 LEs        ; 12 LEs               ; 12 LEs                 ; Yes        ; |BP|framebuffer_ds[6][185]                                      ;
; 3:1                ; 12 bits   ; 24 LEs        ; 12 LEs               ; 12 LEs                 ; Yes        ; |BP|framebuffer_ds[6][193]                                      ;
; 3:1                ; 12 bits   ; 24 LEs        ; 12 LEs               ; 12 LEs                 ; Yes        ; |BP|framebuffer_dht[6][201]                                     ;
; 3:1                ; 12 bits   ; 24 LEs        ; 12 LEs               ; 12 LEs                 ; Yes        ; |BP|framebuffer_dht[6][209]                                     ;
; 3:1                ; 12 bits   ; 24 LEs        ; 12 LEs               ; 12 LEs                 ; Yes        ; |BP|framebuffer_dht[6][217]                                     ;
; 3:1                ; 12 bits   ; 24 LEs        ; 12 LEs               ; 12 LEs                 ; Yes        ; |BP|framebuffer_dht[6][229]                                     ;
; 3:1                ; 12 bits   ; 24 LEs        ; 12 LEs               ; 12 LEs                 ; Yes        ; |BP|framebuffer_dht[6][234]                                     ;
; 3:1                ; 12 bits   ; 24 LEs        ; 12 LEs               ; 12 LEs                 ; Yes        ; |BP|framebuffer_dht[6][242]                                     ;
; 3:1                ; 12 bits   ; 24 LEs        ; 12 LEs               ; 12 LEs                 ; Yes        ; |BP|framebuffer_dht[6][249]                                     ;
; 3:1                ; 12 bits   ; 24 LEs        ; 12 LEs               ; 12 LEs                 ; Yes        ; |BP|framebuffer_ds[7][2]                                        ;
; 3:1                ; 12 bits   ; 24 LEs        ; 12 LEs               ; 12 LEs                 ; Yes        ; |BP|framebuffer_ds[7][14]                                       ;
; 3:1                ; 12 bits   ; 24 LEs        ; 12 LEs               ; 12 LEs                 ; Yes        ; |BP|framebuffer_ds[7][22]                                       ;
; 3:1                ; 12 bits   ; 24 LEs        ; 12 LEs               ; 12 LEs                 ; Yes        ; |BP|framebuffer_ds[7][30]                                       ;
; 3:1                ; 12 bits   ; 24 LEs        ; 12 LEs               ; 12 LEs                 ; Yes        ; |BP|framebuffer_ds[7][36]                                       ;
; 3:1                ; 12 bits   ; 24 LEs        ; 12 LEs               ; 12 LEs                 ; Yes        ; |BP|framebuffer_dht[7][45]                                      ;
; 3:1                ; 12 bits   ; 24 LEs        ; 12 LEs               ; 12 LEs                 ; Yes        ; |BP|framebuffer_dht[7][51]                                      ;
; 3:1                ; 12 bits   ; 24 LEs        ; 12 LEs               ; 12 LEs                 ; Yes        ; |BP|framebuffer_ds[7][61]                                       ;
; 3:1                ; 12 bits   ; 24 LEs        ; 12 LEs               ; 12 LEs                 ; Yes        ; |BP|framebuffer_ds[7][69]                                       ;
; 3:1                ; 12 bits   ; 24 LEs        ; 12 LEs               ; 12 LEs                 ; Yes        ; |BP|framebuffer_ds[7][73]                                       ;
; 3:1                ; 12 bits   ; 24 LEs        ; 12 LEs               ; 12 LEs                 ; Yes        ; |BP|framebuffer_dht[7][86]                                      ;
; 3:1                ; 12 bits   ; 24 LEs        ; 12 LEs               ; 12 LEs                 ; Yes        ; |BP|framebuffer_dht[7][89]                                      ;
; 3:1                ; 12 bits   ; 24 LEs        ; 12 LEs               ; 12 LEs                 ; Yes        ; |BP|framebuffer_ds[7][99]                                       ;
; 3:1                ; 12 bits   ; 24 LEs        ; 12 LEs               ; 12 LEs                 ; Yes        ; |BP|framebuffer_dht[7][107]                                     ;
; 3:1                ; 12 bits   ; 24 LEs        ; 12 LEs               ; 12 LEs                 ; Yes        ; |BP|framebuffer_ds[7][117]                                      ;
; 3:1                ; 12 bits   ; 24 LEs        ; 12 LEs               ; 12 LEs                 ; Yes        ; |BP|framebuffer_dht[7][126]                                     ;
; 3:1                ; 12 bits   ; 24 LEs        ; 12 LEs               ; 12 LEs                 ; Yes        ; |BP|framebuffer_dht[7][131]                                     ;
; 3:1                ; 12 bits   ; 24 LEs        ; 12 LEs               ; 12 LEs                 ; Yes        ; |BP|framebuffer_ds[7][137]                                      ;
; 3:1                ; 12 bits   ; 24 LEs        ; 12 LEs               ; 12 LEs                 ; Yes        ; |BP|framebuffer_dht[7][147]                                     ;
; 3:1                ; 12 bits   ; 24 LEs        ; 12 LEs               ; 12 LEs                 ; Yes        ; |BP|framebuffer_dht[7][154]                                     ;
; 3:1                ; 12 bits   ; 24 LEs        ; 12 LEs               ; 12 LEs                 ; Yes        ; |BP|framebuffer_ds[7][161]                                      ;
; 3:1                ; 12 bits   ; 24 LEs        ; 12 LEs               ; 12 LEs                 ; Yes        ; |BP|framebuffer_dht[7][169]                                     ;
; 3:1                ; 12 bits   ; 24 LEs        ; 12 LEs               ; 12 LEs                 ; Yes        ; |BP|framebuffer_dht[7][182]                                     ;
; 3:1                ; 12 bits   ; 24 LEs        ; 12 LEs               ; 12 LEs                 ; Yes        ; |BP|framebuffer_ds[7][187]                                      ;
; 3:1                ; 12 bits   ; 24 LEs        ; 12 LEs               ; 12 LEs                 ; Yes        ; |BP|framebuffer_dht[7][198]                                     ;
; 3:1                ; 12 bits   ; 24 LEs        ; 12 LEs               ; 12 LEs                 ; Yes        ; |BP|framebuffer_dht[7][205]                                     ;
; 3:1                ; 12 bits   ; 24 LEs        ; 12 LEs               ; 12 LEs                 ; Yes        ; |BP|framebuffer_dht[7][214]                                     ;
; 3:1                ; 12 bits   ; 24 LEs        ; 12 LEs               ; 12 LEs                 ; Yes        ; |BP|framebuffer_ds[7][221]                                      ;
; 3:1                ; 12 bits   ; 24 LEs        ; 12 LEs               ; 12 LEs                 ; Yes        ; |BP|framebuffer_ds[7][226]                                      ;
; 3:1                ; 12 bits   ; 24 LEs        ; 12 LEs               ; 12 LEs                 ; Yes        ; |BP|framebuffer_ds[7][234]                                      ;
; 3:1                ; 12 bits   ; 24 LEs        ; 12 LEs               ; 12 LEs                 ; Yes        ; |BP|framebuffer_ds[7][246]                                      ;
; 3:1                ; 12 bits   ; 24 LEs        ; 12 LEs               ; 12 LEs                 ; Yes        ; |BP|framebuffer_dht[7][250]                                     ;
; 3:1                ; 13 bits   ; 26 LEs        ; 13 LEs               ; 13 LEs                 ; Yes        ; |BP|synch_reg_dht:synch_reg_dht_inst|hum_dht2[0]                ;
; 3:1                ; 3 bits    ; 6 LEs         ; 3 LEs                ; 3 LEs                  ; Yes        ; |BP|rom:rom_inst|row_counter[2]                                 ;
; 3:1                ; 16 bits   ; 32 LEs        ; 16 LEs               ; 16 LEs                 ; Yes        ; |BP|synch_reg_dht:synch_reg_dht_inst|hum_dht_reg[7]             ;
; 3:1                ; 5 bits    ; 10 LEs        ; 5 LEs                ; 5 LEs                  ; Yes        ; |BP|data_to_text_dht:data_to_text_dht_inst|char_counter[4]      ;
; 3:1                ; 12 bits   ; 24 LEs        ; 12 LEs               ; 12 LEs                 ; Yes        ; |BP|synch_reg_ds:synch_reg_ds_inst|data_ds_reg[11]              ;
; 4:1                ; 6 bits    ; 12 LEs        ; 6 LEs                ; 6 LEs                  ; Yes        ; |BP|char_x[0]                                                   ;
; 4:1                ; 5 bits    ; 10 LEs        ; 5 LEs                ; 5 LEs                  ; Yes        ; |BP|data_to_text_ds:data_to_text_ds_inst|char_counter[1]        ;
; 5:1                ; 3 bits    ; 9 LEs         ; 3 LEs                ; 6 LEs                  ; Yes        ; |BP|dht11_controller:dht11_inst|data_bit[6]                     ;
; 5:1                ; 2 bits    ; 6 LEs         ; 2 LEs                ; 4 LEs                  ; Yes        ; |BP|ds18b20_controller:ds18b20_inst|command[6]                  ;
; 70:1               ; 2 bits    ; 92 LEs        ; 54 LEs               ; 38 LEs                 ; Yes        ; |BP|data_to_text_ds:data_to_text_ds_inst|addr_out[4]            ;
; 70:1               ; 2 bits    ; 92 LEs        ; 56 LEs               ; 36 LEs                 ; Yes        ; |BP|data_to_text_dht:data_to_text_dht_inst|addr_out[4]          ;
; 3:1                ; 3 bits    ; 6 LEs         ; 6 LEs                ; 0 LEs                  ; Yes        ; |BP|data_to_text_dht:data_to_text_dht_inst|row_counter[1]       ;
; 5:1                ; 4 bits    ; 12 LEs        ; 4 LEs                ; 8 LEs                  ; Yes        ; |BP|dht11_controller:dht11_inst|data_bit[5]                     ;
; 3:1                ; 2 bits    ; 4 LEs         ; 4 LEs                ; 0 LEs                  ; No         ; |BP|rom:rom_inst|Mux35                                          ;
; 3:1                ; 2 bits    ; 4 LEs         ; 4 LEs                ; 0 LEs                  ; No         ; |BP|rom:rom_inst|Mux29                                          ;
; 9:1                ; 2 bits    ; 12 LEs        ; 8 LEs                ; 4 LEs                  ; No         ; |BP|B                                                           ;
; 10:1               ; 5 bits    ; 30 LEs        ; 20 LEs               ; 10 LEs                 ; No         ; |BP|dht11_controller:dht11_inst|Selector36                      ;
; 9:1                ; 25 bits   ; 150 LEs       ; 25 LEs               ; 125 LEs                ; No         ; |BP|dht11_controller:dht11_inst|Selector8                       ;
; 12:1               ; 3 bits    ; 24 LEs        ; 12 LEs               ; 12 LEs                 ; No         ; |BP|ds18b20_controller:ds18b20_inst|Selector29                  ;
; 14:1               ; 2 bits    ; 18 LEs        ; 6 LEs                ; 12 LEs                 ; No         ; |BP|ds18b20_controller:ds18b20_inst|Selector35                  ;
; 14:1               ; 2 bits    ; 18 LEs        ; 8 LEs                ; 10 LEs                 ; No         ; |BP|ds18b20_controller:ds18b20_inst|Selector30                  ;
; 14:1               ; 25 bits   ; 225 LEs       ; 50 LEs               ; 175 LEs                ; No         ; |BP|ds18b20_controller:ds18b20_inst|Selector7                   ;
; 2048:1             ; 2 bits    ; 2730 LEs      ; 2388 LEs             ; 342 LEs                ; No         ; |BP|Mux8                                                        ;
+--------------------+-----------+---------------+----------------------+------------------------+------------+-----------------------------------------------------------------+


+-------------------------------------------------------------------------------------------------+
; Parameter Settings for User Entity Instance: vga_controller:vga_controller_inst|counter:h_citac ;
+----------------+-------+------------------------------------------------------------------------+
; Parameter Name ; Value ; Type                                                                   ;
+----------------+-------+------------------------------------------------------------------------+
; konec_linky    ; 799   ; Signed Integer                                                         ;
+----------------+-------+------------------------------------------------------------------------+
Note: In order to hide this table in the UI and the text report file, please set the "Show Parameter Settings in Synthesis Report" option in "Analysis and Synthesis Settings -> More Settings" to "Off".


+-------------------------------------------------------------------------------------------------+
; Parameter Settings for User Entity Instance: vga_controller:vga_controller_inst|counter:v_citac ;
+----------------+-------+------------------------------------------------------------------------+
; Parameter Name ; Value ; Type                                                                   ;
+----------------+-------+------------------------------------------------------------------------+
; konec_linky    ; 524   ; Signed Integer                                                         ;
+----------------+-------+------------------------------------------------------------------------+
Note: In order to hide this table in the UI and the text report file, please set the "Show Parameter Settings in Synthesis Report" option in "Analysis and Synthesis Settings -> More Settings" to "Off".


+-----------------------------------------------------------------------------------------------+
; Parameter Settings for User Entity Instance: pll_25MHz:pll_25MHz_inst|altpll:altpll_component ;
+-------------------------------+-----------------------------+---------------------------------+
; Parameter Name                ; Value                       ; Type                            ;
+-------------------------------+-----------------------------+---------------------------------+
; OPERATION_MODE                ; NORMAL                      ; Untyped                         ;
; PLL_TYPE                      ; AUTO                        ; Untyped                         ;
; LPM_HINT                      ; CBX_MODULE_PREFIX=pll_25MHz ; Untyped                         ;
; QUALIFY_CONF_DONE             ; OFF                         ; Untyped                         ;
; COMPENSATE_CLOCK              ; CLK0                        ; Untyped                         ;
; SCAN_CHAIN                    ; LONG                        ; Untyped                         ;
; PRIMARY_CLOCK                 ; INCLK0                      ; Untyped                         ;
; INCLK0_INPUT_FREQUENCY        ; 20000                       ; Signed Integer                  ;
; INCLK1_INPUT_FREQUENCY        ; 0                           ; Untyped                         ;
; GATE_LOCK_SIGNAL              ; NO                          ; Untyped                         ;
; GATE_LOCK_COUNTER             ; 0                           ; Untyped                         ;
; LOCK_HIGH                     ; 1                           ; Untyped                         ;
; LOCK_LOW                      ; 1                           ; Untyped                         ;
; VALID_LOCK_MULTIPLIER         ; 1                           ; Untyped                         ;
; INVALID_LOCK_MULTIPLIER       ; 5                           ; Untyped                         ;
; SWITCH_OVER_ON_LOSSCLK        ; OFF                         ; Untyped                         ;
; SWITCH_OVER_ON_GATED_LOCK     ; OFF                         ; Untyped                         ;
; ENABLE_SWITCH_OVER_COUNTER    ; OFF                         ; Untyped                         ;
; SKIP_VCO                      ; OFF                         ; Untyped                         ;
; SWITCH_OVER_COUNTER           ; 0                           ; Untyped                         ;
; SWITCH_OVER_TYPE              ; AUTO                        ; Untyped                         ;
; FEEDBACK_SOURCE               ; EXTCLK0                     ; Untyped                         ;
; BANDWIDTH                     ; 0                           ; Untyped                         ;
; BANDWIDTH_TYPE                ; AUTO                        ; Untyped                         ;
; SPREAD_FREQUENCY              ; 0                           ; Untyped                         ;
; DOWN_SPREAD                   ; 0                           ; Untyped                         ;
; SELF_RESET_ON_GATED_LOSS_LOCK ; OFF                         ; Untyped                         ;
; SELF_RESET_ON_LOSS_LOCK       ; OFF                         ; Untyped                         ;
; CLK9_MULTIPLY_BY              ; 0                           ; Untyped                         ;
; CLK8_MULTIPLY_BY              ; 0                           ; Untyped                         ;
; CLK7_MULTIPLY_BY              ; 0                           ; Untyped                         ;
; CLK6_MULTIPLY_BY              ; 0                           ; Untyped                         ;
; CLK5_MULTIPLY_BY              ; 1                           ; Untyped                         ;
; CLK4_MULTIPLY_BY              ; 1                           ; Untyped                         ;
; CLK3_MULTIPLY_BY              ; 1                           ; Untyped                         ;
; CLK2_MULTIPLY_BY              ; 1                           ; Untyped                         ;
; CLK1_MULTIPLY_BY              ; 1                           ; Untyped                         ;
; CLK0_MULTIPLY_BY              ; 1                           ; Signed Integer                  ;
; CLK9_DIVIDE_BY                ; 0                           ; Untyped                         ;
; CLK8_DIVIDE_BY                ; 0                           ; Untyped                         ;
; CLK7_DIVIDE_BY                ; 0                           ; Untyped                         ;
; CLK6_DIVIDE_BY                ; 0                           ; Untyped                         ;
; CLK5_DIVIDE_BY                ; 1                           ; Untyped                         ;
; CLK4_DIVIDE_BY                ; 1                           ; Untyped                         ;
; CLK3_DIVIDE_BY                ; 1                           ; Untyped                         ;
; CLK2_DIVIDE_BY                ; 1                           ; Untyped                         ;
; CLK1_DIVIDE_BY                ; 1                           ; Untyped                         ;
; CLK0_DIVIDE_BY                ; 2                           ; Signed Integer                  ;
; CLK9_PHASE_SHIFT              ; 0                           ; Untyped                         ;
; CLK8_PHASE_SHIFT              ; 0                           ; Untyped                         ;
; CLK7_PHASE_SHIFT              ; 0                           ; Untyped                         ;
; CLK6_PHASE_SHIFT              ; 0                           ; Untyped                         ;
; CLK5_PHASE_SHIFT              ; 0                           ; Untyped                         ;
; CLK4_PHASE_SHIFT              ; 0                           ; Untyped                         ;
; CLK3_PHASE_SHIFT              ; 0                           ; Untyped                         ;
; CLK2_PHASE_SHIFT              ; 0                           ; Untyped                         ;
; CLK1_PHASE_SHIFT              ; 0                           ; Untyped                         ;
; CLK0_PHASE_SHIFT              ; 0                           ; Untyped                         ;
; CLK5_TIME_DELAY               ; 0                           ; Untyped                         ;
; CLK4_TIME_DELAY               ; 0                           ; Untyped                         ;
; CLK3_TIME_DELAY               ; 0                           ; Untyped                         ;
; CLK2_TIME_DELAY               ; 0                           ; Untyped                         ;
; CLK1_TIME_DELAY               ; 0                           ; Untyped                         ;
; CLK0_TIME_DELAY               ; 0                           ; Untyped                         ;
; CLK9_DUTY_CYCLE               ; 50                          ; Untyped                         ;
; CLK8_DUTY_CYCLE               ; 50                          ; Untyped                         ;
; CLK7_DUTY_CYCLE               ; 50                          ; Untyped                         ;
; CLK6_DUTY_CYCLE               ; 50                          ; Untyped                         ;
; CLK5_DUTY_CYCLE               ; 50                          ; Untyped                         ;
; CLK4_DUTY_CYCLE               ; 50                          ; Untyped                         ;
; CLK3_DUTY_CYCLE               ; 50                          ; Untyped                         ;
; CLK2_DUTY_CYCLE               ; 50                          ; Untyped                         ;
; CLK1_DUTY_CYCLE               ; 50                          ; Untyped                         ;
; CLK0_DUTY_CYCLE               ; 50                          ; Signed Integer                  ;
; CLK9_USE_EVEN_COUNTER_MODE    ; OFF                         ; Untyped                         ;
; CLK8_USE_EVEN_COUNTER_MODE    ; OFF                         ; Untyped                         ;
; CLK7_USE_EVEN_COUNTER_MODE    ; OFF                         ; Untyped                         ;
; CLK6_USE_EVEN_COUNTER_MODE    ; OFF                         ; Untyped                         ;
; CLK5_USE_EVEN_COUNTER_MODE    ; OFF                         ; Untyped                         ;
; CLK4_USE_EVEN_COUNTER_MODE    ; OFF                         ; Untyped                         ;
; CLK3_USE_EVEN_COUNTER_MODE    ; OFF                         ; Untyped                         ;
; CLK2_USE_EVEN_COUNTER_MODE    ; OFF                         ; Untyped                         ;
; CLK1_USE_EVEN_COUNTER_MODE    ; OFF                         ; Untyped                         ;
; CLK0_USE_EVEN_COUNTER_MODE    ; OFF                         ; Untyped                         ;
; CLK9_USE_EVEN_COUNTER_VALUE   ; OFF                         ; Untyped                         ;
; CLK8_USE_EVEN_COUNTER_VALUE   ; OFF                         ; Untyped                         ;
; CLK7_USE_EVEN_COUNTER_VALUE   ; OFF                         ; Untyped                         ;
; CLK6_USE_EVEN_COUNTER_VALUE   ; OFF                         ; Untyped                         ;
; CLK5_USE_EVEN_COUNTER_VALUE   ; OFF                         ; Untyped                         ;
; CLK4_USE_EVEN_COUNTER_VALUE   ; OFF                         ; Untyped                         ;
; CLK3_USE_EVEN_COUNTER_VALUE   ; OFF                         ; Untyped                         ;
; CLK2_USE_EVEN_COUNTER_VALUE   ; OFF                         ; Untyped                         ;
; CLK1_USE_EVEN_COUNTER_VALUE   ; OFF                         ; Untyped                         ;
; CLK0_USE_EVEN_COUNTER_VALUE   ; OFF                         ; Untyped                         ;
; LOCK_WINDOW_UI                ;  0.05                       ; Untyped                         ;
; LOCK_WINDOW_UI_BITS           ; UNUSED                      ; Untyped                         ;
; VCO_RANGE_DETECTOR_LOW_BITS   ; UNUSED                      ; Untyped                         ;
; VCO_RANGE_DETECTOR_HIGH_BITS  ; UNUSED                      ; Untyped                         ;
; DPA_MULTIPLY_BY               ; 0                           ; Untyped                         ;
; DPA_DIVIDE_BY                 ; 1                           ; Untyped                         ;
; DPA_DIVIDER                   ; 0                           ; Untyped                         ;
; EXTCLK3_MULTIPLY_BY           ; 1                           ; Untyped                         ;
; EXTCLK2_MULTIPLY_BY           ; 1                           ; Untyped                         ;
; EXTCLK1_MULTIPLY_BY           ; 1                           ; Untyped                         ;
; EXTCLK0_MULTIPLY_BY           ; 1                           ; Untyped                         ;
; EXTCLK3_DIVIDE_BY             ; 1                           ; Untyped                         ;
; EXTCLK2_DIVIDE_BY             ; 1                           ; Untyped                         ;
; EXTCLK1_DIVIDE_BY             ; 1                           ; Untyped                         ;
; EXTCLK0_DIVIDE_BY             ; 1                           ; Untyped                         ;
; EXTCLK3_PHASE_SHIFT           ; 0                           ; Untyped                         ;
; EXTCLK2_PHASE_SHIFT           ; 0                           ; Untyped                         ;
; EXTCLK1_PHASE_SHIFT           ; 0                           ; Untyped                         ;
; EXTCLK0_PHASE_SHIFT           ; 0                           ; Untyped                         ;
; EXTCLK3_TIME_DELAY            ; 0                           ; Untyped                         ;
; EXTCLK2_TIME_DELAY            ; 0                           ; Untyped                         ;
; EXTCLK1_TIME_DELAY            ; 0                           ; Untyped                         ;
; EXTCLK0_TIME_DELAY            ; 0                           ; Untyped                         ;
; EXTCLK3_DUTY_CYCLE            ; 50                          ; Untyped                         ;
; EXTCLK2_DUTY_CYCLE            ; 50                          ; Untyped                         ;
; EXTCLK1_DUTY_CYCLE            ; 50                          ; Untyped                         ;
; EXTCLK0_DUTY_CYCLE            ; 50                          ; Untyped                         ;
; VCO_MULTIPLY_BY               ; 0                           ; Untyped                         ;
; VCO_DIVIDE_BY                 ; 0                           ; Untyped                         ;
; SCLKOUT0_PHASE_SHIFT          ; 0                           ; Untyped                         ;
; SCLKOUT1_PHASE_SHIFT          ; 0                           ; Untyped                         ;
; VCO_MIN                       ; 0                           ; Untyped                         ;
; VCO_MAX                       ; 0                           ; Untyped                         ;
; VCO_CENTER                    ; 0                           ; Untyped                         ;
; PFD_MIN                       ; 0                           ; Untyped                         ;
; PFD_MAX                       ; 0                           ; Untyped                         ;
; M_INITIAL                     ; 0                           ; Untyped                         ;
; M                             ; 0                           ; Untyped                         ;
; N                             ; 1                           ; Untyped                         ;
; M2                            ; 1                           ; Untyped                         ;
; N2                            ; 1                           ; Untyped                         ;
; SS                            ; 1                           ; Untyped                         ;
; C0_HIGH                       ; 0                           ; Untyped                         ;
; C1_HIGH                       ; 0                           ; Untyped                         ;
; C2_HIGH                       ; 0                           ; Untyped                         ;
; C3_HIGH                       ; 0                           ; Untyped                         ;
; C4_HIGH                       ; 0                           ; Untyped                         ;
; C5_HIGH                       ; 0                           ; Untyped                         ;
; C6_HIGH                       ; 0                           ; Untyped                         ;
; C7_HIGH                       ; 0                           ; Untyped                         ;
; C8_HIGH                       ; 0                           ; Untyped                         ;
; C9_HIGH                       ; 0                           ; Untyped                         ;
; C0_LOW                        ; 0                           ; Untyped                         ;
; C1_LOW                        ; 0                           ; Untyped                         ;
; C2_LOW                        ; 0                           ; Untyped                         ;
; C3_LOW                        ; 0                           ; Untyped                         ;
; C4_LOW                        ; 0                           ; Untyped                         ;
; C5_LOW                        ; 0                           ; Untyped                         ;
; C6_LOW                        ; 0                           ; Untyped                         ;
; C7_LOW                        ; 0                           ; Untyped                         ;
; C8_LOW                        ; 0                           ; Untyped                         ;
; C9_LOW                        ; 0                           ; Untyped                         ;
; C0_INITIAL                    ; 0                           ; Untyped                         ;
; C1_INITIAL                    ; 0                           ; Untyped                         ;
; C2_INITIAL                    ; 0                           ; Untyped                         ;
; C3_INITIAL                    ; 0                           ; Untyped                         ;
; C4_INITIAL                    ; 0                           ; Untyped                         ;
; C5_INITIAL                    ; 0                           ; Untyped                         ;
; C6_INITIAL                    ; 0                           ; Untyped                         ;
; C7_INITIAL                    ; 0                           ; Untyped                         ;
; C8_INITIAL                    ; 0                           ; Untyped                         ;
; C9_INITIAL                    ; 0                           ; Untyped                         ;
; C0_MODE                       ; BYPASS                      ; Untyped                         ;
; C1_MODE                       ; BYPASS                      ; Untyped                         ;
; C2_MODE                       ; BYPASS                      ; Untyped                         ;
; C3_MODE                       ; BYPASS                      ; Untyped                         ;
; C4_MODE                       ; BYPASS                      ; Untyped                         ;
; C5_MODE                       ; BYPASS                      ; Untyped                         ;
; C6_MODE                       ; BYPASS                      ; Untyped                         ;
; C7_MODE                       ; BYPASS                      ; Untyped                         ;
; C8_MODE                       ; BYPASS                      ; Untyped                         ;
; C9_MODE                       ; BYPASS                      ; Untyped                         ;
; C0_PH                         ; 0                           ; Untyped                         ;
; C1_PH                         ; 0                           ; Untyped                         ;
; C2_PH                         ; 0                           ; Untyped                         ;
; C3_PH                         ; 0                           ; Untyped                         ;
; C4_PH                         ; 0                           ; Untyped                         ;
; C5_PH                         ; 0                           ; Untyped                         ;
; C6_PH                         ; 0                           ; Untyped                         ;
; C7_PH                         ; 0                           ; Untyped                         ;
; C8_PH                         ; 0                           ; Untyped                         ;
; C9_PH                         ; 0                           ; Untyped                         ;
; L0_HIGH                       ; 1                           ; Untyped                         ;
; L1_HIGH                       ; 1                           ; Untyped                         ;
; G0_HIGH                       ; 1                           ; Untyped                         ;
; G1_HIGH                       ; 1                           ; Untyped                         ;
; G2_HIGH                       ; 1                           ; Untyped                         ;
; G3_HIGH                       ; 1                           ; Untyped                         ;
; E0_HIGH                       ; 1                           ; Untyped                         ;
; E1_HIGH                       ; 1                           ; Untyped                         ;
; E2_HIGH                       ; 1                           ; Untyped                         ;
; E3_HIGH                       ; 1                           ; Untyped                         ;
; L0_LOW                        ; 1                           ; Untyped                         ;
; L1_LOW                        ; 1                           ; Untyped                         ;
; G0_LOW                        ; 1                           ; Untyped                         ;
; G1_LOW                        ; 1                           ; Untyped                         ;
; G2_LOW                        ; 1                           ; Untyped                         ;
; G3_LOW                        ; 1                           ; Untyped                         ;
; E0_LOW                        ; 1                           ; Untyped                         ;
; E1_LOW                        ; 1                           ; Untyped                         ;
; E2_LOW                        ; 1                           ; Untyped                         ;
; E3_LOW                        ; 1                           ; Untyped                         ;
; L0_INITIAL                    ; 1                           ; Untyped                         ;
; L1_INITIAL                    ; 1                           ; Untyped                         ;
; G0_INITIAL                    ; 1                           ; Untyped                         ;
; G1_INITIAL                    ; 1                           ; Untyped                         ;
; G2_INITIAL                    ; 1                           ; Untyped                         ;
; G3_INITIAL                    ; 1                           ; Untyped                         ;
; E0_INITIAL                    ; 1                           ; Untyped                         ;
; E1_INITIAL                    ; 1                           ; Untyped                         ;
; E2_INITIAL                    ; 1                           ; Untyped                         ;
; E3_INITIAL                    ; 1                           ; Untyped                         ;
; L0_MODE                       ; BYPASS                      ; Untyped                         ;
; L1_MODE                       ; BYPASS                      ; Untyped                         ;
; G0_MODE                       ; BYPASS                      ; Untyped                         ;
; G1_MODE                       ; BYPASS                      ; Untyped                         ;
; G2_MODE                       ; BYPASS                      ; Untyped                         ;
; G3_MODE                       ; BYPASS                      ; Untyped                         ;
; E0_MODE                       ; BYPASS                      ; Untyped                         ;
; E1_MODE                       ; BYPASS                      ; Untyped                         ;
; E2_MODE                       ; BYPASS                      ; Untyped                         ;
; E3_MODE                       ; BYPASS                      ; Untyped                         ;
; L0_PH                         ; 0                           ; Untyped                         ;
; L1_PH                         ; 0                           ; Untyped                         ;
; G0_PH                         ; 0                           ; Untyped                         ;
; G1_PH                         ; 0                           ; Untyped                         ;
; G2_PH                         ; 0                           ; Untyped                         ;
; G3_PH                         ; 0                           ; Untyped                         ;
; E0_PH                         ; 0                           ; Untyped                         ;
; E1_PH                         ; 0                           ; Untyped                         ;
; E2_PH                         ; 0                           ; Untyped                         ;
; E3_PH                         ; 0                           ; Untyped                         ;
; M_PH                          ; 0                           ; Untyped                         ;
; C1_USE_CASC_IN                ; OFF                         ; Untyped                         ;
; C2_USE_CASC_IN                ; OFF                         ; Untyped                         ;
; C3_USE_CASC_IN                ; OFF                         ; Untyped                         ;
; C4_USE_CASC_IN                ; OFF                         ; Untyped                         ;
; C5_USE_CASC_IN                ; OFF                         ; Untyped                         ;
; C6_USE_CASC_IN                ; OFF                         ; Untyped                         ;
; C7_USE_CASC_IN                ; OFF                         ; Untyped                         ;
; C8_USE_CASC_IN                ; OFF                         ; Untyped                         ;
; C9_USE_CASC_IN                ; OFF                         ; Untyped                         ;
; CLK0_COUNTER                  ; G0                          ; Untyped                         ;
; CLK1_COUNTER                  ; G0                          ; Untyped                         ;
; CLK2_COUNTER                  ; G0                          ; Untyped                         ;
; CLK3_COUNTER                  ; G0                          ; Untyped                         ;
; CLK4_COUNTER                  ; G0                          ; Untyped                         ;
; CLK5_COUNTER                  ; G0                          ; Untyped                         ;
; CLK6_COUNTER                  ; E0                          ; Untyped                         ;
; CLK7_COUNTER                  ; E1                          ; Untyped                         ;
; CLK8_COUNTER                  ; E2                          ; Untyped                         ;
; CLK9_COUNTER                  ; E3                          ; Untyped                         ;
; L0_TIME_DELAY                 ; 0                           ; Untyped                         ;
; L1_TIME_DELAY                 ; 0                           ; Untyped                         ;
; G0_TIME_DELAY                 ; 0                           ; Untyped                         ;
; G1_TIME_DELAY                 ; 0                           ; Untyped                         ;
; G2_TIME_DELAY                 ; 0                           ; Untyped                         ;
; G3_TIME_DELAY                 ; 0                           ; Untyped                         ;
; E0_TIME_DELAY                 ; 0                           ; Untyped                         ;
; E1_TIME_DELAY                 ; 0                           ; Untyped                         ;
; E2_TIME_DELAY                 ; 0                           ; Untyped                         ;
; E3_TIME_DELAY                 ; 0                           ; Untyped                         ;
; M_TIME_DELAY                  ; 0                           ; Untyped                         ;
; N_TIME_DELAY                  ; 0                           ; Untyped                         ;
; EXTCLK3_COUNTER               ; E3                          ; Untyped                         ;
; EXTCLK2_COUNTER               ; E2                          ; Untyped                         ;
; EXTCLK1_COUNTER               ; E1                          ; Untyped                         ;
; EXTCLK0_COUNTER               ; E0                          ; Untyped                         ;
; ENABLE0_COUNTER               ; L0                          ; Untyped                         ;
; ENABLE1_COUNTER               ; L0                          ; Untyped                         ;
; CHARGE_PUMP_CURRENT           ; 2                           ; Untyped                         ;
; LOOP_FILTER_R                 ;  1.000000                   ; Untyped                         ;
; LOOP_FILTER_C                 ; 5                           ; Untyped                         ;
; CHARGE_PUMP_CURRENT_BITS      ; 9999                        ; Untyped                         ;
; LOOP_FILTER_R_BITS            ; 9999                        ; Untyped                         ;
; LOOP_FILTER_C_BITS            ; 9999                        ; Untyped                         ;
; VCO_POST_SCALE                ; 0                           ; Untyped                         ;
; CLK2_OUTPUT_FREQUENCY         ; 0                           ; Untyped                         ;
; CLK1_OUTPUT_FREQUENCY         ; 0                           ; Untyped                         ;
; CLK0_OUTPUT_FREQUENCY         ; 0                           ; Untyped                         ;
; INTENDED_DEVICE_FAMILY        ; MAX 10                      ; Untyped                         ;
; PORT_CLKENA0                  ; PORT_UNUSED                 ; Untyped                         ;
; PORT_CLKENA1                  ; PORT_UNUSED                 ; Untyped                         ;
; PORT_CLKENA2                  ; PORT_UNUSED                 ; Untyped                         ;
; PORT_CLKENA3                  ; PORT_UNUSED                 ; Untyped                         ;
; PORT_CLKENA4                  ; PORT_UNUSED                 ; Untyped                         ;
; PORT_CLKENA5                  ; PORT_UNUSED                 ; Untyped                         ;
; PORT_EXTCLKENA0               ; PORT_CONNECTIVITY           ; Untyped                         ;
; PORT_EXTCLKENA1               ; PORT_CONNECTIVITY           ; Untyped                         ;
; PORT_EXTCLKENA2               ; PORT_CONNECTIVITY           ; Untyped                         ;
; PORT_EXTCLKENA3               ; PORT_CONNECTIVITY           ; Untyped                         ;
; PORT_EXTCLK0                  ; PORT_UNUSED                 ; Untyped                         ;
; PORT_EXTCLK1                  ; PORT_UNUSED                 ; Untyped                         ;
; PORT_EXTCLK2                  ; PORT_UNUSED                 ; Untyped                         ;
; PORT_EXTCLK3                  ; PORT_UNUSED                 ; Untyped                         ;
; PORT_CLKBAD0                  ; PORT_UNUSED                 ; Untyped                         ;
; PORT_CLKBAD1                  ; PORT_UNUSED                 ; Untyped                         ;
; PORT_CLK0                     ; PORT_USED                   ; Untyped                         ;
; PORT_CLK1                     ; PORT_UNUSED                 ; Untyped                         ;
; PORT_CLK2                     ; PORT_UNUSED                 ; Untyped                         ;
; PORT_CLK3                     ; PORT_UNUSED                 ; Untyped                         ;
; PORT_CLK4                     ; PORT_UNUSED                 ; Untyped                         ;
; PORT_CLK5                     ; PORT_UNUSED                 ; Untyped                         ;
; PORT_CLK6                     ; PORT_UNUSED                 ; Untyped                         ;
; PORT_CLK7                     ; PORT_UNUSED                 ; Untyped                         ;
; PORT_CLK8                     ; PORT_UNUSED                 ; Untyped                         ;
; PORT_CLK9                     ; PORT_UNUSED                 ; Untyped                         ;
; PORT_SCANDATA                 ; PORT_UNUSED                 ; Untyped                         ;
; PORT_SCANDATAOUT              ; PORT_UNUSED                 ; Untyped                         ;
; PORT_SCANDONE                 ; PORT_UNUSED                 ; Untyped                         ;
; PORT_SCLKOUT1                 ; PORT_CONNECTIVITY           ; Untyped                         ;
; PORT_SCLKOUT0                 ; PORT_CONNECTIVITY           ; Untyped                         ;
; PORT_ACTIVECLOCK              ; PORT_UNUSED                 ; Untyped                         ;
; PORT_CLKLOSS                  ; PORT_UNUSED                 ; Untyped                         ;
; PORT_INCLK1                   ; PORT_UNUSED                 ; Untyped                         ;
; PORT_INCLK0                   ; PORT_USED                   ; Untyped                         ;
; PORT_FBIN                     ; PORT_UNUSED                 ; Untyped                         ;
; PORT_PLLENA                   ; PORT_UNUSED                 ; Untyped                         ;
; PORT_CLKSWITCH                ; PORT_UNUSED                 ; Untyped                         ;
; PORT_ARESET                   ; PORT_UNUSED                 ; Untyped                         ;
; PORT_PFDENA                   ; PORT_UNUSED                 ; Untyped                         ;
; PORT_SCANCLK                  ; PORT_UNUSED                 ; Untyped                         ;
; PORT_SCANACLR                 ; PORT_UNUSED                 ; Untyped                         ;
; PORT_SCANREAD                 ; PORT_UNUSED                 ; Untyped                         ;
; PORT_SCANWRITE                ; PORT_UNUSED                 ; Untyped                         ;
; PORT_ENABLE0                  ; PORT_CONNECTIVITY           ; Untyped                         ;
; PORT_ENABLE1                  ; PORT_CONNECTIVITY           ; Untyped                         ;
; PORT_LOCKED                   ; PORT_UNUSED                 ; Untyped                         ;
; PORT_CONFIGUPDATE             ; PORT_UNUSED                 ; Untyped                         ;
; PORT_FBOUT                    ; PORT_CONNECTIVITY           ; Untyped                         ;
; PORT_PHASEDONE                ; PORT_UNUSED                 ; Untyped                         ;
; PORT_PHASESTEP                ; PORT_UNUSED                 ; Untyped                         ;
; PORT_PHASEUPDOWN              ; PORT_UNUSED                 ; Untyped                         ;
; PORT_SCANCLKENA               ; PORT_UNUSED                 ; Untyped                         ;
; PORT_PHASECOUNTERSELECT       ; PORT_UNUSED                 ; Untyped                         ;
; PORT_VCOOVERRANGE             ; PORT_CONNECTIVITY           ; Untyped                         ;
; PORT_VCOUNDERRANGE            ; PORT_CONNECTIVITY           ; Untyped                         ;
; M_TEST_SOURCE                 ; 5                           ; Untyped                         ;
; C0_TEST_SOURCE                ; 5                           ; Untyped                         ;
; C1_TEST_SOURCE                ; 5                           ; Untyped                         ;
; C2_TEST_SOURCE                ; 5                           ; Untyped                         ;
; C3_TEST_SOURCE                ; 5                           ; Untyped                         ;
; C4_TEST_SOURCE                ; 5                           ; Untyped                         ;
; C5_TEST_SOURCE                ; 5                           ; Untyped                         ;
; C6_TEST_SOURCE                ; 5                           ; Untyped                         ;
; C7_TEST_SOURCE                ; 5                           ; Untyped                         ;
; C8_TEST_SOURCE                ; 5                           ; Untyped                         ;
; C9_TEST_SOURCE                ; 5                           ; Untyped                         ;
; CBXI_PARAMETER                ; pll_25MHz_altpll            ; Untyped                         ;
; VCO_FREQUENCY_CONTROL         ; AUTO                        ; Untyped                         ;
; VCO_PHASE_SHIFT_STEP          ; 0                           ; Untyped                         ;
; WIDTH_CLOCK                   ; 5                           ; Signed Integer                  ;
; WIDTH_PHASECOUNTERSELECT      ; 4                           ; Untyped                         ;
; USING_FBMIMICBIDIR_PORT       ; OFF                         ; Untyped                         ;
; DEVICE_FAMILY                 ; MAX 10                      ; Untyped                         ;
; SCAN_CHAIN_MIF_FILE           ; UNUSED                      ; Untyped                         ;
; SIM_GATE_LOCK_DEVICE_BEHAVIOR ; OFF                         ; Untyped                         ;
; AUTO_CARRY_CHAINS             ; ON                          ; AUTO_CARRY                      ;
; IGNORE_CARRY_BUFFERS          ; OFF                         ; IGNORE_CARRY                    ;
; AUTO_CASCADE_CHAINS           ; ON                          ; AUTO_CASCADE                    ;
; IGNORE_CASCADE_BUFFERS        ; OFF                         ; IGNORE_CASCADE                  ;
+-------------------------------+-----------------------------+---------------------------------+
Note: In order to hide this table in the UI and the text report file, please set the "Show Parameter Settings in Synthesis Report" option in "Analysis and Synthesis Settings -> More Settings" to "Off".


+----------------------------------------------------------------------------------------+
; Parameter Settings for User Entity Instance: pll_1MHz:pll_inst|altpll:altpll_component ;
+-------------------------------+----------------------------+---------------------------+
; Parameter Name                ; Value                      ; Type                      ;
+-------------------------------+----------------------------+---------------------------+
; OPERATION_MODE                ; NORMAL                     ; Untyped                   ;
; PLL_TYPE                      ; AUTO                       ; Untyped                   ;
; LPM_HINT                      ; CBX_MODULE_PREFIX=pll_1MHz ; Untyped                   ;
; QUALIFY_CONF_DONE             ; OFF                        ; Untyped                   ;
; COMPENSATE_CLOCK              ; CLK0                       ; Untyped                   ;
; SCAN_CHAIN                    ; LONG                       ; Untyped                   ;
; PRIMARY_CLOCK                 ; INCLK0                     ; Untyped                   ;
; INCLK0_INPUT_FREQUENCY        ; 20000                      ; Signed Integer            ;
; INCLK1_INPUT_FREQUENCY        ; 0                          ; Untyped                   ;
; GATE_LOCK_SIGNAL              ; NO                         ; Untyped                   ;
; GATE_LOCK_COUNTER             ; 0                          ; Untyped                   ;
; LOCK_HIGH                     ; 1                          ; Untyped                   ;
; LOCK_LOW                      ; 1                          ; Untyped                   ;
; VALID_LOCK_MULTIPLIER         ; 1                          ; Untyped                   ;
; INVALID_LOCK_MULTIPLIER       ; 5                          ; Untyped                   ;
; SWITCH_OVER_ON_LOSSCLK        ; OFF                        ; Untyped                   ;
; SWITCH_OVER_ON_GATED_LOCK     ; OFF                        ; Untyped                   ;
; ENABLE_SWITCH_OVER_COUNTER    ; OFF                        ; Untyped                   ;
; SKIP_VCO                      ; OFF                        ; Untyped                   ;
; SWITCH_OVER_COUNTER           ; 0                          ; Untyped                   ;
; SWITCH_OVER_TYPE              ; AUTO                       ; Untyped                   ;
; FEEDBACK_SOURCE               ; EXTCLK0                    ; Untyped                   ;
; BANDWIDTH                     ; 0                          ; Untyped                   ;
; BANDWIDTH_TYPE                ; AUTO                       ; Untyped                   ;
; SPREAD_FREQUENCY              ; 0                          ; Untyped                   ;
; DOWN_SPREAD                   ; 0                          ; Untyped                   ;
; SELF_RESET_ON_GATED_LOSS_LOCK ; OFF                        ; Untyped                   ;
; SELF_RESET_ON_LOSS_LOCK       ; OFF                        ; Untyped                   ;
; CLK9_MULTIPLY_BY              ; 0                          ; Untyped                   ;
; CLK8_MULTIPLY_BY              ; 0                          ; Untyped                   ;
; CLK7_MULTIPLY_BY              ; 0                          ; Untyped                   ;
; CLK6_MULTIPLY_BY              ; 0                          ; Untyped                   ;
; CLK5_MULTIPLY_BY              ; 1                          ; Untyped                   ;
; CLK4_MULTIPLY_BY              ; 1                          ; Untyped                   ;
; CLK3_MULTIPLY_BY              ; 1                          ; Untyped                   ;
; CLK2_MULTIPLY_BY              ; 1                          ; Untyped                   ;
; CLK1_MULTIPLY_BY              ; 1                          ; Untyped                   ;
; CLK0_MULTIPLY_BY              ; 1                          ; Signed Integer            ;
; CLK9_DIVIDE_BY                ; 0                          ; Untyped                   ;
; CLK8_DIVIDE_BY                ; 0                          ; Untyped                   ;
; CLK7_DIVIDE_BY                ; 0                          ; Untyped                   ;
; CLK6_DIVIDE_BY                ; 0                          ; Untyped                   ;
; CLK5_DIVIDE_BY                ; 1                          ; Untyped                   ;
; CLK4_DIVIDE_BY                ; 1                          ; Untyped                   ;
; CLK3_DIVIDE_BY                ; 1                          ; Untyped                   ;
; CLK2_DIVIDE_BY                ; 1                          ; Untyped                   ;
; CLK1_DIVIDE_BY                ; 1                          ; Untyped                   ;
; CLK0_DIVIDE_BY                ; 50                         ; Signed Integer            ;
; CLK9_PHASE_SHIFT              ; 0                          ; Untyped                   ;
; CLK8_PHASE_SHIFT              ; 0                          ; Untyped                   ;
; CLK7_PHASE_SHIFT              ; 0                          ; Untyped                   ;
; CLK6_PHASE_SHIFT              ; 0                          ; Untyped                   ;
; CLK5_PHASE_SHIFT              ; 0                          ; Untyped                   ;
; CLK4_PHASE_SHIFT              ; 0                          ; Untyped                   ;
; CLK3_PHASE_SHIFT              ; 0                          ; Untyped                   ;
; CLK2_PHASE_SHIFT              ; 0                          ; Untyped                   ;
; CLK1_PHASE_SHIFT              ; 0                          ; Untyped                   ;
; CLK0_PHASE_SHIFT              ; 0                          ; Untyped                   ;
; CLK5_TIME_DELAY               ; 0                          ; Untyped                   ;
; CLK4_TIME_DELAY               ; 0                          ; Untyped                   ;
; CLK3_TIME_DELAY               ; 0                          ; Untyped                   ;
; CLK2_TIME_DELAY               ; 0                          ; Untyped                   ;
; CLK1_TIME_DELAY               ; 0                          ; Untyped                   ;
; CLK0_TIME_DELAY               ; 0                          ; Untyped                   ;
; CLK9_DUTY_CYCLE               ; 50                         ; Untyped                   ;
; CLK8_DUTY_CYCLE               ; 50                         ; Untyped                   ;
; CLK7_DUTY_CYCLE               ; 50                         ; Untyped                   ;
; CLK6_DUTY_CYCLE               ; 50                         ; Untyped                   ;
; CLK5_DUTY_CYCLE               ; 50                         ; Untyped                   ;
; CLK4_DUTY_CYCLE               ; 50                         ; Untyped                   ;
; CLK3_DUTY_CYCLE               ; 50                         ; Untyped                   ;
; CLK2_DUTY_CYCLE               ; 50                         ; Untyped                   ;
; CLK1_DUTY_CYCLE               ; 50                         ; Untyped                   ;
; CLK0_DUTY_CYCLE               ; 50                         ; Signed Integer            ;
; CLK9_USE_EVEN_COUNTER_MODE    ; OFF                        ; Untyped                   ;
; CLK8_USE_EVEN_COUNTER_MODE    ; OFF                        ; Untyped                   ;
; CLK7_USE_EVEN_COUNTER_MODE    ; OFF                        ; Untyped                   ;
; CLK6_USE_EVEN_COUNTER_MODE    ; OFF                        ; Untyped                   ;
; CLK5_USE_EVEN_COUNTER_MODE    ; OFF                        ; Untyped                   ;
; CLK4_USE_EVEN_COUNTER_MODE    ; OFF                        ; Untyped                   ;
; CLK3_USE_EVEN_COUNTER_MODE    ; OFF                        ; Untyped                   ;
; CLK2_USE_EVEN_COUNTER_MODE    ; OFF                        ; Untyped                   ;
; CLK1_USE_EVEN_COUNTER_MODE    ; OFF                        ; Untyped                   ;
; CLK0_USE_EVEN_COUNTER_MODE    ; OFF                        ; Untyped                   ;
; CLK9_USE_EVEN_COUNTER_VALUE   ; OFF                        ; Untyped                   ;
; CLK8_USE_EVEN_COUNTER_VALUE   ; OFF                        ; Untyped                   ;
; CLK7_USE_EVEN_COUNTER_VALUE   ; OFF                        ; Untyped                   ;
; CLK6_USE_EVEN_COUNTER_VALUE   ; OFF                        ; Untyped                   ;
; CLK5_USE_EVEN_COUNTER_VALUE   ; OFF                        ; Untyped                   ;
; CLK4_USE_EVEN_COUNTER_VALUE   ; OFF                        ; Untyped                   ;
; CLK3_USE_EVEN_COUNTER_VALUE   ; OFF                        ; Untyped                   ;
; CLK2_USE_EVEN_COUNTER_VALUE   ; OFF                        ; Untyped                   ;
; CLK1_USE_EVEN_COUNTER_VALUE   ; OFF                        ; Untyped                   ;
; CLK0_USE_EVEN_COUNTER_VALUE   ; OFF                        ; Untyped                   ;
; LOCK_WINDOW_UI                ;  0.05                      ; Untyped                   ;
; LOCK_WINDOW_UI_BITS           ; UNUSED                     ; Untyped                   ;
; VCO_RANGE_DETECTOR_LOW_BITS   ; UNUSED                     ; Untyped                   ;
; VCO_RANGE_DETECTOR_HIGH_BITS  ; UNUSED                     ; Untyped                   ;
; DPA_MULTIPLY_BY               ; 0                          ; Untyped                   ;
; DPA_DIVIDE_BY                 ; 1                          ; Untyped                   ;
; DPA_DIVIDER                   ; 0                          ; Untyped                   ;
; EXTCLK3_MULTIPLY_BY           ; 1                          ; Untyped                   ;
; EXTCLK2_MULTIPLY_BY           ; 1                          ; Untyped                   ;
; EXTCLK1_MULTIPLY_BY           ; 1                          ; Untyped                   ;
; EXTCLK0_MULTIPLY_BY           ; 1                          ; Untyped                   ;
; EXTCLK3_DIVIDE_BY             ; 1                          ; Untyped                   ;
; EXTCLK2_DIVIDE_BY             ; 1                          ; Untyped                   ;
; EXTCLK1_DIVIDE_BY             ; 1                          ; Untyped                   ;
; EXTCLK0_DIVIDE_BY             ; 1                          ; Untyped                   ;
; EXTCLK3_PHASE_SHIFT           ; 0                          ; Untyped                   ;
; EXTCLK2_PHASE_SHIFT           ; 0                          ; Untyped                   ;
; EXTCLK1_PHASE_SHIFT           ; 0                          ; Untyped                   ;
; EXTCLK0_PHASE_SHIFT           ; 0                          ; Untyped                   ;
; EXTCLK3_TIME_DELAY            ; 0                          ; Untyped                   ;
; EXTCLK2_TIME_DELAY            ; 0                          ; Untyped                   ;
; EXTCLK1_TIME_DELAY            ; 0                          ; Untyped                   ;
; EXTCLK0_TIME_DELAY            ; 0                          ; Untyped                   ;
; EXTCLK3_DUTY_CYCLE            ; 50                         ; Untyped                   ;
; EXTCLK2_DUTY_CYCLE            ; 50                         ; Untyped                   ;
; EXTCLK1_DUTY_CYCLE            ; 50                         ; Untyped                   ;
; EXTCLK0_DUTY_CYCLE            ; 50                         ; Untyped                   ;
; VCO_MULTIPLY_BY               ; 0                          ; Untyped                   ;
; VCO_DIVIDE_BY                 ; 0                          ; Untyped                   ;
; SCLKOUT0_PHASE_SHIFT          ; 0                          ; Untyped                   ;
; SCLKOUT1_PHASE_SHIFT          ; 0                          ; Untyped                   ;
; VCO_MIN                       ; 0                          ; Untyped                   ;
; VCO_MAX                       ; 0                          ; Untyped                   ;
; VCO_CENTER                    ; 0                          ; Untyped                   ;
; PFD_MIN                       ; 0                          ; Untyped                   ;
; PFD_MAX                       ; 0                          ; Untyped                   ;
; M_INITIAL                     ; 0                          ; Untyped                   ;
; M                             ; 0                          ; Untyped                   ;
; N                             ; 1                          ; Untyped                   ;
; M2                            ; 1                          ; Untyped                   ;
; N2                            ; 1                          ; Untyped                   ;
; SS                            ; 1                          ; Untyped                   ;
; C0_HIGH                       ; 0                          ; Untyped                   ;
; C1_HIGH                       ; 0                          ; Untyped                   ;
; C2_HIGH                       ; 0                          ; Untyped                   ;
; C3_HIGH                       ; 0                          ; Untyped                   ;
; C4_HIGH                       ; 0                          ; Untyped                   ;
; C5_HIGH                       ; 0                          ; Untyped                   ;
; C6_HIGH                       ; 0                          ; Untyped                   ;
; C7_HIGH                       ; 0                          ; Untyped                   ;
; C8_HIGH                       ; 0                          ; Untyped                   ;
; C9_HIGH                       ; 0                          ; Untyped                   ;
; C0_LOW                        ; 0                          ; Untyped                   ;
; C1_LOW                        ; 0                          ; Untyped                   ;
; C2_LOW                        ; 0                          ; Untyped                   ;
; C3_LOW                        ; 0                          ; Untyped                   ;
; C4_LOW                        ; 0                          ; Untyped                   ;
; C5_LOW                        ; 0                          ; Untyped                   ;
; C6_LOW                        ; 0                          ; Untyped                   ;
; C7_LOW                        ; 0                          ; Untyped                   ;
; C8_LOW                        ; 0                          ; Untyped                   ;
; C9_LOW                        ; 0                          ; Untyped                   ;
; C0_INITIAL                    ; 0                          ; Untyped                   ;
; C1_INITIAL                    ; 0                          ; Untyped                   ;
; C2_INITIAL                    ; 0                          ; Untyped                   ;
; C3_INITIAL                    ; 0                          ; Untyped                   ;
; C4_INITIAL                    ; 0                          ; Untyped                   ;
; C5_INITIAL                    ; 0                          ; Untyped                   ;
; C6_INITIAL                    ; 0                          ; Untyped                   ;
; C7_INITIAL                    ; 0                          ; Untyped                   ;
; C8_INITIAL                    ; 0                          ; Untyped                   ;
; C9_INITIAL                    ; 0                          ; Untyped                   ;
; C0_MODE                       ; BYPASS                     ; Untyped                   ;
; C1_MODE                       ; BYPASS                     ; Untyped                   ;
; C2_MODE                       ; BYPASS                     ; Untyped                   ;
; C3_MODE                       ; BYPASS                     ; Untyped                   ;
; C4_MODE                       ; BYPASS                     ; Untyped                   ;
; C5_MODE                       ; BYPASS                     ; Untyped                   ;
; C6_MODE                       ; BYPASS                     ; Untyped                   ;
; C7_MODE                       ; BYPASS                     ; Untyped                   ;
; C8_MODE                       ; BYPASS                     ; Untyped                   ;
; C9_MODE                       ; BYPASS                     ; Untyped                   ;
; C0_PH                         ; 0                          ; Untyped                   ;
; C1_PH                         ; 0                          ; Untyped                   ;
; C2_PH                         ; 0                          ; Untyped                   ;
; C3_PH                         ; 0                          ; Untyped                   ;
; C4_PH                         ; 0                          ; Untyped                   ;
; C5_PH                         ; 0                          ; Untyped                   ;
; C6_PH                         ; 0                          ; Untyped                   ;
; C7_PH                         ; 0                          ; Untyped                   ;
; C8_PH                         ; 0                          ; Untyped                   ;
; C9_PH                         ; 0                          ; Untyped                   ;
; L0_HIGH                       ; 1                          ; Untyped                   ;
; L1_HIGH                       ; 1                          ; Untyped                   ;
; G0_HIGH                       ; 1                          ; Untyped                   ;
; G1_HIGH                       ; 1                          ; Untyped                   ;
; G2_HIGH                       ; 1                          ; Untyped                   ;
; G3_HIGH                       ; 1                          ; Untyped                   ;
; E0_HIGH                       ; 1                          ; Untyped                   ;
; E1_HIGH                       ; 1                          ; Untyped                   ;
; E2_HIGH                       ; 1                          ; Untyped                   ;
; E3_HIGH                       ; 1                          ; Untyped                   ;
; L0_LOW                        ; 1                          ; Untyped                   ;
; L1_LOW                        ; 1                          ; Untyped                   ;
; G0_LOW                        ; 1                          ; Untyped                   ;
; G1_LOW                        ; 1                          ; Untyped                   ;
; G2_LOW                        ; 1                          ; Untyped                   ;
; G3_LOW                        ; 1                          ; Untyped                   ;
; E0_LOW                        ; 1                          ; Untyped                   ;
; E1_LOW                        ; 1                          ; Untyped                   ;
; E2_LOW                        ; 1                          ; Untyped                   ;
; E3_LOW                        ; 1                          ; Untyped                   ;
; L0_INITIAL                    ; 1                          ; Untyped                   ;
; L1_INITIAL                    ; 1                          ; Untyped                   ;
; G0_INITIAL                    ; 1                          ; Untyped                   ;
; G1_INITIAL                    ; 1                          ; Untyped                   ;
; G2_INITIAL                    ; 1                          ; Untyped                   ;
; G3_INITIAL                    ; 1                          ; Untyped                   ;
; E0_INITIAL                    ; 1                          ; Untyped                   ;
; E1_INITIAL                    ; 1                          ; Untyped                   ;
; E2_INITIAL                    ; 1                          ; Untyped                   ;
; E3_INITIAL                    ; 1                          ; Untyped                   ;
; L0_MODE                       ; BYPASS                     ; Untyped                   ;
; L1_MODE                       ; BYPASS                     ; Untyped                   ;
; G0_MODE                       ; BYPASS                     ; Untyped                   ;
; G1_MODE                       ; BYPASS                     ; Untyped                   ;
; G2_MODE                       ; BYPASS                     ; Untyped                   ;
; G3_MODE                       ; BYPASS                     ; Untyped                   ;
; E0_MODE                       ; BYPASS                     ; Untyped                   ;
; E1_MODE                       ; BYPASS                     ; Untyped                   ;
; E2_MODE                       ; BYPASS                     ; Untyped                   ;
; E3_MODE                       ; BYPASS                     ; Untyped                   ;
; L0_PH                         ; 0                          ; Untyped                   ;
; L1_PH                         ; 0                          ; Untyped                   ;
; G0_PH                         ; 0                          ; Untyped                   ;
; G1_PH                         ; 0                          ; Untyped                   ;
; G2_PH                         ; 0                          ; Untyped                   ;
; G3_PH                         ; 0                          ; Untyped                   ;
; E0_PH                         ; 0                          ; Untyped                   ;
; E1_PH                         ; 0                          ; Untyped                   ;
; E2_PH                         ; 0                          ; Untyped                   ;
; E3_PH                         ; 0                          ; Untyped                   ;
; M_PH                          ; 0                          ; Untyped                   ;
; C1_USE_CASC_IN                ; OFF                        ; Untyped                   ;
; C2_USE_CASC_IN                ; OFF                        ; Untyped                   ;
; C3_USE_CASC_IN                ; OFF                        ; Untyped                   ;
; C4_USE_CASC_IN                ; OFF                        ; Untyped                   ;
; C5_USE_CASC_IN                ; OFF                        ; Untyped                   ;
; C6_USE_CASC_IN                ; OFF                        ; Untyped                   ;
; C7_USE_CASC_IN                ; OFF                        ; Untyped                   ;
; C8_USE_CASC_IN                ; OFF                        ; Untyped                   ;
; C9_USE_CASC_IN                ; OFF                        ; Untyped                   ;
; CLK0_COUNTER                  ; G0                         ; Untyped                   ;
; CLK1_COUNTER                  ; G0                         ; Untyped                   ;
; CLK2_COUNTER                  ; G0                         ; Untyped                   ;
; CLK3_COUNTER                  ; G0                         ; Untyped                   ;
; CLK4_COUNTER                  ; G0                         ; Untyped                   ;
; CLK5_COUNTER                  ; G0                         ; Untyped                   ;
; CLK6_COUNTER                  ; E0                         ; Untyped                   ;
; CLK7_COUNTER                  ; E1                         ; Untyped                   ;
; CLK8_COUNTER                  ; E2                         ; Untyped                   ;
; CLK9_COUNTER                  ; E3                         ; Untyped                   ;
; L0_TIME_DELAY                 ; 0                          ; Untyped                   ;
; L1_TIME_DELAY                 ; 0                          ; Untyped                   ;
; G0_TIME_DELAY                 ; 0                          ; Untyped                   ;
; G1_TIME_DELAY                 ; 0                          ; Untyped                   ;
; G2_TIME_DELAY                 ; 0                          ; Untyped                   ;
; G3_TIME_DELAY                 ; 0                          ; Untyped                   ;
; E0_TIME_DELAY                 ; 0                          ; Untyped                   ;
; E1_TIME_DELAY                 ; 0                          ; Untyped                   ;
; E2_TIME_DELAY                 ; 0                          ; Untyped                   ;
; E3_TIME_DELAY                 ; 0                          ; Untyped                   ;
; M_TIME_DELAY                  ; 0                          ; Untyped                   ;
; N_TIME_DELAY                  ; 0                          ; Untyped                   ;
; EXTCLK3_COUNTER               ; E3                         ; Untyped                   ;
; EXTCLK2_COUNTER               ; E2                         ; Untyped                   ;
; EXTCLK1_COUNTER               ; E1                         ; Untyped                   ;
; EXTCLK0_COUNTER               ; E0                         ; Untyped                   ;
; ENABLE0_COUNTER               ; L0                         ; Untyped                   ;
; ENABLE1_COUNTER               ; L0                         ; Untyped                   ;
; CHARGE_PUMP_CURRENT           ; 2                          ; Untyped                   ;
; LOOP_FILTER_R                 ;  1.000000                  ; Untyped                   ;
; LOOP_FILTER_C                 ; 5                          ; Untyped                   ;
; CHARGE_PUMP_CURRENT_BITS      ; 9999                       ; Untyped                   ;
; LOOP_FILTER_R_BITS            ; 9999                       ; Untyped                   ;
; LOOP_FILTER_C_BITS            ; 9999                       ; Untyped                   ;
; VCO_POST_SCALE                ; 0                          ; Untyped                   ;
; CLK2_OUTPUT_FREQUENCY         ; 0                          ; Untyped                   ;
; CLK1_OUTPUT_FREQUENCY         ; 0                          ; Untyped                   ;
; CLK0_OUTPUT_FREQUENCY         ; 0                          ; Untyped                   ;
; INTENDED_DEVICE_FAMILY        ; MAX 10                     ; Untyped                   ;
; PORT_CLKENA0                  ; PORT_UNUSED                ; Untyped                   ;
; PORT_CLKENA1                  ; PORT_UNUSED                ; Untyped                   ;
; PORT_CLKENA2                  ; PORT_UNUSED                ; Untyped                   ;
; PORT_CLKENA3                  ; PORT_UNUSED                ; Untyped                   ;
; PORT_CLKENA4                  ; PORT_UNUSED                ; Untyped                   ;
; PORT_CLKENA5                  ; PORT_UNUSED                ; Untyped                   ;
; PORT_EXTCLKENA0               ; PORT_CONNECTIVITY          ; Untyped                   ;
; PORT_EXTCLKENA1               ; PORT_CONNECTIVITY          ; Untyped                   ;
; PORT_EXTCLKENA2               ; PORT_CONNECTIVITY          ; Untyped                   ;
; PORT_EXTCLKENA3               ; PORT_CONNECTIVITY          ; Untyped                   ;
; PORT_EXTCLK0                  ; PORT_UNUSED                ; Untyped                   ;
; PORT_EXTCLK1                  ; PORT_UNUSED                ; Untyped                   ;
; PORT_EXTCLK2                  ; PORT_UNUSED                ; Untyped                   ;
; PORT_EXTCLK3                  ; PORT_UNUSED                ; Untyped                   ;
; PORT_CLKBAD0                  ; PORT_UNUSED                ; Untyped                   ;
; PORT_CLKBAD1                  ; PORT_UNUSED                ; Untyped                   ;
; PORT_CLK0                     ; PORT_USED                  ; Untyped                   ;
; PORT_CLK1                     ; PORT_UNUSED                ; Untyped                   ;
; PORT_CLK2                     ; PORT_UNUSED                ; Untyped                   ;
; PORT_CLK3                     ; PORT_UNUSED                ; Untyped                   ;
; PORT_CLK4                     ; PORT_UNUSED                ; Untyped                   ;
; PORT_CLK5                     ; PORT_UNUSED                ; Untyped                   ;
; PORT_CLK6                     ; PORT_UNUSED                ; Untyped                   ;
; PORT_CLK7                     ; PORT_UNUSED                ; Untyped                   ;
; PORT_CLK8                     ; PORT_UNUSED                ; Untyped                   ;
; PORT_CLK9                     ; PORT_UNUSED                ; Untyped                   ;
; PORT_SCANDATA                 ; PORT_UNUSED                ; Untyped                   ;
; PORT_SCANDATAOUT              ; PORT_UNUSED                ; Untyped                   ;
; PORT_SCANDONE                 ; PORT_UNUSED                ; Untyped                   ;
; PORT_SCLKOUT1                 ; PORT_CONNECTIVITY          ; Untyped                   ;
; PORT_SCLKOUT0                 ; PORT_CONNECTIVITY          ; Untyped                   ;
; PORT_ACTIVECLOCK              ; PORT_UNUSED                ; Untyped                   ;
; PORT_CLKLOSS                  ; PORT_UNUSED                ; Untyped                   ;
; PORT_INCLK1                   ; PORT_UNUSED                ; Untyped                   ;
; PORT_INCLK0                   ; PORT_USED                  ; Untyped                   ;
; PORT_FBIN                     ; PORT_UNUSED                ; Untyped                   ;
; PORT_PLLENA                   ; PORT_UNUSED                ; Untyped                   ;
; PORT_CLKSWITCH                ; PORT_UNUSED                ; Untyped                   ;
; PORT_ARESET                   ; PORT_UNUSED                ; Untyped                   ;
; PORT_PFDENA                   ; PORT_UNUSED                ; Untyped                   ;
; PORT_SCANCLK                  ; PORT_UNUSED                ; Untyped                   ;
; PORT_SCANACLR                 ; PORT_UNUSED                ; Untyped                   ;
; PORT_SCANREAD                 ; PORT_UNUSED                ; Untyped                   ;
; PORT_SCANWRITE                ; PORT_UNUSED                ; Untyped                   ;
; PORT_ENABLE0                  ; PORT_CONNECTIVITY          ; Untyped                   ;
; PORT_ENABLE1                  ; PORT_CONNECTIVITY          ; Untyped                   ;
; PORT_LOCKED                   ; PORT_UNUSED                ; Untyped                   ;
; PORT_CONFIGUPDATE             ; PORT_UNUSED                ; Untyped                   ;
; PORT_FBOUT                    ; PORT_CONNECTIVITY          ; Untyped                   ;
; PORT_PHASEDONE                ; PORT_UNUSED                ; Untyped                   ;
; PORT_PHASESTEP                ; PORT_UNUSED                ; Untyped                   ;
; PORT_PHASEUPDOWN              ; PORT_UNUSED                ; Untyped                   ;
; PORT_SCANCLKENA               ; PORT_UNUSED                ; Untyped                   ;
; PORT_PHASECOUNTERSELECT       ; PORT_UNUSED                ; Untyped                   ;
; PORT_VCOOVERRANGE             ; PORT_CONNECTIVITY          ; Untyped                   ;
; PORT_VCOUNDERRANGE            ; PORT_CONNECTIVITY          ; Untyped                   ;
; M_TEST_SOURCE                 ; 5                          ; Untyped                   ;
; C0_TEST_SOURCE                ; 5                          ; Untyped                   ;
; C1_TEST_SOURCE                ; 5                          ; Untyped                   ;
; C2_TEST_SOURCE                ; 5                          ; Untyped                   ;
; C3_TEST_SOURCE                ; 5                          ; Untyped                   ;
; C4_TEST_SOURCE                ; 5                          ; Untyped                   ;
; C5_TEST_SOURCE                ; 5                          ; Untyped                   ;
; C6_TEST_SOURCE                ; 5                          ; Untyped                   ;
; C7_TEST_SOURCE                ; 5                          ; Untyped                   ;
; C8_TEST_SOURCE                ; 5                          ; Untyped                   ;
; C9_TEST_SOURCE                ; 5                          ; Untyped                   ;
; CBXI_PARAMETER                ; pll_1MHz_altpll            ; Untyped                   ;
; VCO_FREQUENCY_CONTROL         ; AUTO                       ; Untyped                   ;
; VCO_PHASE_SHIFT_STEP          ; 0                          ; Untyped                   ;
; WIDTH_CLOCK                   ; 5                          ; Signed Integer            ;
; WIDTH_PHASECOUNTERSELECT      ; 4                          ; Untyped                   ;
; USING_FBMIMICBIDIR_PORT       ; OFF                        ; Untyped                   ;
; DEVICE_FAMILY                 ; MAX 10                     ; Untyped                   ;
; SCAN_CHAIN_MIF_FILE           ; UNUSED                     ; Untyped                   ;
; SIM_GATE_LOCK_DEVICE_BEHAVIOR ; OFF                        ; Untyped                   ;
; AUTO_CARRY_CHAINS             ; ON                         ; AUTO_CARRY                ;
; IGNORE_CARRY_BUFFERS          ; OFF                        ; IGNORE_CARRY              ;
; AUTO_CASCADE_CHAINS           ; ON                         ; AUTO_CASCADE              ;
; IGNORE_CASCADE_BUFFERS        ; OFF                        ; IGNORE_CASCADE            ;
+-------------------------------+----------------------------+---------------------------+
Note: In order to hide this table in the UI and the text report file, please set the "Show Parameter Settings in Synthesis Report" option in "Analysis and Synthesis Settings -> More Settings" to "Off".


+-------------------------------------------------------------------------------------------------------+
; Parameter Settings for Inferred Entity Instance: data_to_text_ds:data_to_text_ds_inst|lpm_divide:Div1 ;
+------------------------+----------------+-------------------------------------------------------------+
; Parameter Name         ; Value          ; Type                                                        ;
+------------------------+----------------+-------------------------------------------------------------+
; LPM_WIDTHN             ; 6              ; Untyped                                                     ;
; LPM_WIDTHD             ; 4              ; Untyped                                                     ;
; LPM_NREPRESENTATION    ; UNSIGNED       ; Untyped                                                     ;
; LPM_DREPRESENTATION    ; UNSIGNED       ; Untyped                                                     ;
; LPM_PIPELINE           ; 0              ; Untyped                                                     ;
; LPM_REMAINDERPOSITIVE  ; TRUE           ; Untyped                                                     ;
; MAXIMIZE_SPEED         ; 5              ; Untyped                                                     ;
; CBXI_PARAMETER         ; lpm_divide_7sl ; Untyped                                                     ;
; CARRY_CHAIN            ; MANUAL         ; Untyped                                                     ;
; OPTIMIZE_FOR_SPEED     ; 5              ; Untyped                                                     ;
; AUTO_CARRY_CHAINS      ; ON             ; AUTO_CARRY                                                  ;
; IGNORE_CARRY_BUFFERS   ; OFF            ; IGNORE_CARRY                                                ;
; AUTO_CASCADE_CHAINS    ; ON             ; AUTO_CASCADE                                                ;
; IGNORE_CASCADE_BUFFERS ; OFF            ; IGNORE_CASCADE                                              ;
+------------------------+----------------+-------------------------------------------------------------+
Note: In order to hide this table in the UI and the text report file, please set the "Show Parameter Settings in Synthesis Report" option in "Analysis and Synthesis Settings -> More Settings" to "Off".


+-------------------------------------------------------------------------------------------------------+
; Parameter Settings for Inferred Entity Instance: data_to_text_ds:data_to_text_ds_inst|lpm_divide:Mod0 ;
+------------------------+----------------+-------------------------------------------------------------+
; Parameter Name         ; Value          ; Type                                                        ;
+------------------------+----------------+-------------------------------------------------------------+
; LPM_WIDTHN             ; 6              ; Untyped                                                     ;
; LPM_WIDTHD             ; 6              ; Untyped                                                     ;
; LPM_NREPRESENTATION    ; UNSIGNED       ; Untyped                                                     ;
; LPM_DREPRESENTATION    ; UNSIGNED       ; Untyped                                                     ;
; LPM_PIPELINE           ; 0              ; Untyped                                                     ;
; LPM_REMAINDERPOSITIVE  ; TRUE           ; Untyped                                                     ;
; MAXIMIZE_SPEED         ; 5              ; Untyped                                                     ;
; CBXI_PARAMETER         ; lpm_divide_ckl ; Untyped                                                     ;
; CARRY_CHAIN            ; MANUAL         ; Untyped                                                     ;
; OPTIMIZE_FOR_SPEED     ; 5              ; Untyped                                                     ;
; AUTO_CARRY_CHAINS      ; ON             ; AUTO_CARRY                                                  ;
; IGNORE_CARRY_BUFFERS   ; OFF            ; IGNORE_CARRY                                                ;
; AUTO_CASCADE_CHAINS    ; ON             ; AUTO_CASCADE                                                ;
; IGNORE_CASCADE_BUFFERS ; OFF            ; IGNORE_CASCADE                                              ;
+------------------------+----------------+-------------------------------------------------------------+
Note: In order to hide this table in the UI and the text report file, please set the "Show Parameter Settings in Synthesis Report" option in "Analysis and Synthesis Settings -> More Settings" to "Off".


+------------------------------------------------------------------------------------------------------+
; Parameter Settings for Inferred Entity Instance: data_to_text_ds:data_to_text_ds_inst|lpm_mult:Mult0 ;
+------------------------------------------------+----------+------------------------------------------+
; Parameter Name                                 ; Value    ; Type                                     ;
+------------------------------------------------+----------+------------------------------------------+
; AUTO_CARRY_CHAINS                              ; ON       ; AUTO_CARRY                               ;
; IGNORE_CARRY_BUFFERS                           ; OFF      ; IGNORE_CARRY                             ;
; AUTO_CASCADE_CHAINS                            ; ON       ; AUTO_CASCADE                             ;
; IGNORE_CASCADE_BUFFERS                         ; OFF      ; IGNORE_CASCADE                           ;
; LPM_WIDTHA                                     ; 4        ; Untyped                                  ;
; LPM_WIDTHB                                     ; 10       ; Untyped                                  ;
; LPM_WIDTHP                                     ; 14       ; Untyped                                  ;
; LPM_WIDTHR                                     ; 14       ; Untyped                                  ;
; LPM_WIDTHS                                     ; 1        ; Untyped                                  ;
; LPM_REPRESENTATION                             ; UNSIGNED ; Untyped                                  ;
; LPM_PIPELINE                                   ; 0        ; Untyped                                  ;
; LATENCY                                        ; 0        ; Untyped                                  ;
; INPUT_A_IS_CONSTANT                            ; NO       ; Untyped                                  ;
; INPUT_B_IS_CONSTANT                            ; YES      ; Untyped                                  ;
; USE_EAB                                        ; OFF      ; Untyped                                  ;
; MAXIMIZE_SPEED                                 ; 6        ; Untyped                                  ;
; DEVICE_FAMILY                                  ; MAX 10   ; Untyped                                  ;
; CARRY_CHAIN                                    ; MANUAL   ; Untyped                                  ;
; APEX20K_TECHNOLOGY_MAPPER                      ; LUT      ; TECH_MAPPER_APEX20K                      ;
; DEDICATED_MULTIPLIER_CIRCUITRY                 ; AUTO     ; Untyped                                  ;
; DEDICATED_MULTIPLIER_MIN_INPUT_WIDTH_FOR_AUTO  ; 0        ; Untyped                                  ;
; DEDICATED_MULTIPLIER_MIN_OUTPUT_WIDTH_FOR_AUTO ; 0        ; Untyped                                  ;
; CBXI_PARAMETER                                 ; NOTHING  ; Untyped                                  ;
; INPUT_A_FIXED_VALUE                            ; Bx       ; Untyped                                  ;
; INPUT_B_FIXED_VALUE                            ; Bx       ; Untyped                                  ;
; USE_AHDL_IMPLEMENTATION                        ; OFF      ; Untyped                                  ;
+------------------------------------------------+----------+------------------------------------------+
Note: In order to hide this table in the UI and the text report file, please set the "Show Parameter Settings in Synthesis Report" option in "Analysis and Synthesis Settings -> More Settings" to "Off".


+-------------------------------------------------------------------------------------------------------+
; Parameter Settings for Inferred Entity Instance: data_to_text_ds:data_to_text_ds_inst|lpm_divide:Div0 ;
+------------------------+----------------+-------------------------------------------------------------+
; Parameter Name         ; Value          ; Type                                                        ;
+------------------------+----------------+-------------------------------------------------------------+
; LPM_WIDTHN             ; 14             ; Untyped                                                     ;
; LPM_WIDTHD             ; 7              ; Untyped                                                     ;
; LPM_NREPRESENTATION    ; UNSIGNED       ; Untyped                                                     ;
; LPM_DREPRESENTATION    ; UNSIGNED       ; Untyped                                                     ;
; LPM_PIPELINE           ; 0              ; Untyped                                                     ;
; LPM_REMAINDERPOSITIVE  ; TRUE           ; Untyped                                                     ;
; MAXIMIZE_SPEED         ; 5              ; Untyped                                                     ;
; CBXI_PARAMETER         ; lpm_divide_ptl ; Untyped                                                     ;
; CARRY_CHAIN            ; MANUAL         ; Untyped                                                     ;
; OPTIMIZE_FOR_SPEED     ; 5              ; Untyped                                                     ;
; AUTO_CARRY_CHAINS      ; ON             ; AUTO_CARRY                                                  ;
; IGNORE_CARRY_BUFFERS   ; OFF            ; IGNORE_CARRY                                                ;
; AUTO_CASCADE_CHAINS    ; ON             ; AUTO_CASCADE                                                ;
; IGNORE_CASCADE_BUFFERS ; OFF            ; IGNORE_CASCADE                                              ;
+------------------------+----------------+-------------------------------------------------------------+
Note: In order to hide this table in the UI and the text report file, please set the "Show Parameter Settings in Synthesis Report" option in "Analysis and Synthesis Settings -> More Settings" to "Off".


+-------------------------------------------------------------------------------------------------------+
; Parameter Settings for Inferred Entity Instance: data_to_text_ds:data_to_text_ds_inst|lpm_divide:Div2 ;
+------------------------+----------------+-------------------------------------------------------------+
; Parameter Name         ; Value          ; Type                                                        ;
+------------------------+----------------+-------------------------------------------------------------+
; LPM_WIDTHN             ; 7              ; Untyped                                                     ;
; LPM_WIDTHD             ; 4              ; Untyped                                                     ;
; LPM_NREPRESENTATION    ; UNSIGNED       ; Untyped                                                     ;
; LPM_DREPRESENTATION    ; UNSIGNED       ; Untyped                                                     ;
; LPM_PIPELINE           ; 0              ; Untyped                                                     ;
; LPM_REMAINDERPOSITIVE  ; TRUE           ; Untyped                                                     ;
; MAXIMIZE_SPEED         ; 5              ; Untyped                                                     ;
; CBXI_PARAMETER         ; lpm_divide_8sl ; Untyped                                                     ;
; CARRY_CHAIN            ; MANUAL         ; Untyped                                                     ;
; OPTIMIZE_FOR_SPEED     ; 5              ; Untyped                                                     ;
; AUTO_CARRY_CHAINS      ; ON             ; AUTO_CARRY                                                  ;
; IGNORE_CARRY_BUFFERS   ; OFF            ; IGNORE_CARRY                                                ;
; AUTO_CASCADE_CHAINS    ; ON             ; AUTO_CASCADE                                                ;
; IGNORE_CASCADE_BUFFERS ; OFF            ; IGNORE_CASCADE                                              ;
+------------------------+----------------+-------------------------------------------------------------+
Note: In order to hide this table in the UI and the text report file, please set the "Show Parameter Settings in Synthesis Report" option in "Analysis and Synthesis Settings -> More Settings" to "Off".


+-------------------------------------------------------------------------------------------------------+
; Parameter Settings for Inferred Entity Instance: data_to_text_ds:data_to_text_ds_inst|lpm_divide:Mod1 ;
+------------------------+----------------+-------------------------------------------------------------+
; Parameter Name         ; Value          ; Type                                                        ;
+------------------------+----------------+-------------------------------------------------------------+
; LPM_WIDTHN             ; 7              ; Untyped                                                     ;
; LPM_WIDTHD             ; 7              ; Untyped                                                     ;
; LPM_NREPRESENTATION    ; UNSIGNED       ; Untyped                                                     ;
; LPM_DREPRESENTATION    ; UNSIGNED       ; Untyped                                                     ;
; LPM_PIPELINE           ; 0              ; Untyped                                                     ;
; LPM_REMAINDERPOSITIVE  ; TRUE           ; Untyped                                                     ;
; MAXIMIZE_SPEED         ; 5              ; Untyped                                                     ;
; CBXI_PARAMETER         ; lpm_divide_ekl ; Untyped                                                     ;
; CARRY_CHAIN            ; MANUAL         ; Untyped                                                     ;
; OPTIMIZE_FOR_SPEED     ; 5              ; Untyped                                                     ;
; AUTO_CARRY_CHAINS      ; ON             ; AUTO_CARRY                                                  ;
; IGNORE_CARRY_BUFFERS   ; OFF            ; IGNORE_CARRY                                                ;
; AUTO_CASCADE_CHAINS    ; ON             ; AUTO_CASCADE                                                ;
; IGNORE_CASCADE_BUFFERS ; OFF            ; IGNORE_CASCADE                                              ;
+------------------------+----------------+-------------------------------------------------------------+
Note: In order to hide this table in the UI and the text report file, please set the "Show Parameter Settings in Synthesis Report" option in "Analysis and Synthesis Settings -> More Settings" to "Off".


+---------------------------------------------------------------------------------------------------------+
; Parameter Settings for Inferred Entity Instance: data_to_text_dht:data_to_text_dht_inst|lpm_divide:Div0 ;
+------------------------+----------------+---------------------------------------------------------------+
; Parameter Name         ; Value          ; Type                                                          ;
+------------------------+----------------+---------------------------------------------------------------+
; LPM_WIDTHN             ; 6              ; Untyped                                                       ;
; LPM_WIDTHD             ; 4              ; Untyped                                                       ;
; LPM_NREPRESENTATION    ; UNSIGNED       ; Untyped                                                       ;
; LPM_DREPRESENTATION    ; UNSIGNED       ; Untyped                                                       ;
; LPM_PIPELINE           ; 0              ; Untyped                                                       ;
; LPM_REMAINDERPOSITIVE  ; TRUE           ; Untyped                                                       ;
; MAXIMIZE_SPEED         ; 5              ; Untyped                                                       ;
; CBXI_PARAMETER         ; lpm_divide_7sl ; Untyped                                                       ;
; CARRY_CHAIN            ; MANUAL         ; Untyped                                                       ;
; OPTIMIZE_FOR_SPEED     ; 5              ; Untyped                                                       ;
; AUTO_CARRY_CHAINS      ; ON             ; AUTO_CARRY                                                    ;
; IGNORE_CARRY_BUFFERS   ; OFF            ; IGNORE_CARRY                                                  ;
; AUTO_CASCADE_CHAINS    ; ON             ; AUTO_CASCADE                                                  ;
; IGNORE_CASCADE_BUFFERS ; OFF            ; IGNORE_CASCADE                                                ;
+------------------------+----------------+---------------------------------------------------------------+
Note: In order to hide this table in the UI and the text report file, please set the "Show Parameter Settings in Synthesis Report" option in "Analysis and Synthesis Settings -> More Settings" to "Off".


+---------------------------------------------------------------------------------------------------------+
; Parameter Settings for Inferred Entity Instance: data_to_text_dht:data_to_text_dht_inst|lpm_divide:Mod0 ;
+------------------------+----------------+---------------------------------------------------------------+
; Parameter Name         ; Value          ; Type                                                          ;
+------------------------+----------------+---------------------------------------------------------------+
; LPM_WIDTHN             ; 6              ; Untyped                                                       ;
; LPM_WIDTHD             ; 6              ; Untyped                                                       ;
; LPM_NREPRESENTATION    ; UNSIGNED       ; Untyped                                                       ;
; LPM_DREPRESENTATION    ; UNSIGNED       ; Untyped                                                       ;
; LPM_PIPELINE           ; 0              ; Untyped                                                       ;
; LPM_REMAINDERPOSITIVE  ; TRUE           ; Untyped                                                       ;
; MAXIMIZE_SPEED         ; 5              ; Untyped                                                       ;
; CBXI_PARAMETER         ; lpm_divide_ckl ; Untyped                                                       ;
; CARRY_CHAIN            ; MANUAL         ; Untyped                                                       ;
; OPTIMIZE_FOR_SPEED     ; 5              ; Untyped                                                       ;
; AUTO_CARRY_CHAINS      ; ON             ; AUTO_CARRY                                                    ;
; IGNORE_CARRY_BUFFERS   ; OFF            ; IGNORE_CARRY                                                  ;
; AUTO_CASCADE_CHAINS    ; ON             ; AUTO_CASCADE                                                  ;
; IGNORE_CASCADE_BUFFERS ; OFF            ; IGNORE_CASCADE                                                ;
+------------------------+----------------+---------------------------------------------------------------+
Note: In order to hide this table in the UI and the text report file, please set the "Show Parameter Settings in Synthesis Report" option in "Analysis and Synthesis Settings -> More Settings" to "Off".


+---------------------------------------------------------------------------------------------------------+
; Parameter Settings for Inferred Entity Instance: data_to_text_dht:data_to_text_dht_inst|lpm_divide:Div1 ;
+------------------------+----------------+---------------------------------------------------------------+
; Parameter Name         ; Value          ; Type                                                          ;
+------------------------+----------------+---------------------------------------------------------------+
; LPM_WIDTHN             ; 7              ; Untyped                                                       ;
; LPM_WIDTHD             ; 4              ; Untyped                                                       ;
; LPM_NREPRESENTATION    ; UNSIGNED       ; Untyped                                                       ;
; LPM_DREPRESENTATION    ; UNSIGNED       ; Untyped                                                       ;
; LPM_PIPELINE           ; 0              ; Untyped                                                       ;
; LPM_REMAINDERPOSITIVE  ; TRUE           ; Untyped                                                       ;
; MAXIMIZE_SPEED         ; 5              ; Untyped                                                       ;
; CBXI_PARAMETER         ; lpm_divide_8sl ; Untyped                                                       ;
; CARRY_CHAIN            ; MANUAL         ; Untyped                                                       ;
; OPTIMIZE_FOR_SPEED     ; 5              ; Untyped                                                       ;
; AUTO_CARRY_CHAINS      ; ON             ; AUTO_CARRY                                                    ;
; IGNORE_CARRY_BUFFERS   ; OFF            ; IGNORE_CARRY                                                  ;
; AUTO_CASCADE_CHAINS    ; ON             ; AUTO_CASCADE                                                  ;
; IGNORE_CASCADE_BUFFERS ; OFF            ; IGNORE_CASCADE                                                ;
+------------------------+----------------+---------------------------------------------------------------+
Note: In order to hide this table in the UI and the text report file, please set the "Show Parameter Settings in Synthesis Report" option in "Analysis and Synthesis Settings -> More Settings" to "Off".


+---------------------------------------------------------------------------------------------------------+
; Parameter Settings for Inferred Entity Instance: data_to_text_dht:data_to_text_dht_inst|lpm_divide:Mod1 ;
+------------------------+----------------+---------------------------------------------------------------+
; Parameter Name         ; Value          ; Type                                                          ;
+------------------------+----------------+---------------------------------------------------------------+
; LPM_WIDTHN             ; 7              ; Untyped                                                       ;
; LPM_WIDTHD             ; 7              ; Untyped                                                       ;
; LPM_NREPRESENTATION    ; UNSIGNED       ; Untyped                                                       ;
; LPM_DREPRESENTATION    ; UNSIGNED       ; Untyped                                                       ;
; LPM_PIPELINE           ; 0              ; Untyped                                                       ;
; LPM_REMAINDERPOSITIVE  ; TRUE           ; Untyped                                                       ;
; MAXIMIZE_SPEED         ; 5              ; Untyped                                                       ;
; CBXI_PARAMETER         ; lpm_divide_ekl ; Untyped                                                       ;
; CARRY_CHAIN            ; MANUAL         ; Untyped                                                       ;
; OPTIMIZE_FOR_SPEED     ; 5              ; Untyped                                                       ;
; AUTO_CARRY_CHAINS      ; ON             ; AUTO_CARRY                                                    ;
; IGNORE_CARRY_BUFFERS   ; OFF            ; IGNORE_CARRY                                                  ;
; AUTO_CASCADE_CHAINS    ; ON             ; AUTO_CASCADE                                                  ;
; IGNORE_CASCADE_BUFFERS ; OFF            ; IGNORE_CASCADE                                                ;
+------------------------+----------------+---------------------------------------------------------------+
Note: In order to hide this table in the UI and the text report file, please set the "Show Parameter Settings in Synthesis Report" option in "Analysis and Synthesis Settings -> More Settings" to "Off".


+----------------------------------------------------------------------------------+
; altpll Parameter Settings by Entity Instance                                     ;
+-------------------------------+--------------------------------------------------+
; Name                          ; Value                                            ;
+-------------------------------+--------------------------------------------------+
; Number of entity instances    ; 2                                                ;
; Entity Instance               ; pll_25MHz:pll_25MHz_inst|altpll:altpll_component ;
;     -- OPERATION_MODE         ; NORMAL                                           ;
;     -- PLL_TYPE               ; AUTO                                             ;
;     -- PRIMARY_CLOCK          ; INCLK0                                           ;
;     -- INCLK0_INPUT_FREQUENCY ; 20000                                            ;
;     -- INCLK1_INPUT_FREQUENCY ; 0                                                ;
;     -- VCO_MULTIPLY_BY        ; 0                                                ;
;     -- VCO_DIVIDE_BY          ; 0                                                ;
; Entity Instance               ; pll_1MHz:pll_inst|altpll:altpll_component        ;
;     -- OPERATION_MODE         ; NORMAL                                           ;
;     -- PLL_TYPE               ; AUTO                                             ;
;     -- PRIMARY_CLOCK          ; INCLK0                                           ;
;     -- INCLK0_INPUT_FREQUENCY ; 20000                                            ;
;     -- INCLK1_INPUT_FREQUENCY ; 0                                                ;
;     -- VCO_MULTIPLY_BY        ; 0                                                ;
;     -- VCO_DIVIDE_BY          ; 0                                                ;
+-------------------------------+--------------------------------------------------+


+---------------------------------------------------------------------------------------------+
; lpm_mult Parameter Settings by Entity Instance                                              ;
+---------------------------------------+-----------------------------------------------------+
; Name                                  ; Value                                               ;
+---------------------------------------+-----------------------------------------------------+
; Number of entity instances            ; 1                                                   ;
; Entity Instance                       ; data_to_text_ds:data_to_text_ds_inst|lpm_mult:Mult0 ;
;     -- LPM_WIDTHA                     ; 4                                                   ;
;     -- LPM_WIDTHB                     ; 10                                                  ;
;     -- LPM_WIDTHP                     ; 14                                                  ;
;     -- LPM_REPRESENTATION             ; UNSIGNED                                            ;
;     -- INPUT_A_IS_CONSTANT            ; NO                                                  ;
;     -- INPUT_B_IS_CONSTANT            ; YES                                                 ;
;     -- USE_EAB                        ; OFF                                                 ;
;     -- DEDICATED_MULTIPLIER_CIRCUITRY ; AUTO                                                ;
;     -- INPUT_A_FIXED_VALUE            ; Bx                                                  ;
;     -- INPUT_B_FIXED_VALUE            ; Bx                                                  ;
+---------------------------------------+-----------------------------------------------------+


+------------------------------------------------------------------------------------------------------------------+
; Port Connectivity Checks: "vga_controller:vga_controller_inst|counter:v_citac"                                   ;
+--------+--------+----------+-------------------------------------------------------------------------------------+
; Port   ; Type   ; Severity ; Details                                                                             ;
+--------+--------+----------+-------------------------------------------------------------------------------------+
; prenos ; Output ; Info     ; Connected to dangling logic. Logic that only feeds a dangling port will be removed. ;
+--------+--------+----------+-------------------------------------------------------------------------------------+


+-----------------------------------------------------+
; Post-Synthesis Netlist Statistics for Top Partition ;
+-----------------------+-----------------------------+
; Type                  ; Count                       ;
+-----------------------+-----------------------------+
; boundary_port         ; 18                          ;
; cycloneiii_ff         ; 3420                        ;
;     ENA               ; 3174                        ;
;     ENA SCLR          ; 25                          ;
;     ENA SLD           ; 2                           ;
;     SCLR              ; 76                          ;
;     SLD               ; 2                           ;
;     plain             ; 141                         ;
; cycloneiii_io_obuf    ; 2                           ;
; cycloneiii_lcell_comb ; 4271                        ;
;     arith             ; 393                         ;
;         2 data inputs ; 173                         ;
;         3 data inputs ; 220                         ;
;     normal            ; 3878                        ;
;         0 data inputs ; 36                          ;
;         1 data inputs ; 12                          ;
;         2 data inputs ; 837                         ;
;         3 data inputs ; 135                         ;
;         4 data inputs ; 2858                        ;
; cycloneiii_pll        ; 2                           ;
;                       ;                             ;
; Max LUT depth         ; 24.70                       ;
; Average LUT depth     ; 15.89                       ;
+-----------------------+-----------------------------+


+-------------------------------+
; Elapsed Time Per Partition    ;
+----------------+--------------+
; Partition Name ; Elapsed Time ;
+----------------+--------------+
; Top            ; 00:00:36     ;
+----------------+--------------+


+-------------------------------+
; Analysis & Synthesis Messages ;
+-------------------------------+
Info: *******************************************************************
Info: Running Quartus Prime Analysis & Synthesis
    Info: Version 17.1.0 Build 590 10/25/2017 SJ Lite Edition
    Info: Processing started: Mon Jan 12 12:02:34 2026
Info: Command: quartus_map --read_settings_files=on --write_settings_files=off BP -c BP
Warning (18236): Number of processors has not been specified which may cause overloading on shared machines.  Set the global assignment NUM_PARALLEL_PROCESSORS in your QSF to an appropriate value for best performance.
Info (20030): Parallel compilation is enabled and will use 16 of the 16 processors detected
Info (12021): Found 2 design units, including 1 entities, in source file bp.vhd
    Info (12022): Found design unit 1: BP-Behavioral File: C:/cvut/Bakalarka/Quartus_Projekt_BP/BP.vhd Line: 15
    Info (12023): Found entity 1: BP File: C:/cvut/Bakalarka/Quartus_Projekt_BP/BP.vhd Line: 5
Info (12021): Found 2 design units, including 1 entities, in source file vga_controller.vhd
    Info (12022): Found design unit 1: vga_controller-Behavioral File: C:/cvut/Bakalarka/Quartus_Projekt_BP/vga_controller.vhd Line: 15
    Info (12023): Found entity 1: vga_controller File: C:/cvut/Bakalarka/Quartus_Projekt_BP/vga_controller.vhd Line: 5
Info (12021): Found 2 design units, including 1 entities, in source file rom.vhd
    Info (12022): Found design unit 1: rom-Behavioral File: C:/cvut/Bakalarka/Quartus_Projekt_BP/rom.vhd Line: 16
    Info (12023): Found entity 1: rom File: C:/cvut/Bakalarka/Quartus_Projekt_BP/rom.vhd Line: 5
Info (12021): Found 2 design units, including 1 entities, in source file data_to_text_dht.vhd
    Info (12022): Found design unit 1: data_to_text_dht-Behavioral File: C:/cvut/Bakalarka/Quartus_Projekt_BP/data_to_text_dht.vhd Line: 15
    Info (12023): Found entity 1: data_to_text_dht File: C:/cvut/Bakalarka/Quartus_Projekt_BP/data_to_text_dht.vhd Line: 5
Info (12021): Found 2 design units, including 1 entities, in source file data_to_text_ds.vhd
    Info (12022): Found design unit 1: data_to_text_ds-Behavioral File: C:/cvut/Bakalarka/Quartus_Projekt_BP/data_to_text_ds.vhd Line: 14
    Info (12023): Found entity 1: data_to_text_ds File: C:/cvut/Bakalarka/Quartus_Projekt_BP/data_to_text_ds.vhd Line: 5
Info (12021): Found 2 design units, including 1 entities, in source file synch_reg_dht.vhd
    Info (12022): Found design unit 1: synch_reg_dht-Behavioral File: C:/cvut/Bakalarka/Quartus_Projekt_BP/synch_reg_dht.vhd Line: 13
    Info (12023): Found entity 1: synch_reg_dht File: C:/cvut/Bakalarka/Quartus_Projekt_BP/synch_reg_dht.vhd Line: 5
Info (12021): Found 2 design units, including 1 entities, in source file synch_reg_ds.vhd
    Info (12022): Found design unit 1: synch_reg_ds-Behavioral File: C:/cvut/Bakalarka/Quartus_Projekt_BP/synch_reg_ds.vhd Line: 13
    Info (12023): Found entity 1: synch_reg_ds File: C:/cvut/Bakalarka/Quartus_Projekt_BP/synch_reg_ds.vhd Line: 5
Info (12021): Found 2 design units, including 1 entities, in source file dht11_controller.vhd
    Info (12022): Found design unit 1: dht11_controller-Behavioral File: C:/cvut/Bakalarka/Quartus_Projekt_BP/dht11_controller.vhd Line: 15
    Info (12023): Found entity 1: dht11_controller File: C:/cvut/Bakalarka/Quartus_Projekt_BP/dht11_controller.vhd Line: 7
Info (12021): Found 2 design units, including 1 entities, in source file ds18b20_controller.vhd
    Info (12022): Found design unit 1: ds18b20_controller-Behavioral File: C:/cvut/Bakalarka/Quartus_Projekt_BP/ds18b20_controller.vhd Line: 13
    Info (12023): Found entity 1: ds18b20_controller File: C:/cvut/Bakalarka/Quartus_Projekt_BP/ds18b20_controller.vhd Line: 5
Info (12021): Found 2 design units, including 1 entities, in source file pll_1mhz.vhd
    Info (12022): Found design unit 1: pll_1mhz-SYN File: C:/cvut/Bakalarka/Quartus_Projekt_BP/pll_1MHz.vhd Line: 52
    Info (12023): Found entity 1: pll_1MHz File: C:/cvut/Bakalarka/Quartus_Projekt_BP/pll_1MHz.vhd Line: 43
Info (12021): Found 2 design units, including 1 entities, in source file pll_25mhz.vhd
    Info (12022): Found design unit 1: pll_25mhz-SYN File: C:/cvut/Bakalarka/Quartus_Projekt_BP/pll_25MHz.vhd Line: 52
    Info (12023): Found entity 1: pll_25MHz File: C:/cvut/Bakalarka/Quartus_Projekt_BP/pll_25MHz.vhd Line: 43
Info (12021): Found 2 design units, including 1 entities, in source file counter.vhd
    Info (12022): Found design unit 1: counter-Behavioral File: C:/cvut/Bakalarka/Quartus_Projekt_BP/counter.vhd Line: 13
    Info (12023): Found entity 1: counter File: C:/cvut/Bakalarka/Quartus_Projekt_BP/counter.vhd Line: 5
Info (12127): Elaborating entity "BP" for the top level hierarchy
Info (12128): Elaborating entity "vga_controller" for hierarchy "vga_controller:vga_controller_inst" File: C:/cvut/Bakalarka/Quartus_Projekt_BP/BP.vhd Line: 193
Info (12128): Elaborating entity "counter" for hierarchy "vga_controller:vga_controller_inst|counter:h_citac" File: C:/cvut/Bakalarka/Quartus_Projekt_BP/vga_controller.vhd Line: 48
Info (12128): Elaborating entity "counter" for hierarchy "vga_controller:vga_controller_inst|counter:v_citac" File: C:/cvut/Bakalarka/Quartus_Projekt_BP/vga_controller.vhd Line: 56
Info (12128): Elaborating entity "pll_25MHz" for hierarchy "pll_25MHz:pll_25MHz_inst" File: C:/cvut/Bakalarka/Quartus_Projekt_BP/BP.vhd Line: 205
Info (12128): Elaborating entity "altpll" for hierarchy "pll_25MHz:pll_25MHz_inst|altpll:altpll_component" File: C:/cvut/Bakalarka/Quartus_Projekt_BP/pll_25MHz.vhd Line: 134
Info (12130): Elaborated megafunction instantiation "pll_25MHz:pll_25MHz_inst|altpll:altpll_component" File: C:/cvut/Bakalarka/Quartus_Projekt_BP/pll_25MHz.vhd Line: 134
Info (12133): Instantiated megafunction "pll_25MHz:pll_25MHz_inst|altpll:altpll_component" with the following parameter: File: C:/cvut/Bakalarka/Quartus_Projekt_BP/pll_25MHz.vhd Line: 134
    Info (12134): Parameter "bandwidth_type" = "AUTO"
    Info (12134): Parameter "clk0_divide_by" = "2"
    Info (12134): Parameter "clk0_duty_cycle" = "50"
    Info (12134): Parameter "clk0_multiply_by" = "1"
    Info (12134): Parameter "clk0_phase_shift" = "0"
    Info (12134): Parameter "compensate_clock" = "CLK0"
    Info (12134): Parameter "inclk0_input_frequency" = "20000"
    Info (12134): Parameter "intended_device_family" = "MAX 10"
    Info (12134): Parameter "lpm_hint" = "CBX_MODULE_PREFIX=pll_25MHz"
    Info (12134): Parameter "lpm_type" = "altpll"
    Info (12134): Parameter "operation_mode" = "NORMAL"
    Info (12134): Parameter "pll_type" = "AUTO"
    Info (12134): Parameter "port_activeclock" = "PORT_UNUSED"
    Info (12134): Parameter "port_areset" = "PORT_UNUSED"
    Info (12134): Parameter "port_clkbad0" = "PORT_UNUSED"
    Info (12134): Parameter "port_clkbad1" = "PORT_UNUSED"
    Info (12134): Parameter "port_clkloss" = "PORT_UNUSED"
    Info (12134): Parameter "port_clkswitch" = "PORT_UNUSED"
    Info (12134): Parameter "port_configupdate" = "PORT_UNUSED"
    Info (12134): Parameter "port_fbin" = "PORT_UNUSED"
    Info (12134): Parameter "port_inclk0" = "PORT_USED"
    Info (12134): Parameter "port_inclk1" = "PORT_UNUSED"
    Info (12134): Parameter "port_locked" = "PORT_UNUSED"
    Info (12134): Parameter "port_pfdena" = "PORT_UNUSED"
    Info (12134): Parameter "port_phasecounterselect" = "PORT_UNUSED"
    Info (12134): Parameter "port_phasedone" = "PORT_UNUSED"
    Info (12134): Parameter "port_phasestep" = "PORT_UNUSED"
    Info (12134): Parameter "port_phaseupdown" = "PORT_UNUSED"
    Info (12134): Parameter "port_pllena" = "PORT_UNUSED"
    Info (12134): Parameter "port_scanaclr" = "PORT_UNUSED"
    Info (12134): Parameter "port_scanclk" = "PORT_UNUSED"
    Info (12134): Parameter "port_scanclkena" = "PORT_UNUSED"
    Info (12134): Parameter "port_scandata" = "PORT_UNUSED"
    Info (12134): Parameter "port_scandataout" = "PORT_UNUSED"
    Info (12134): Parameter "port_scandone" = "PORT_UNUSED"
    Info (12134): Parameter "port_scanread" = "PORT_UNUSED"
    Info (12134): Parameter "port_scanwrite" = "PORT_UNUSED"
    Info (12134): Parameter "port_clk0" = "PORT_USED"
    Info (12134): Parameter "port_clk1" = "PORT_UNUSED"
    Info (12134): Parameter "port_clk2" = "PORT_UNUSED"
    Info (12134): Parameter "port_clk3" = "PORT_UNUSED"
    Info (12134): Parameter "port_clk4" = "PORT_UNUSED"
    Info (12134): Parameter "port_clk5" = "PORT_UNUSED"
    Info (12134): Parameter "port_clkena0" = "PORT_UNUSED"
    Info (12134): Parameter "port_clkena1" = "PORT_UNUSED"
    Info (12134): Parameter "port_clkena2" = "PORT_UNUSED"
    Info (12134): Parameter "port_clkena3" = "PORT_UNUSED"
    Info (12134): Parameter "port_clkena4" = "PORT_UNUSED"
    Info (12134): Parameter "port_clkena5" = "PORT_UNUSED"
    Info (12134): Parameter "port_extclk0" = "PORT_UNUSED"
    Info (12134): Parameter "port_extclk1" = "PORT_UNUSED"
    Info (12134): Parameter "port_extclk2" = "PORT_UNUSED"
    Info (12134): Parameter "port_extclk3" = "PORT_UNUSED"
    Info (12134): Parameter "width_clock" = "5"
Info (12021): Found 1 design units, including 1 entities, in source file db/pll_25mhz_altpll.v
    Info (12023): Found entity 1: pll_25MHz_altpll File: C:/cvut/Bakalarka/Quartus_Projekt_BP/db/pll_25mhz_altpll.v Line: 29
Info (12128): Elaborating entity "pll_25MHz_altpll" for hierarchy "pll_25MHz:pll_25MHz_inst|altpll:altpll_component|pll_25MHz_altpll:auto_generated" File: c:/intelfpga_lite/17.1/quartus/libraries/megafunctions/altpll.tdf Line: 897
Info (12128): Elaborating entity "pll_1MHz" for hierarchy "pll_1MHz:pll_inst" File: C:/cvut/Bakalarka/Quartus_Projekt_BP/BP.vhd Line: 211
Info (12128): Elaborating entity "altpll" for hierarchy "pll_1MHz:pll_inst|altpll:altpll_component" File: C:/cvut/Bakalarka/Quartus_Projekt_BP/pll_1MHz.vhd Line: 134
Info (12130): Elaborated megafunction instantiation "pll_1MHz:pll_inst|altpll:altpll_component" File: C:/cvut/Bakalarka/Quartus_Projekt_BP/pll_1MHz.vhd Line: 134
Info (12133): Instantiated megafunction "pll_1MHz:pll_inst|altpll:altpll_component" with the following parameter: File: C:/cvut/Bakalarka/Quartus_Projekt_BP/pll_1MHz.vhd Line: 134
    Info (12134): Parameter "bandwidth_type" = "AUTO"
    Info (12134): Parameter "clk0_divide_by" = "50"
    Info (12134): Parameter "clk0_duty_cycle" = "50"
    Info (12134): Parameter "clk0_multiply_by" = "1"
    Info (12134): Parameter "clk0_phase_shift" = "0"
    Info (12134): Parameter "compensate_clock" = "CLK0"
    Info (12134): Parameter "inclk0_input_frequency" = "20000"
    Info (12134): Parameter "intended_device_family" = "MAX 10"
    Info (12134): Parameter "lpm_hint" = "CBX_MODULE_PREFIX=pll_1MHz"
    Info (12134): Parameter "lpm_type" = "altpll"
    Info (12134): Parameter "operation_mode" = "NORMAL"
    Info (12134): Parameter "pll_type" = "AUTO"
    Info (12134): Parameter "port_activeclock" = "PORT_UNUSED"
    Info (12134): Parameter "port_areset" = "PORT_UNUSED"
    Info (12134): Parameter "port_clkbad0" = "PORT_UNUSED"
    Info (12134): Parameter "port_clkbad1" = "PORT_UNUSED"
    Info (12134): Parameter "port_clkloss" = "PORT_UNUSED"
    Info (12134): Parameter "port_clkswitch" = "PORT_UNUSED"
    Info (12134): Parameter "port_configupdate" = "PORT_UNUSED"
    Info (12134): Parameter "port_fbin" = "PORT_UNUSED"
    Info (12134): Parameter "port_inclk0" = "PORT_USED"
    Info (12134): Parameter "port_inclk1" = "PORT_UNUSED"
    Info (12134): Parameter "port_locked" = "PORT_UNUSED"
    Info (12134): Parameter "port_pfdena" = "PORT_UNUSED"
    Info (12134): Parameter "port_phasecounterselect" = "PORT_UNUSED"
    Info (12134): Parameter "port_phasedone" = "PORT_UNUSED"
    Info (12134): Parameter "port_phasestep" = "PORT_UNUSED"
    Info (12134): Parameter "port_phaseupdown" = "PORT_UNUSED"
    Info (12134): Parameter "port_pllena" = "PORT_UNUSED"
    Info (12134): Parameter "port_scanaclr" = "PORT_UNUSED"
    Info (12134): Parameter "port_scanclk" = "PORT_UNUSED"
    Info (12134): Parameter "port_scanclkena" = "PORT_UNUSED"
    Info (12134): Parameter "port_scandata" = "PORT_UNUSED"
    Info (12134): Parameter "port_scandataout" = "PORT_UNUSED"
    Info (12134): Parameter "port_scandone" = "PORT_UNUSED"
    Info (12134): Parameter "port_scanread" = "PORT_UNUSED"
    Info (12134): Parameter "port_scanwrite" = "PORT_UNUSED"
    Info (12134): Parameter "port_clk0" = "PORT_USED"
    Info (12134): Parameter "port_clk1" = "PORT_UNUSED"
    Info (12134): Parameter "port_clk2" = "PORT_UNUSED"
    Info (12134): Parameter "port_clk3" = "PORT_UNUSED"
    Info (12134): Parameter "port_clk4" = "PORT_UNUSED"
    Info (12134): Parameter "port_clk5" = "PORT_UNUSED"
    Info (12134): Parameter "port_clkena0" = "PORT_UNUSED"
    Info (12134): Parameter "port_clkena1" = "PORT_UNUSED"
    Info (12134): Parameter "port_clkena2" = "PORT_UNUSED"
    Info (12134): Parameter "port_clkena3" = "PORT_UNUSED"
    Info (12134): Parameter "port_clkena4" = "PORT_UNUSED"
    Info (12134): Parameter "port_clkena5" = "PORT_UNUSED"
    Info (12134): Parameter "port_extclk0" = "PORT_UNUSED"
    Info (12134): Parameter "port_extclk1" = "PORT_UNUSED"
    Info (12134): Parameter "port_extclk2" = "PORT_UNUSED"
    Info (12134): Parameter "port_extclk3" = "PORT_UNUSED"
    Info (12134): Parameter "width_clock" = "5"
Info (12021): Found 1 design units, including 1 entities, in source file db/pll_1mhz_altpll.v
    Info (12023): Found entity 1: pll_1MHz_altpll File: C:/cvut/Bakalarka/Quartus_Projekt_BP/db/pll_1mhz_altpll.v Line: 29
Info (12128): Elaborating entity "pll_1MHz_altpll" for hierarchy "pll_1MHz:pll_inst|altpll:altpll_component|pll_1MHz_altpll:auto_generated" File: c:/intelfpga_lite/17.1/quartus/libraries/megafunctions/altpll.tdf Line: 897
Info (12128): Elaborating entity "rom" for hierarchy "rom:rom_inst" File: C:/cvut/Bakalarka/Quartus_Projekt_BP/BP.vhd Line: 218
Warning (10540): VHDL Signal Declaration warning at rom.vhd(18): used explicit default value for signal "rom" because signal was never assigned a value File: C:/cvut/Bakalarka/Quartus_Projekt_BP/rom.vhd Line: 18
Info (12128): Elaborating entity "data_to_text_ds" for hierarchy "data_to_text_ds:data_to_text_ds_inst" File: C:/cvut/Bakalarka/Quartus_Projekt_BP/BP.vhd Line: 229
Info (12128): Elaborating entity "synch_reg_ds" for hierarchy "synch_reg_ds:synch_reg_ds_inst" File: C:/cvut/Bakalarka/Quartus_Projekt_BP/BP.vhd Line: 237
Info (12128): Elaborating entity "data_to_text_dht" for hierarchy "data_to_text_dht:data_to_text_dht_inst" File: C:/cvut/Bakalarka/Quartus_Projekt_BP/BP.vhd Line: 248
Info (12128): Elaborating entity "synch_reg_dht" for hierarchy "synch_reg_dht:synch_reg_dht_inst" File: C:/cvut/Bakalarka/Quartus_Projekt_BP/BP.vhd Line: 258
Info (12128): Elaborating entity "dht11_controller" for hierarchy "dht11_controller:dht11_inst" File: C:/cvut/Bakalarka/Quartus_Projekt_BP/BP.vhd Line: 272
Info (12128): Elaborating entity "ds18b20_controller" for hierarchy "ds18b20_controller:ds18b20_inst" File: C:/cvut/Bakalarka/Quartus_Projekt_BP/BP.vhd Line: 282
Info (278001): Inferred 10 megafunctions from design logic
    Info (278004): Inferred divider/modulo megafunction ("lpm_divide") from the following logic: "data_to_text_ds:data_to_text_ds_inst|Div1" File: C:/cvut/Bakalarka/Quartus_Projekt_BP/data_to_text_ds.vhd Line: 97
    Info (278004): Inferred divider/modulo megafunction ("lpm_divide") from the following logic: "data_to_text_ds:data_to_text_ds_inst|Mod0" File: C:/cvut/Bakalarka/Quartus_Projekt_BP/data_to_text_ds.vhd Line: 98
    Info (278003): Inferred multiplier megafunction ("lpm_mult") from the following logic: "data_to_text_ds:data_to_text_ds_inst|Mult0" File: C:/cvut/Bakalarka/Quartus_Projekt_BP/data_to_text_ds.vhd Line: 95
    Info (278004): Inferred divider/modulo megafunction ("lpm_divide") from the following logic: "data_to_text_ds:data_to_text_ds_inst|Div0" File: C:/cvut/Bakalarka/Quartus_Projekt_BP/data_to_text_ds.vhd Line: 95
    Info (278004): Inferred divider/modulo megafunction ("lpm_divide") from the following logic: "data_to_text_ds:data_to_text_ds_inst|Div2" File: C:/cvut/Bakalarka/Quartus_Projekt_BP/data_to_text_ds.vhd Line: 99
    Info (278004): Inferred divider/modulo megafunction ("lpm_divide") from the following logic: "data_to_text_ds:data_to_text_ds_inst|Mod1" File: C:/cvut/Bakalarka/Quartus_Projekt_BP/data_to_text_ds.vhd Line: 100
    Info (278004): Inferred divider/modulo megafunction ("lpm_divide") from the following logic: "data_to_text_dht:data_to_text_dht_inst|Div0" File: C:/cvut/Bakalarka/Quartus_Projekt_BP/data_to_text_dht.vhd Line: 92
    Info (278004): Inferred divider/modulo megafunction ("lpm_divide") from the following logic: "data_to_text_dht:data_to_text_dht_inst|Mod0" File: C:/cvut/Bakalarka/Quartus_Projekt_BP/data_to_text_dht.vhd Line: 93
    Info (278004): Inferred divider/modulo megafunction ("lpm_divide") from the following logic: "data_to_text_dht:data_to_text_dht_inst|Div1" File: C:/cvut/Bakalarka/Quartus_Projekt_BP/data_to_text_dht.vhd Line: 95
    Info (278004): Inferred divider/modulo megafunction ("lpm_divide") from the following logic: "data_to_text_dht:data_to_text_dht_inst|Mod1" File: C:/cvut/Bakalarka/Quartus_Projekt_BP/data_to_text_dht.vhd Line: 96
Info (12130): Elaborated megafunction instantiation "data_to_text_ds:data_to_text_ds_inst|lpm_divide:Div1" File: C:/cvut/Bakalarka/Quartus_Projekt_BP/data_to_text_ds.vhd Line: 97
Info (12133): Instantiated megafunction "data_to_text_ds:data_to_text_ds_inst|lpm_divide:Div1" with the following parameter: File: C:/cvut/Bakalarka/Quartus_Projekt_BP/data_to_text_ds.vhd Line: 97
    Info (12134): Parameter "LPM_WIDTHN" = "6"
    Info (12134): Parameter "LPM_WIDTHD" = "4"
    Info (12134): Parameter "LPM_NREPRESENTATION" = "UNSIGNED"
    Info (12134): Parameter "LPM_DREPRESENTATION" = "UNSIGNED"
Info (12021): Found 1 design units, including 1 entities, in source file db/lpm_divide_7sl.tdf
    Info (12023): Found entity 1: lpm_divide_7sl File: C:/cvut/Bakalarka/Quartus_Projekt_BP/db/lpm_divide_7sl.tdf Line: 24
Info (12021): Found 1 design units, including 1 entities, in source file db/sign_div_unsign_9kh.tdf
    Info (12023): Found entity 1: sign_div_unsign_9kh File: C:/cvut/Bakalarka/Quartus_Projekt_BP/db/sign_div_unsign_9kh.tdf Line: 24
Info (12021): Found 1 design units, including 1 entities, in source file db/alt_u_div_see.tdf
    Info (12023): Found entity 1: alt_u_div_see File: C:/cvut/Bakalarka/Quartus_Projekt_BP/db/alt_u_div_see.tdf Line: 26
Info (12021): Found 1 design units, including 1 entities, in source file db/add_sub_t3c.tdf
    Info (12023): Found entity 1: add_sub_t3c File: C:/cvut/Bakalarka/Quartus_Projekt_BP/db/add_sub_t3c.tdf Line: 22
Info (12021): Found 1 design units, including 1 entities, in source file db/add_sub_u3c.tdf
    Info (12023): Found entity 1: add_sub_u3c File: C:/cvut/Bakalarka/Quartus_Projekt_BP/db/add_sub_u3c.tdf Line: 22
Info (12130): Elaborated megafunction instantiation "data_to_text_ds:data_to_text_ds_inst|lpm_divide:Mod0" File: C:/cvut/Bakalarka/Quartus_Projekt_BP/data_to_text_ds.vhd Line: 98
Info (12133): Instantiated megafunction "data_to_text_ds:data_to_text_ds_inst|lpm_divide:Mod0" with the following parameter: File: C:/cvut/Bakalarka/Quartus_Projekt_BP/data_to_text_ds.vhd Line: 98
    Info (12134): Parameter "LPM_WIDTHN" = "6"
    Info (12134): Parameter "LPM_WIDTHD" = "6"
    Info (12134): Parameter "LPM_NREPRESENTATION" = "UNSIGNED"
    Info (12134): Parameter "LPM_DREPRESENTATION" = "UNSIGNED"
Info (12021): Found 1 design units, including 1 entities, in source file db/lpm_divide_ckl.tdf
    Info (12023): Found entity 1: lpm_divide_ckl File: C:/cvut/Bakalarka/Quartus_Projekt_BP/db/lpm_divide_ckl.tdf Line: 24
Info (12021): Found 1 design units, including 1 entities, in source file db/sign_div_unsign_bkh.tdf
    Info (12023): Found entity 1: sign_div_unsign_bkh File: C:/cvut/Bakalarka/Quartus_Projekt_BP/db/sign_div_unsign_bkh.tdf Line: 24
Info (12021): Found 1 design units, including 1 entities, in source file db/alt_u_div_0fe.tdf
    Info (12023): Found entity 1: alt_u_div_0fe File: C:/cvut/Bakalarka/Quartus_Projekt_BP/db/alt_u_div_0fe.tdf Line: 26
Info (12130): Elaborated megafunction instantiation "data_to_text_ds:data_to_text_ds_inst|lpm_mult:Mult0" File: C:/cvut/Bakalarka/Quartus_Projekt_BP/data_to_text_ds.vhd Line: 95
Info (12133): Instantiated megafunction "data_to_text_ds:data_to_text_ds_inst|lpm_mult:Mult0" with the following parameter: File: C:/cvut/Bakalarka/Quartus_Projekt_BP/data_to_text_ds.vhd Line: 95
    Info (12134): Parameter "LPM_WIDTHA" = "4"
    Info (12134): Parameter "LPM_WIDTHB" = "10"
    Info (12134): Parameter "LPM_WIDTHP" = "14"
    Info (12134): Parameter "LPM_WIDTHR" = "14"
    Info (12134): Parameter "LPM_WIDTHS" = "1"
    Info (12134): Parameter "LPM_REPRESENTATION" = "UNSIGNED"
    Info (12134): Parameter "INPUT_A_IS_CONSTANT" = "NO"
    Info (12134): Parameter "INPUT_B_IS_CONSTANT" = "YES"
    Info (12134): Parameter "MAXIMIZE_SPEED" = "6"
Info (12131): Elaborated megafunction instantiation "data_to_text_ds:data_to_text_ds_inst|lpm_mult:Mult0|multcore:mult_core", which is child of megafunction instantiation "data_to_text_ds:data_to_text_ds_inst|lpm_mult:Mult0" File: c:/intelfpga_lite/17.1/quartus/libraries/megafunctions/lpm_mult.tdf Line: 308
Info (12131): Elaborated megafunction instantiation "data_to_text_ds:data_to_text_ds_inst|lpm_mult:Mult0|multcore:mult_core|mpar_add:padder", which is child of megafunction instantiation "data_to_text_ds:data_to_text_ds_inst|lpm_mult:Mult0" File: c:/intelfpga_lite/17.1/quartus/libraries/megafunctions/multcore.tdf Line: 228
Info (12131): Elaborated megafunction instantiation "data_to_text_ds:data_to_text_ds_inst|lpm_mult:Mult0|altshift:external_latency_ffs", which is child of megafunction instantiation "data_to_text_ds:data_to_text_ds_inst|lpm_mult:Mult0" File: c:/intelfpga_lite/17.1/quartus/libraries/megafunctions/lpm_mult.tdf Line: 351
Info (12130): Elaborated megafunction instantiation "data_to_text_ds:data_to_text_ds_inst|lpm_divide:Div0" File: C:/cvut/Bakalarka/Quartus_Projekt_BP/data_to_text_ds.vhd Line: 95
Info (12133): Instantiated megafunction "data_to_text_ds:data_to_text_ds_inst|lpm_divide:Div0" with the following parameter: File: C:/cvut/Bakalarka/Quartus_Projekt_BP/data_to_text_ds.vhd Line: 95
    Info (12134): Parameter "LPM_WIDTHN" = "14"
    Info (12134): Parameter "LPM_WIDTHD" = "7"
    Info (12134): Parameter "LPM_NREPRESENTATION" = "UNSIGNED"
    Info (12134): Parameter "LPM_DREPRESENTATION" = "UNSIGNED"
Info (12021): Found 1 design units, including 1 entities, in source file db/lpm_divide_ptl.tdf
    Info (12023): Found entity 1: lpm_divide_ptl File: C:/cvut/Bakalarka/Quartus_Projekt_BP/db/lpm_divide_ptl.tdf Line: 24
Info (12021): Found 1 design units, including 1 entities, in source file db/sign_div_unsign_rlh.tdf
    Info (12023): Found entity 1: sign_div_unsign_rlh File: C:/cvut/Bakalarka/Quartus_Projekt_BP/db/sign_div_unsign_rlh.tdf Line: 24
Info (12021): Found 1 design units, including 1 entities, in source file db/alt_u_div_0ie.tdf
    Info (12023): Found entity 1: alt_u_div_0ie File: C:/cvut/Bakalarka/Quartus_Projekt_BP/db/alt_u_div_0ie.tdf Line: 26
Info (12130): Elaborated megafunction instantiation "data_to_text_ds:data_to_text_ds_inst|lpm_divide:Div2" File: C:/cvut/Bakalarka/Quartus_Projekt_BP/data_to_text_ds.vhd Line: 99
Info (12133): Instantiated megafunction "data_to_text_ds:data_to_text_ds_inst|lpm_divide:Div2" with the following parameter: File: C:/cvut/Bakalarka/Quartus_Projekt_BP/data_to_text_ds.vhd Line: 99
    Info (12134): Parameter "LPM_WIDTHN" = "7"
    Info (12134): Parameter "LPM_WIDTHD" = "4"
    Info (12134): Parameter "LPM_NREPRESENTATION" = "UNSIGNED"
    Info (12134): Parameter "LPM_DREPRESENTATION" = "UNSIGNED"
Info (12021): Found 1 design units, including 1 entities, in source file db/lpm_divide_8sl.tdf
    Info (12023): Found entity 1: lpm_divide_8sl File: C:/cvut/Bakalarka/Quartus_Projekt_BP/db/lpm_divide_8sl.tdf Line: 24
Info (12021): Found 1 design units, including 1 entities, in source file db/sign_div_unsign_akh.tdf
    Info (12023): Found entity 1: sign_div_unsign_akh File: C:/cvut/Bakalarka/Quartus_Projekt_BP/db/sign_div_unsign_akh.tdf Line: 24
Info (12021): Found 1 design units, including 1 entities, in source file db/alt_u_div_uee.tdf
    Info (12023): Found entity 1: alt_u_div_uee File: C:/cvut/Bakalarka/Quartus_Projekt_BP/db/alt_u_div_uee.tdf Line: 26
Info (12130): Elaborated megafunction instantiation "data_to_text_ds:data_to_text_ds_inst|lpm_divide:Mod1" File: C:/cvut/Bakalarka/Quartus_Projekt_BP/data_to_text_ds.vhd Line: 100
Info (12133): Instantiated megafunction "data_to_text_ds:data_to_text_ds_inst|lpm_divide:Mod1" with the following parameter: File: C:/cvut/Bakalarka/Quartus_Projekt_BP/data_to_text_ds.vhd Line: 100
    Info (12134): Parameter "LPM_WIDTHN" = "7"
    Info (12134): Parameter "LPM_WIDTHD" = "7"
    Info (12134): Parameter "LPM_NREPRESENTATION" = "UNSIGNED"
    Info (12134): Parameter "LPM_DREPRESENTATION" = "UNSIGNED"
Info (12021): Found 1 design units, including 1 entities, in source file db/lpm_divide_ekl.tdf
    Info (12023): Found entity 1: lpm_divide_ekl File: C:/cvut/Bakalarka/Quartus_Projekt_BP/db/lpm_divide_ekl.tdf Line: 24
Info (12021): Found 1 design units, including 1 entities, in source file db/sign_div_unsign_dkh.tdf
    Info (12023): Found entity 1: sign_div_unsign_dkh File: C:/cvut/Bakalarka/Quartus_Projekt_BP/db/sign_div_unsign_dkh.tdf Line: 24
Info (12021): Found 1 design units, including 1 entities, in source file db/alt_u_div_4fe.tdf
    Info (12023): Found entity 1: alt_u_div_4fe File: C:/cvut/Bakalarka/Quartus_Projekt_BP/db/alt_u_div_4fe.tdf Line: 26
Warning (13024): Output pins are stuck at VCC or GND
    Warning (13410): Pin "G[0]" is stuck at GND File: C:/cvut/Bakalarka/Quartus_Projekt_BP/BP.vhd Line: 324
    Warning (13410): Pin "G[1]" is stuck at GND File: C:/cvut/Bakalarka/Quartus_Projekt_BP/BP.vhd Line: 324
    Warning (13410): Pin "G[2]" is stuck at GND File: C:/cvut/Bakalarka/Quartus_Projekt_BP/BP.vhd Line: 324
    Warning (13410): Pin "G[3]" is stuck at GND File: C:/cvut/Bakalarka/Quartus_Projekt_BP/BP.vhd Line: 324
Info (286030): Timing-Driven Synthesis is running
Info (16010): Generating hard_block partition "hard_block:auto_generated_inst"
    Info (16011): Adding 2 node(s), including 0 DDIO, 2 PLL, 0 transceiver and 0 LCELL
Info (21057): Implemented 7415 device resources after synthesis - the final resource count might be different
    Info (21058): Implemented 2 input pins
    Info (21059): Implemented 14 output pins
    Info (21060): Implemented 2 bidirectional pins
    Info (21061): Implemented 7395 logic cells
    Info (21065): Implemented 2 PLLs
Info: Quartus Prime Analysis & Synthesis was successful. 0 errors, 7 warnings
    Info: Peak virtual memory: 4956 megabytes
    Info: Processing ended: Mon Jan 12 12:03:39 2026
    Info: Elapsed time: 00:01:05
    Info: Total CPU time (on all processors): 00:01:30


